beːj,294
eːjʏ,956
jʏn,239
ʏnɛ,54
nɛl,345
ɛls,3505
lseː,1565
seːn,1315
ɧɑːp,594
ɑːpɑː,103
pɑːd,302
ɑːdeː,15330
ɡʉːd,2963
hɪm,632
ɪmeː,591
meːl,756
jɔr,3059
ɔrd,3911
rdeː,3567
deːn,9934
vɑːr,7335
ödeː,1401
tuːm,182
mör,303
örɕ,90
rɕeː,773
ɕeːr,872
öveː,2431
veːr,3705
jʉːp,118
ʉːpeː,52
peːt,212
ɡɵd,824
ɵds,811
ɐnd,7782
ndeː,6736
svä,738
väv,90
ävɑː,175
vɑːd,2441
vɐt,650
ɐtn,218
tneː,284
neːt,623
sɑːd,3969
»vɐ,140
vɐr,1232
ɐrd,250
jʉːs,178
ʉːs»,46
deːt,8013
ɐrt,494
så,11131
åɡ,3568
ʉːseː,885
seːt,629
ɡɔt,247
sɕɪ,500
ɕɪl,187
ɪld,305
ldeː,835
fra,3968
rå,4971
ån,5620
örk,473
rkr,83
kreː,191
reːt,983
kɐl,676
ɐlɑː,3407
lɑːd,1478
dɑːɡ,1303
hɑːn,9791
nɐt,334
ɐft,499
ftuː,146
tuːn,279
mɔr,502
ɔrɡ,514
rɡuː,270
ɡuːn,1836
för,18167
örs,2035
rst,1926
stɑː,3664
dɑːj,665
ɑːjeː,1318
jeːn,6793
mɪt,1372
fäs,270
äst,1906
steː,3076
suːm,12549
ɕɪj,84
ɪjeː,377
jeːr,4092
ɐteː,1007
teːn,3822
eːn»,471
teːt,1251
ɵnd,3469
deːr,9671
uːvɑː,311
vɑːn,120
sɕɛ,201
ɕɛd,60
ɛdeː,188
ndr,2357
drɑː,3594
»sɐ,40
sɐm,1675
ɐml,742
mleː,58
siːɡ,3493
eːleː,784
leːn,2511
tɪl,14666
sär,91
ärs,138
rsɕ,171
plɐ,605
lɐt,580
ɐts,764
tɔr,561
ɔrɑː,118
bliː,2267
liːv,2740
iːveː,1393
sʏn,684
ʏnl,6
nlɪ,131
lɪɡ,931
ɪɡt,951
ɡt»,37
ɐtɛ,102
tɛn,612
ɛns,4251
nsɐ,121
mlɪ,409
lɪn,325
ɪnj,1485
njeː,3528
hɑːv,2417
»fr,59
frɐ,576
rɐm,699
ɐmb,101
mbr,7
brɪ,224
rɪn,300
ɡrö,97
rön,131
önɧ,60
nɧɑː,281
frö,170
röb,4
öbä,4
bär,602
ärɐ,65
rɐn,562
ört,1213
rteː,365
teːr,5643
frɵ,776
rɵk,825
ɵkt,1026
ktr,36
trä,1641
räd,1143
ɛft,2906
fteː,2764
siːn,4391
iːnɑː,4013
ärɑː,1401
ɑːriː,708
ɑːvɑː,1682
sɪt,1535
på,7170
brɐ,62
rɐɡ,26
ɐɡt,498
ɡteː,9
eːrɑː,2426
rɑːs,2151
bʉːr,124
ʉːruː,95
hɑːd,3258
trɛ,394
rɛj,162
ɛjeː,417
eːlɛ,192
lɛn,235
ɪjɑː,373
ɑːreː,4127
teːk,155
eːkɕ,139
kɕeː,7056
ɕeːn,2008
ɵtm,144
tmä,12
mär,144
ärk,74
rkɑː,324
ldɑː,231
tiːd,1403
iːdeː,636
ɑːɡɑː,1813
ɡɑːr,1355
år,4251
lyːs,55
yːsɑː,38
tva,752
vå,2189
stuː,1458
tuːr,817
uːrɑː,494
stö,525
tör,572
öreː,863
åd,2446
̊dɑː,790
mɪn,235
ɪnd,429
dreː,342
ɧär,211
ärn,756
rnɔ,42
nɔr,323
ɔrn,771
rnɑː,5520
sɐt,671
deːm,5206
fjä,204
jär,992
ärd,1770
vɪm,5
leːv,2037
eːvɐ,154
vɐn,800
ɑːrɛ,278
rɛl,272
seːr,929
flyː,210
lyːj,12
yːjeː,26
få,2411
̊ɡl,127
ɡlɑː,234
lɑːr,1000
teː»,28
hɐv,45
ɐvs,237
vsj,8
sjʉː,68
jʉːr,396
ʉːreː,305
reːn,7407
heːl,1555
eːlɑː,1446
stiː,334
tiːm,14
ɪml,38
mlɑː,560
beːv,237
eːvɪ,271
vɪŋ,244
ɪŋɑː,1158
ŋɑːd,80
väl,1310
äls,699
lsɪ,299
sɪŋ,322
ɪŋn,336
ŋnɑː,729
nɑːd,1718
»vɑː,290
kts,67
tsɐ,142
ɐmɑː,843
örö,168
röɕ,110
öɕeː,189
eːdeː,3511
ɵpf,160
pfʏ,123
fʏl,242
ʏleː,82
ɑːveː,847
veːn,953
ɡlɐ,124
lɐr,342
ɐrn,4147
fɛm,254
ɛmt,252
mteː,366
bɔɧ,230
ɔɧɐ,42
ɧɐp,94
ɐps,106
psj,23
krä,105
räl,512
älj,17
ljʉː,18
vɪl,2034
eːr»,270
mɑːr,1231
ɑːrɕ,648
»la,97
lå,2897
åt,6030
ɡör,2098
örɑː,2617
män,2215
änɪ,919
nɪɧ,893
ɪɧuː,464
ɧuːr,271
ɐvb,25
vbɪ,11
bɪl,135
ɑːrɑː,3697
liːk,786
iːkɑː,925
må,3092
fɪɧ,66
ɪɧɐ,38
ɧɐr,71
veːt,1030
rör,174
ɪɧɑː,434
ɧɑːn,125
hɛn,1085
ɛneː,1655
mɑːn,2626
kvɪ,589
vɪn,1152
ɪnɑː,919
läj,485
äjeː,2208
̊deː,647
»seː,158
jɑːɡ,7448
jiːv,1989
meːd,5986
ädf,3
dfr,10
dɛt,1958
ɛtɑː,1785
ɧuːl,2883
uːleː,1082
föd,702
ödɑː,746
meːn,4870
ɐlt,2764
älɑː,366
hɑːr,5076
ɧäl,1119
dɛs,2135
ɛsɑː,1087
önɑː,68
dɑː»,47
ɔrt,2571
myːk,479
yːkɕ,854
ɕeːt,1663
ɧät,40
äteː,631
bleː,1147
eːvuː,326
fɵl,370
ɵlb,118
lbɔ,109
bɔr,1479
rdɑː,997
dɑːd,456
här,1385
ärɧ,128
rɧɑː,182
ɧɑːr,395
ɧɵn,186
vɛr,1367
ɛrk,393
viːl,643
iːlɑː,252
hɛl,664
ɛlɡ,209
lɡɑː,254
ɡɑːd,649
där,5108
ärf,948
rfö,1451
när,3059
beːr,461
eːrä,151
rät,1795
ätɛ,48
tɛl,136
rdn,125
dnɪ,275
nɪŋ,2426
iːlɕ,484
lɕeː,1567
deːs,1053
då,5050
hɛr,8062
ɛreː,6102
bɑːr,565
änʉː,453
bʉːs,92
ʉːsɕ,25
sɕeː,464
ɧʉːt,87
ʉːtiː,166
tiːt,575
iːkɕ,5833
̊tiː,258
rɛŋ,118
ɛŋn,203
fɐn,241
ɐns,5301
kɵn,1031
brʉː,194
rʉːk,148
ʉːkɑː,226
dɪm,6
ɪmɑː,159
teːɡ,181
tnɑː,203
dɑːn,2747
ɑːnɑː,609
stɔ,498
tɔf,197
ɔft,163
ɪnb,169
nbl,25
bla,105
ås,3625
̊st,904
lɪv,182
ɪvs,85
vsɐ,31
sɐn,490
neːs,960
näs,204
äsɑː,55
lɐn,3309
ɐnt,888
nteː,941
rɑːd,1887
lɵs,141
ɵst,922
stɡ,93
tɡa,102
ɡå,3104
̊rd,492
öst,755
eːrʉː,944
rʉːt,459
äriː,181
nɑːt,792
lät,834
näm,314
äml,395
mliː,322
liːj,860
iːjeː,1630
slɐ,498
lɐɡ,339
ɐɡs,159
vuːr,1361
uːruː,1209
jɵv,52
ɵvl,62
vliː,50
liːɡ,1379
iːɡɑː,2061
ɡuːd,278
uːdɑː,166
ätɑː,1300
väk,239
äks,137
ksɑː,131
iːvɛ,56
vɛt,117
ɛts,885
ɵnɧ,68
ɑːpɛ,56
pɛn,494
ɔnt,321
jɪk,811
fluː,161
luːd,484
seːd,1156
eːdɑː,1692
deːl,800
fyːr,267
yːrɑː,362
ɡreː,227
eːnɑː,1025
nɑːr,2073
heːt,1896
eːteː,990
piːs,176
iːsuː,27
suːn,2219
lyːt,66
yːteː,223
ɔmk,494
mkr,450
krɪ,613
rɪŋ,1130
ɑːviː,898
ɡɵl,399
ɵld,559
fɪn,826
ɪneː,789
ndɛ,919
bdɛ,2
dɛl,426
ɛliː,2
liːɵ,2
iːɵm,7
ɵmh,3
mhɐ,5
hɐr,95
rts,52
uːnʏ,7
nʏk,9
ʏks,22
kss,7
sst,7
uːdeː,933
jiːh,6
iːhuː,75
huːn,6087
kʉːs,18
hɪd,3
ɪdeː,37
deːɕ,3
eːɕeː,40
ɕeːl,131
lɔp,52
ɐsyː,117
syːr,201
yːriː,120
riːeː,121
iːeːn,136
frɑː,1731
rɑːt,330
tuːɡ,799
mɐn,1345
ɐneː,503
neːn,2136
uːnuː,4935
nuːm,6019
eːdɛ,523
dɛn,1705
eːvɑː,390
bjö,145
jöd,137
»ɑːv,7
frɪ,124
rɪt,53
ɧɐl,7295
rɑːv,485
död,873
dö»,30
»deː,238
ɐleː,569
jäl,449
älp,266
höv,508
veːs,94
eːs»,20
rɕɛ,73
ɕɛn,335
örd,1855
rɑːm,1586
hʉːr,710
ʉːrʉː,671
ɧɵl,1654
ɵleː,1155
̊suː,2313
eːtɑː,518
ɡɑːv,666
nɐm,775
ɐmn,841
ɑːdɑː,408
dɑːm,62
nå,2320
̊ɡuː,1855
övd,272
vdeː,168
tɵŋ,190
söm,36
ömn,36
fɐl,903
sɔm,109
ɔmn,30
mnɑː,460
hɐn,4739
rɛv,5
ɛvb,3
vbeː,7
beːn,246
ʏld,199
köt,244
bʏg,480
ʏgd,148
gdeː,136
eːneː,279
tɑːj,524
ɑːjiː,355
jiːt,378
»jɑː,416
ɛnɑː,602
miːn,3439
ɑːnɪ,6
nɪn,309
rdɛ,303
ɛnɧ,228
nɧɵ,42
övɛ,1038
ɛrj,459
rjiː,133
iːvɑː,2205
fɑːd,1115
muːd,606
hå,1283
ål,1772
̊lɑː,561
hɵs,657
str,2297
trʉː,656
uːlɑː,1985
bå,765
nɐk,156
ɐkn,108
knɑː,508
blʏ,86
lʏɡ,87
ʏɡd,215
ɡdeː,117
ɑːrɐ,257
ɔrm,208
rmeː,307
lɪs,328
ɪst,821
tiːɡ,735
nɑːn,640
»ɧɵ,14
sɐɡ,369
ɡuːt,692
svɑː,1217
»viː,113
kteː,1782
ädeː,1419
sta,1608
tå,1813
ɛleː,1632
leːr,2160
kɔm,3119
ɔmɑː,1280
ärv,474
rviː,189
viːd,3022
»ɪŋ,3
ŋɑːl,18
ɑːlɵ,51
lɵn,151
ndɑː,2422
ɛdr,908
öɡuː,606
öpn,201
pnɑː,335
nɑːs,1346
är»,65
uːneː,450
vlɪ,77
ftɛ,568
tɛr,2216
ɛrs,2061
rsuː,619
fɪk,409
̊nd,485
jäm,452
ämv,58
mvä,129
dɑːs,327
ɐrs,478
rseː,64
huːp,293
fiːk,74
iːkɔ,55
kɔn,127
ɔnl,6
nlö,27
löv,69
bɵn,355
nduː,48
hör,1904
ʏnt,193
svɐ,101
vɐl,226
ɐlk,101
lkɑː,411
kɑːs,495
ɡöm,101
ömd,93
mdeː,83
nsɪ,572
sɪk,747
ɪkt,846
blɐ,946
dʉː»,37
diːɡ,4559
örɧ,246
rɧr,233
ɧrä,260
räk,870
äkt,1389
nɑːɕ,58
ɑːɕeː,251
miːɡ,3861
iːɡ»,372
»veː,84
veːm,373
ätiː,59
örb,972
rbj,29
ɑːv»,11
»kv,4
iːviː,1054
viːt,1399
̊t»,12
rt»,43
»ɔr,1
bɛd,231
druː,459
ruːɡ,437
»ɛf,26
rbɐ,280
bɐn,304
ɐnɑː,776
diːn,3924
bʉːk,126
vsd,20
sdɑː,119
sät,593
fiːɛ,330
iːɛn,369
ɛnd,743
ndɧ,85
dɧɑː,142
mɛl,381
ɛlɑː,238
lɑːn,361
säd,230
sön,1186
önd,252
dɛr,2086
ɛrt,467
rtr,398
trɐ,414
ɐmp,137
mpɑː,125
dɪt,1063
hʉːv,518
ʉːvʉː,343
vʉːd,343
stɪ,162
tɪŋ,152
häl,151
äleː,531
̊tɑː,791
ɵts,299
tst,197
veːd,454
ɛrm,226
rmö,46
möd,90
ɑːvɐ,103
smä,554
ärt,1116
rtɑː,1011
bɐr,2369
̊tr,15
tra,126
lʏs,179
ʏsn,130
snɑː,299
rʉːs,933
bjʉː,350
jʉːd,1467
ʉːdiː,248
diːt,724
örn,659
rneː,310
tɪs,32
teːl,180
ɐnl,48
nleː,6
leːt,460
teːs,254
svɛ,45
brö,957
röd,891
vän,1247
änd,3503
̊teː,889
mneː,189
klä,526
läd,551
ɕɪn,72
äkɑː,288
tɑːɡ,842
ɪnɛ,275
nɛr,495
ɛrl,774
rliː,665
örv,419
viːs,601
iːsɑː,835
reːv,236
rʉːb,182
ʉːbɛ,117
bɛr,822
ɛrn,3172
ämt,596
jɵŋ,274
ɵŋɐ,210
ŋɐn,26
vär,1056
ɡuːr,78
vɑːk,40
ɑːkɑː,940
väj,342
kän,355
kɑːiː,103
ɑːiːn,41
föt,313
eːnuː,1036
ɛrɛ,1770
rɛn,2099
lp»,1
ɑːbeː,350
beːl,523
reːs,539
bruː,429
ruːd,400
̊rh,4
rhɛ,39
ɛrd,246
åɕ,133
̊ɕɛ,77
ɕɛr,128
rmɑː,261
hän,599
ɔfɛ,328
fɛr,333
ɛrɡ,615
rɡa,365
åv,411
̊vɑː,89
ɔks,453
ksa,426
stf,144
tfö,364
ʉːrɛ,30
fɛt,123
vreː,408
reːd,916
blɪ,174
lɪk,464
ɐrf,362
Är,155
sɪn,170
friː,385
riːm,89
iːmuː,90
uːdɪ,29
dɪɡ,535
lʉːr,20
ʉːrɑː,227
rɑːr,1294
ʏnd,794
dör,229
bör,291
neː»,36
tɑːl,1710
ɑːlɑː,1481
ʉːteː,344
ɛrf,178
föl,280
drä,333
räp,228
äpt,162
pteː,466
eːl»,73
uːdɛ,207
bluː,312
ruːp,587
uːpɑː,525
pɑːr,658
ɪfr,1163
rjɔ,79
mʉːn,244
mɔt,97
ɔtɑː,193
kɑːr,478
meːr,1624
ɔst,249
tɑːd,2304
ɑːdiː,50
flʏ,345
lʏk,479
ʏkt,339
ktiː,524
»miː,89
mɪs,414
ɪsɡ,233
sɡä,242
ɡär,745
rnɪ,641
kɑːn,1024
driː,425
riːv,527
ömɑː,223
vɛm,20
ɛmh,9
mhɛ,9
lst,269
möt,100
öteː,395
äpeː,46
peːr,176
»neː,33
neːj,242
häm,330
ämn,544
ɧʉːf,10
ʉːfɐ,11
uːm»,143
sɕʏ,325
ɕʏd,40
sla,276
ɪjä,47
buːs,103
uːsɐ,70
nuːd,16
ɑːnuː,90
nuːk,18
sɔn,212
ɔns,777
iːrɑː,120
meːh,15
eːhʉː,102
hʉːj,3
ʉːjɑː,56
jɑːeː,30
ɑːeːl,1162
meːt,123
eːtʉː,29
tʉːs,559
ʉːsɑː,830
sɑːeː,44
leːm,657
eːmeː,54
meːk,13
rʉːr,172
hɛt,231
ɛteː,186
sɪl,343
ɪlɑː,217
jɑːb,36
ɑːbɑː,133
bɑːl,106
stɐ,1129
tɐm,225
ɐmf,334
mfɑː,20
täl,1078
ält,605
ɪdk,7
dkɑː,10
psk,4
skö,18
öts,45
tseː,343
seːl,215
jʉːb,86
ʉːbɑː,20
ɐrp,109
rpɑː,38
piːp,15
iːpɑː,85
tʉːb,20
ʉːbɐ,2
bɐl,36
smeː,34
rɛd,322
ɛdɧ,22
kɔp,159
ɔpɑː,257
kɑːɪ,1
ɑːɪn,1
ɪns,280
sʏs,166
ʏst,228
nɑːɑː,54
ɑːɑːm,27
ɑːmɑː,430
»ɑːd,1
eːmɛ,44
mɛk,6
ɛks,125
sneː,22
ʏŋl,50
ŋlɪ,119
lɪŋ,408
̊nɑː,472
ɧɵt,112
ɵtiː,105
tiːuː,854
iːuːf,77
uːfɐ,77
lt»,15
»ɡʉː,27
bɛɧ,70
ɛɧä,62
vsf,25
sfr,33
rsä,57
ätn,37
tnɪ,383
nuːs,111
åk,167
̊kɐ,79
styː,316
tyːk,299
ɑːdɐ,49
dɐm,33
ɐms,289
slä,822
läk,728
hɵn,776
rɛt,427
ɛtiː,188
ɡɐm,347
mɑːl,301
lɛv,119
ɛvd,103
öneː,908
neːr,1539
döt,273
ötr,240
trɑː,743
lts,244
tsa,209
ɛvn,16
vnɐ,14
nɐd,53
ɐds,218
dsa,18
̊ld,295
niːuː,48
ärɛ,619
rɛf,587
duːɡ,125
feːm,331
sɛt,249
tɔl,260
ɔlv,175
nɪt,43
ɪtiː,91
mtuː,17
mɑːh,62
ɑːhɑː,405
hɑːl,37
lɑːl,23
ɑːleː,1017
leːl,43
fʏr,212
ʏrt,152
rtiː,194
eːnɐ,354
nɐn,178
sɛk,134
kst,165
uːfeː,610
eːreː,374
ɑːlɛ,218
lɛl,13
tiːɔ,234
iːɔt,82
ɔtv,67
eːrɛ,153
ɛds,54
ɵmɡ,20
mɡä,14
ɡän,12
änj,610
njɛ,772
jɛl,445
treː,651
ɑːnɔ,36
nɔk,3
iːɔɧ,27
ɔɧʉː,25
lɑːs,380
iːuːn,139
uːniː,226
nuːɑː,88
»dɛ,92
trö,535
rös,531
̊rt,135
ɐrb,378
rbeː,296
beːt,778
̊rɑː,384
ɑːt»,39
seːm,144
hɑːm,297
jɑːf,20
ɑːfeː,21
feːt,579
ɪɧɔ,183
ɧɔr,225
rök,102
ökɑː,300
fɐɡ,8
ɐɡr,24
ɡrɑː,837
uːɡuː,479
fɵn,299
ɵnuː,159
mɛs,46
ɛst,908
beːh,461
eːhɑː,286
hɑːɡ,192
kvɑː,396
bɛs,584
stä,1781
tän,957
ndɪ,142
dɔk,359
äruː,1137
täm,170
ämd,80
ɕʉːɡ,321
ʉːɡʉː,245
̊r»,11
ɑːsuː,223
eːra,14
jät,15
ätɐ,6
tɐr,490
fɔr,190
rnt,21
ntiː,31
iːdɛ,53
äld,622
ldiː,188
mnk,4
nkɵ,4
ɵniː,179
niːɡ,95
ɔnd,664
rtɐ,72
tɐn,690
ɵps,302
psa,28
ɐnk,240
nkɑː,301
nɐs,476
ɐst,1548
åŋ,1425
̊ŋr,37
ŋrɑː,119
drö,226
röv,266
övɑː,274
»mä,40
ɵtp,57
tpl,52
pla,177
ʏrf,54
rfuː,39
fuːt,116
uːtɐ,43
tɐj,44
ɐjʉː,26
eːm»,85
niːt,358
uːɑːs,115
ätf,546
tfä,558
fär,852
rdiː,348
rɐf,388
ɐfl,69
fliː,51
ltm,3
tmeː,60
rdä,271
rvɑː,313
̊syː,53
syːn,323
ɛsl,113
slʉː,357
lʉːt,342
ɪliː,101
ɐrk,490
ɡuːf,1
uːfɛ,33
ɪnr,84
nreː,56
kɐm,146
ɐmr,113
mrɑː,120
tryː,46
ryːk,98
rdb,29
dbɛ,5
bɛk,53
ʉːtɑː,1064
tɑːn,1514
ɐln,474
lnɑː,292
mtiː,187
breː,178
höɡ,833
pnɪ,39
ltiː,193
tiːj,264
uːvɐ,92
ntɪ,195
siːd,668
iːdɑː,989
ɛrv,143
rva,10
̊nɪ,37
ɛlɐ,4
ɐnv,69
nva,145
örɡ,568
ɵpr,144
prä,993
rbɵ,309
önɛ,69
slɑː,394
lɑːɡ,580
eːha,130
nkö,83
kön,82
hɔn,23
ɔnk,15
vsm,11
̊dɐ,255
dɐn,502
tɑːs,400
»ɡa,124
hʉːs,1929
ɪnf,936
nfö,1082
uːnɑː,307
nät,81
seːk,230
eːks,202
kuːm,1048
uːreː,448
jɪŋ,300
ɪŋuː,484
ɑːɡɐ,62
ɡɐr,164
ɵtɔ,19
tɔn,122
röt,344
ötuː,145
ʉːpɛ,8
pɛt,109
käl,77
äluː,25
luːr,169
fön,42
öns,179
nst,944
dɑːr,1273
rtɪ,300
lyːɡ,55
yːɡɐ,10
ɡɐn,56
iːtiː,71
tiːn,55
täŋ,61
äŋd,178
ŋdeː,81
kɑːd,374
lʏf,198
ʏft,203
flö,98
löt,119
öɡt,313
ɵpeː,100
öɡɑː,141
ɐlɛ,8
lɛs,21
täd,510
rtä,295
täk,185
rjeː,429
örj,255
rjɪ,23
ɪks,22
sma,138
åj,195
̊jʉː,13
mkuː,4
flä,76
ädɑː,545
rtf,60
tfuː,13
fuːr,168
änk,535
nkt,233
ɧön,146
önk,12
ɪls,515
lsl,54
slö,100
tuːs,7
ŋneː,102
ɵph,246
phö,175
veːk,71
ɐvt,23
vtɑː,10
rɐt,14
vtuː,1
ɪnt,973
iːɔn,210
rɡs,133
ɡst,74
tɔp,53
ɔpɐ,43
pɐr,127
nliː,37
kɔr,221
ɔrp,25
yːɡɑː,68
löɡ,6
ɔrk,87
kɑːt,123
dʉːv,60
ʉːvɑː,70
ɧʉːn,14
ʉːnɕ,22
nɕiː,7
ɕiːt,99
ɪlb,818
lbɑː,629
bɑːk,675
eːtä,291
änt,392
ntɑː,274
ʏtɛ,152
muːt,2196
rɪɧ,87
ɪɧt,18
uːlɪ,51
ɪvl,12
vlö,5
näb,5
tuːd,642
ksh,5
shɵ,8
rɑːf,38
ɑːfö,20
̊reː,268
tɑːɕ,83
ʉːɡɵ,68
ɡɵɧ,12
ɵɧɵ,6
ɐld,455
leːs,129
huːs,571
ltɑː,568
tɑːr,1723
ɔfr,567
brä,599
rän,987
änɔ,291
nɔf,295
ɔfeː,866
feːr,897
älb,93
lbeː,150
eːhɐ,122
hɐɡ,86
ɐɡl,150
ɡliː,127
lɵk,98
älv,804
ɧɐn,40
ɵŋd,57
ŋduː,32
duːm,830
uːmeː,165
äpɑː,234
län,551
ɧör,136
köl,8
öld,118
ärm,260
ldr,207
riːɡ,426
rɑː»,86
ktɑː,1264
äkɕ,353
kɕɛ,237
ɕɛl,327
jɪv,61
ɪvn,131
vnɑː,159
eːjeː,507
jeːt,463
ɵtk,54
tkr,37
räv,179
ɵtj,235
tjʉː,117
jʉːt,296
ɧɔb,1
ɔbl,1
kseː,100
rkɔ,64
ɔmɐ,80
ɵtr,350
truː,719
ruːt,245
uːtɑː,294
tɛk,219
ɛkn,173
kneː,300
eːviː,594
viːɡ,198
̊jeː,133
sɕyː,116
ɕyːn,45
ɕyːɑː,10
yːɑːr,65
yːneː,82
tɑːt,381
nɑːɐ,82
ɑːɐn,79
fɔl,1509
ɔlk,1519
ɵtɡ,127
tɡr,11
ɪŋa,297
ŋå,377
drɐ,148
rɐk,251
viːn,232
iːneː,128
drʉː,67
ʉːkɕ,45
blɔ,275
lɔt,318
ɑːdɛ,402
ʉːtɐ,90
ɐnf,205
ruːr,192
lsɐ,235
ɐmɐ,512
bɐk,63
ɐkl,164
jeːs,761
höl,246
öluː,177
rtv,19
tvä,102
vɐk,305
ʏŋs,22
ŋst,78
»fö,92
ɑːɑːn,43
älɐ,40
»vä,62
sɛm,19
ɛms,322
ɵtv,220
tvɪ,97
vɪj,346
buːn,215
uːnɪ,259
hʏd,104
ʏduː,83
duːr,190
äl»,16
ɑːfɛ,4
ɡuːm,39
mɑːɡ,6
ɑːɡuː,106
ɡuːɡ,47
mɑːd,70
dɑːiː,22
jɑːv,37
meːs,110
eːseː,211
tiːr,10
uːmɛ,36
mɛr,42
ɑːsɕ,17
riːf,2
iːfɑː,29
fɑːt,196
uːɡɐ,12
ɐrm,585
eːliː,1027
liːs,131
rsiː,53
siːs,76
ɕɪt,14
ɪte,7
té,325
éɛ,796
́ɛr,789
duːd,27
ɑːne,69
né,86
nbʏ,93
ʏgɐ,13
gɐr,20
hɛd,225
ɛdn,207
ɪŋɐ,309
ŋɐr,518
vsl,58
ɵtb,92
tbr,59
brɛ,184
ɵŋuː,42
ŋuːm,31
uːma,39
hɐm,112
ɪsr,2615
srɑː,2601
rɑːiː,159
ɑːiːm,157
pʉːt,12
seːb,484
eːbɑː,413
sɐb,199
ɐbt,4
btɑː,2
rɑːeː,1042
ɑːeːm,6
eːmɑː,149
bteː,2
eːkɑː,104
mɑːs,105
sɑːb,69
deːd,91
nɪm,172
ɪmr,49
mruː,9
jäɡ,7
äɡɑː,971
plä,75
läɡ,454
säɡ,875
»eːn,33
uːd»,11
riːɕ,467
iːɕeː,567
bɑːb,332
reːk,36
ɐkɑː,94
lneː,30
neːɐ,9
eːɐr,16
niːn,21
neːv,20
eːveː,207
reːh,110
eːhuː,26
huːb,16
uːbuː,10
buːt,92
uːtiː,25
lʉːd,9
ʉːde,5
dé,86
nɑːm,31
ɑːme,75
mé,98
leːh,63
hɑːb,135
ɑːbe,4
bé,6
nɐf,53
ftʉː,2
tʉːh,2
ʉːhe,4
hé,4
pɐt,8
ɐtr,58
ruːs,89
uːse,2
sé,158
kɐs,429
ɐsl,20
lʉːh,5
ɪlk,363
fiːl,310
iːlɪ,311
ste,288
kɐf,6
uːre,96
ré,132
iːduː,151
duːn,102
jeːb,108
eːbʉː,280
ʉːse,40
ɑːmuː,188
muːr,129
jɪr,9
ɪrɡ,13
rɡɑː,153
ɡɑːs,336
ɑːse,11
hiːv,25
iːve,25
vé,27
rke,2
ké,12
iːne,16
ɐrv,361
ɑːde,3
ɑːre,6
mɑːt,169
ɑːte,8
ɔmr,184
mra,146
eːmuː,483
ɑːsɑː,390
suːd,46
uːduː,232
uːmɔ,21
ɐdm,21
dmɑː,53
eːbuː,40
buːiː,6
uːiːm,13
eːsɑː,326
eːbɛ,91
lɑːm,91
ɐsʉː,33
sʉːr,75
rpɐ,23
pɐk,11
ɐks,125
hʉːl,3
eːbeː,83
peːl,271
leːɡ,38
jɔk,18
ɔkt,21
ɐlm,195
lmuː,25
leːf,5
hɑːs,241
ɑːsɐ,272
sɐr,188
mɑːv,11
ɑːduː,96
sɑːl,1259
dɪk,11
ɪkl,201
klɑː,392
uːbɑː,52
ɑːbiː,287
biːm,70
iːmɑː,32
mɑːeː,48
uːfiː,14
fiːr,58
juːb,67
ktɐ,135
ɪŋs,409
ŋsɔ,16
sɔr,181
seːf,227
eːfɑː,92
fɑːr,780
Ös,15
̈st,13
föj,576
öjd,793
fuːl,1290
uːlɕ,1290
nɑːh,77
ɑːhɐ,221
̊ɡs,15
ɡsl,12
»kuː,54
teːj,24
jeːl,228
änɑː,1461
eːt»,203
tɛɡ,4
ɛɡl,51
ɡleː,16
beːɡ,396
eːɡɐ,37
ɡɐŋ,37
ɐŋn,411
mɵr,39
ɵrb,15
rbr,171
ʏgɑː,289
spɛ,43
ɛjɛ,83
jɛs,176
ŋsp,19
spr,140
prɪ,61
rɪd,170
ɪdɑː,22
neːd,1072
ɧuːb,113
uːbɐ,130
ɪlt,94
uːmö,7
möj,21
öjl,19
jlɪ,19
rbɪ,49
bɪs,27
̊l»,1
ärɪ,287
rɪf,432
uːfyː,18
reːɡ,17
eːɡʉː,27
rʉːɡ,6
ɑːhuː,17
huːr,80
ɡʉːn,13
ʉːniː,18
ɪtuː,3
ɐbr,276
brɑː,271
rɑːn,284
luːt,55
fäd,404
ädɛ,419
rnɛ,112
nɛs,240
deːɪ,7
eːɪɧ,43
sɑːr,627
ɑːhɔ,8
hɔr,105
ɔrs,221
mɪl,46
dɔt,300
ɔteː,304
jɪɧ,3
tsɑː,84
sɑːm,406
nsuː,39
ɔnh,21
nhɵ,28
väɡ,663
ɔmuː,413
ŋnɛ,77
deː»,63
brɔ,72
rɔr,84
äɡuː,45
rvä,101
vɑːt,168
ɕän,1504
änɐ,25
nɐr,217
ɧɐf,299
ɐfɑː,336
siːɕ,112
ɕeːm,65
reːb,89
eːbɪ,36
bɪn,116
bɔd,220
ɔdeː,259
ɵpɛ,282
ɛnb,308
nbɑː,266
»Å,9
Åt,77
nd»,117
lʏt,100
ʏtɑː,104
ɡsb,107
sbʏ,120
bʏɡ,174
sluː,302
luːɡ,279
väs,170
läŋ,146
äŋr,59
ŋreː,107
sʏd,44
ʏdl,49
dlɐ,82
ɵnj,1726
jɛr,240
rsn,71
snö,126
nöd,239
pst,210
jʏp,717
ʏpt,717
sva,92
nɐl,42
ptiː,124
tiːɛ,117
iːɛr,149
vɑː»,33
rɑːuː,274
ɑːuːs,77
vdɪ,248
dɪŋ,228
ŋɑːr,1304
fɪŋ,189
priː,157
riːs,347
ndl,203
dlɑː,191
fäk,100
äkr,112
reːɑː,135
eːɑːt,109
ɑːtʉː,127
tʉːr,104
̊sn,172
snuː,60
nuːr,312
ɑːrɪ,182
ɪnuː,199
snɪ,260
kɑːm,90
ɑːmeː,151
hɛm,285
msö,157
sök,382
ökt,143
ɑːiːs,112
å»,55
beːf,405
eːfɐ,290
lnɪ,346
lɛd,61
dsɑː,25
sɑːɡ,45
äɡs,18
äɡd,52
riːk,238
ɔɧɑː,192
ɪlv,316
lveː,254
äjɛ,86
ɛrp,40
rpl,25
örʉː,169
̊nj,507
rɛs,247
ɵnɑː,588
vɪs,570
ɔts,231
psh,3
shɛ,24
eːrɪ,190
rɪs,146
ɪse,23
»iːk,31
frä,712
lɪj,194
öpeː,55
äns,612
höj,617
öjeː,288
rdɐ,96
nsl,67
eːrɐ,38
rɐl,46
ɛnr,50
nriː,11
ptɛ,358
suːɑː,13
uːɑːr,10
tvɐ,145
rbl,137
buːɛ,7
uːɛn,13
neːm,22
»lʏ,4
söd,117
eːvä,89
rdl,99
dliː,148
äkn,210
rɑːɡ,456
mɐm,12
mreː,35
ntl,32
tlɵ,4
ɪnv,261
nviː,94
hɛb,110
ɛbr,177
ruːn,711
feːl,47
kuːn,3071
uːnɵ,3109
nɵŋ,1639
neːɑː,21
eːɑːr,24
ɐrj,138
rjuː,10
juːk,7
ɕeːd,139
eːdɔ,82
dɔr,41
ɔrl,40
rlɑː,48
lɑːuː,5
ɑːuːm,5
deːɑː,3
eːɑːl,15
ɡuːiː,3
kriː,127
nɵn,1501
bɪr,5
ɪrs,67
rsɑː,54
nɑːb,60
meːb,2
̊ɡɑː,680
sɪd,4
ɪdɪ,3
ɪms,216
msd,16
dɑːl,182
sɐl,242
lth,23
thɑː,28
riːt,433
ɛtɔ,11
ɐvf,124
vfɐ,32
ɐliː,75
liːt,446
fjɔ,45
rtɔ,79
ɵŋɑː,696
ɑːfɑː,137
fɑːe,17
ɑːé,17
eːrɔ,17
rɔt,185
ɔtk,21
tkɐ,63
kɐr,179
nɑːiː,82
sʉːs,472
eːme,3
sɑːv,4
veːɕ,5
eːɕɪ,3
ɕɪr,55
ɪrj,60
rjɑː,332
jɑːt,70
ɑːtɑː,408
tɑːiː,46
seːiː,22
eːiːr,17
ɛlp,8
lpɑː,111
ökn,250
ɛnm,7
nmɪ,1
ɪsp,61
spɑː,81
pɑːt,58
ärj,428
jɑːd,90
leːɕ,43
eːɕiː,34
iːtɛ,610
sɑːs,130
ɑːsɔ,7
tɑːm,316
triː,327
riːd,485
ksɡ,2
sɡr,7
ɡruː,92
lʏd,133
ʏdeː,137
ɡɔd,84
ɔds,127
bre,20
éeː,139
́eːn,60
ɪlh,355
lhö,223
ɛɧɔ,23
ɧɔl,1
ɔls,13
ɑːnɛ,25
bɛp,3
ɛpr,97
prö,63
rtuː,67
rʏk,333
ʏkɑː,353
örf,342
jdeː,494
ɑːmɐ,155
mɐɧ,108
ɐɧʉː,45
ɧʉːs,45
dseː,13
ävɛ,49
vɛn,59
ɪnɔ,78
övr,186
vriː,165
̊tɛ,135
lɑːj,208
ɵŋs,170
ŋsd,15
eːlɕ,5
lɕiː,64
ɕiːs,81
iːseː,135
deːk,7
räs,994
öɡs,60
uːvä,128
äneː,611
»jiː,36
lv»,14
eːtyː,94
tyːɡ,55
reːm,265
rɪk,371
nuːɡ,108
tär,190
lkɔ,35
ɔmeː,893
öjɛ,13
ɑːneː,121
ɛɧuː,2
ɧöl,105
lön,112
uːr»,38
»hɛ,161
rnl,25
lös,392
rvɪ,193
liːeː,36
iːeːs,31
ɵsf,36
sfɔ,56
jeː»,10
»ɧa,2
ɧå,218
»sa,168
trɔ,144
rɔd,84
rdɪ,301
ɪɡh,1084
ɡheː,1096
beːs,454
eːsɪ,244
ɪtn,495
ɪŋ»,57
ɪtɑː,148
»tɑː,82
reːa,3
eːå,5
̊riː,5
kviː,23
väd,193
ädʉː,151
dʉːr,152
tɵr,36
ɵrt,26
rtɵ,15
ɵrd,30
rdʉː,18
stʏ,255
tʏk,31
iːtʉː,39
rɔv,13
ɔvf,9
vfa,9
krɔ,356
rɔp,213
suːl,141
räm,376
trʏ,221
döm,264
bɛɡ,189
ɛɡr,191
hiːt,251
ʏlt,43
rkt,90
yːkɐ,4
kɐn,181
ɵŋn,61
flɐ,20
lɐm,240
kɐd,99
dmuː,3
muːn,132
uːne,1
eːtiː,126
ptɪ,21
tɪɧ,108
stɛ,644
ɛkv,43
ɐnh,83
nhä,56
ɐvk,131
vkɔ,105
bɔt,46
ŋɐk,3
ɐkt,1588
frʉː,76
uːrä,174
fɐm,42
ömeː,221
»diː,49
ɔt»,14
tɵk,153
ɛnk,36
nkä,20
»hɑː,81
tɐd,313
ɑːiː»,1
ödm,85
dmj,95
mjʉː,81
jʉːk,82
tɐl,130
ɐlr,82
lriː,82
ɛnh,202
nhɛ,8
ɵl»,15
ɪsm,68
smɑː,219
liːd,103
iːdɐ,28
lda,11
lɪg,191
ɪgɑː,166
lɑːt,496
»dʉː,164
seːɛ,53
eːɛn,59
ʉːd»,73
rkl,88
kliː,105
ɕʏm,57
ʏmt,30
brɵ,144
rɵn,555
ɵneː,200
beːɛ,45
eːɛr,36
lɑːh,33
hɑːiː,8
ɑːiːr,13
iːruː,10
ruːiː,4
iːuːs,24
uːseː,1062
ɐls,246
lsm,51
mäk,235
rma,154
ɑːn»,90
̊ŋɑː,551
rɑːh,232
lks,119
ksl,52
vɪɡ,114
äds,8
buːr,156
ɔmɧ,81
mɧä,22
örh,210
rhʉː,94
hʉːd,100
ɡɔs,89
ɔseː,80
eːbɐ,59
mɐl,53
ɛmf,25
mfö,310
köp,158
öpt,63
ɛnɪ,170
ämɐ,113
ɡɑːt,278
uːɔm,37
mɧʉː,14
ɧʉːr,67
lɕɛ,193
ɑːl»,18
»ma,41
sɑːk,359
ɡäl,202
ɐŋa,77
åɛ,99
̊ɛn,96
bön,181
ptɑː,50
mɧɑː,6
ɛtuː,13
mɧɵ,33
ɧɵr,48
ɵrn,61
eːtɐ,76
tɐs,20
ɕʏn,113
ltɛ,52
tɛt,37
bʉːɡ,36
ʉːɡɑː,48
rbiː,89
mtɑː,341
iːteː,397
iːleː,293
rkv,29
vɪk,95
ɪkɑː,361
reː»,77
»ɡö,18
lteː,295
»sɕ,10
seːɑː,39
eːɑːm,186
ɑːma,38
mjö,124
jöl,124
kna,8
kɑːk,60
ɑːkuː,356
kuːr,269
hɐs,172
ɑːpeː,133
peːn,364
ɵŋk,2
ŋkɐ,3
ɐlv,133
ɪlr,110
lreː,46
ɡrä,385
ädm,9
ölk,50
söt,20
̊tuː,93
»dä,12
uːn»,109
ldɛ,59
rduː,118
ɛrb,101
örm,185
mdɑː,61
neːk,49
ɕeː»,80
»juː,22
uːɡ»,5
»kɑː,7
döj,55
öjɑː,302
änɕ,187
nɕeː,205
ktɪ,126
tɪɡ,231
ʉːdɑː,1241
luːv,384
»ruː,2
uːpeː,89
ɔmiː,462
miːt,516
eːɡa,141
̊vuː,226
»vɪ,21
rɡö,156
diːj,182
uːɡʉː,296
ʉːdɐ,458
dɐk,326
ɧuːn,59
uːmɑː,158
»uːm,110
iːnuː,120
drɪ,389
fɐs,412
ɐɧɑː,168
ɧɑː»,14
fɐt,336
ɐtɑː,216
»kɐ,17
vrɛ,30
ɛdɡ,39
dɡɑː,304
ɡʉːs,3
heːm,262
äŋl,131
ŋlɐ,22
uːdɔ,10
dɔm,166
ɔms,318
pɔr,448
ɛrɑː,37
ärb,43
rbä,25
bɪt,126
tsä,40
rd»,39
bɑːd,196
ɛnt,316
ntr,158
räj,13
lrɛ,34
̊lt,46
uːsyː,58
mrɪ,21
ɧɵg,61
ɵgɑː,120
gɑːn,19
tɑːk,52
ɑːk»,8
»bɔ,14
nsɑː,117
phä,64
häv,87
räŋ,135
äŋɑː,123
ʉːsɛ,91
ndh,8
dheː,49
rɡä,247
ɡäv,21
äveː,68
̊ɡr,165
sän,821
»st,84
ɧäm,17
rɡɔ,36
ɡɔn,150
ɔnr,22
nrɔ,22
ɔdn,24
dnɑː,263
röj,217
ɪleː,315
läp,225
»fl,6
jɛn,712
̊s»,10
»ɐk,50
rmh,94
mhä,123
uːlʏ,221
hɪn,75
mkɔ,18
rbɔ,20
ɛlt,121
iːv»,20
mst,205
örä,226
iːt»,38
vɑːv,8
veːl,58
ɛld,582
öjɐ,99
jɐn,142
ätl,13
tlɐ,24
mäl,110
ltɵ,9
rtn,9
ɡrɔ,38
ʏŋr,30
»va,11
ärl,524
rld,59
sɛd,45
ɛdv,63
dvä,14
njɑː,309
läg,291
ägɑː,252
muːɑː,127
uːɑːb,244
biːt,69
ɐmiː,41
ɐmɔ,104
mɔn,138
peːh,49
eːhö,169
iːmeː,200
leːk,268
röm,272
rʉː»,17
ɑːsa,37
ɔɧɵ,11
tɑː»,80
tɐt,21
pruː,581
ruːf,622
bɛj,198
ɛjɑː,167
rsʏ,35
dɑːt,259
uːtɪ,8
lbö,19
örl,433
rlɪ,232
eːnɪ,191
kär,290
rleː,175
säj,1507
rth,11
thɛ,10
ŋsɡ,5
sɡa,9
seː»,36
lɛk,33
löj,60
ɐvɐ,10
ɡäs,83
tɑːb,183
ɑːbʉː,45
bʉːd,413
ɪnɐ,79
»dr,35
ɪsh,212
shɑː,35
ɔsɛ,9
sɛn,177
ɵpk,35
pkɐ,30
äd»,9
rʏg,129
eːɡɑː,124
ɪrɑː,15
bɑːs,206
ɛln,274
̊ɡɧ,6
ɡɧɔ,3
ɧɔt,25
vst,83
ör»,26
rɐs,43
ɡra,128
lk»,37
nbr,16
ɡsɕ,10
ɕʏt,14
piːk,11
iːkuː,92
kuːl,27
ärh,51
rhö,158
övɪ,151
vɪt,466
ɪts,201
tsm,152
ɕʏl,124
sveː,77
ɔdh,15
sɑːt,129
örɛ,156
rɛb,32
bra,29
̊ɛl,3
ruːm,146
ɑːɡ»,32
vsiː,12
tyːd,96
yːdɑː,46
ɐmeː,113
tnɛ,145
ɛsb,188
sbö,127
ävt,27
ɵn»,1
viːj,7
ʉːdɛ,10
ruːv,131
»ɐb,6
ɑːm»,17
»hä,34
uːriː,19
riːɑː,325
lɐs,48
hɵj,50
ɵjiː,9
ɪtb,4
tbɔ,4
lbɛ,88
bɛt,332
freː,224
kniː,20
niːv,24
ärp,232
rpa,244
ɐnp,61
npa,67
lɐk,227
ndɐ,150
nha,8
̊liː,68
stn,90
sna,17
ɑːvɛ,52
eːmʉː,20
mʉːeː,144
ʉːeːl,181
ɕeːs,100
pɪl,112
jɪd,23
ɪdl,9
lɑːf,2
tʉːeː,8
ɛkɑː,36
biːh,57
iːhɵ,46
reːʉː,1
eːʉːm,1
ʉːmɑː,11
teːb,7
ɡɑːh,3
tɑːh,27
mɑːɑː,81
ɑːɑːk,40
ɵɧʉː,5
ɑːtɐ,61
rbɑː,83
ödɧ,33
dɧl,33
ɧlɑː,30
ɡɑːn,83
»hö,52
rnä,76
iːɡɐ,61
ɡɐs,49
äɡr,362
täj,84
ɛfr,239
fruː,30
suːh,9
uːhɐ,117
mɐk,273
ɐkp,6
kpeː,7
̊ɕeː,57
krɛ,56
ɑːruː,443
dsp,70
spɔ,121
ɧän,213
nds,233
dsm,190
rns,302
rds,172
dst,274
yːdeː,53
sɵm,36
ɵmɑː,43
ɵpj,30
pjiː,14
̊ŋb,4
ŋbɐ,1
frɔ,60
rɔn,131
lvɑː,300
̊ŋt,125
ɵnt,238
rla,169
eːjɛ,63
Åɕ,4
lds,355
hɵɧ,1
ɵɧä,5
»lä,13
»meː,31
̊n»,11
svʉː,48
vʉːr,48
ʉːriː,150
kɑː»,53
dʏr,87
ʏrb,54
lɛr,84
leːd,226
ʏkuː,40
kuːs,60
ɐmt,142
dsb,45
sbɔ,33
tʉːt,19
flɪ,82
krʉː,40
tsɛ,33
ɑːks,171
ksɛ,32
sɛl,50
fɑːj,20
ɵŋf,70
ŋfr,70
rɑːk,183
ösɑː,129
töm,25
nhuː,15
tʏs,24
uːsɑː,172
kɕiː,29
äsr,6
srɪ,6
hɐl,195
rmb,9
mbɐ,8
»vɛ,8
ɐth,17
thä,16
klɪ,187
fuːd,56
böj,115
»luː,21
sth,65
theː,75
lɑːb,61
bɑːn,198
ärʉː,98
rʉːm,56
nɑː»,80
sɑːɕ,58
smyː,18
drɵ,61
ɵkuː,41
»ɵp,21
̊leː,314
jɑː»,27
ɔml,130
ɑːr»,113
rnuː,40
fäl,235
ɡsn,11
äjd,21
ɔrj,92
sɪm,81
sɑːn,131
mɪj,205
jɑːn,117
jɪs,138
ɪsb,25
sbɑː,13
sʉːɑː,277
eːdɐ,69
ʉːre,10
leːɵ,1
eːɵm,1
ɵme,1
ɪjɐ,13
eːfeː,24
biːd,54
dɑːɑː,2
rlɐ,35
mät,237
uːvuː,21
̊vä,70
mɑːɛ,10
ɑːɛl,1542
neːb,156
bɑːj,10
ɑːjuː,21
juːt,39
ɐdb,2
dbeː,14
beːeː,25
eːeːl,66
mɪb,6
ɪbs,21
bsɑː,141
dʉːm,4
mɐs,66
ɐsɑː,45
teːm,36
nɑːf,70
ɑːfiː,19
fiːs,11
ɛdm,50
byːɑː,54
ltl,5
tlä,118
spl,38
iːsɐ,90
sɐk,97
pɐd,28
ɐdɑː,40
önh,47
nhö,35
töt,146
ɪl»,34
»tv,5
ɧöt,72
rmä,83
ɪlɪ,58
ödl,9
dlä,1
ɔpeː,62
̊rm,4
rmɐ,103
sɑːʉː,407
ɑːʉːs,39
jɑːk,390
kuːb,282
ɕɪk,103
rɔm,62
msɪ,10
mɑːk,63
ɪlɛ,15
lɛb,21
kuːk,24
uːkɑː,99
sɔp,5
eːduː,415
»sä,50
öds,201
dsl,126
ät»,14
nsɔ,2
ɐdɡ,221
»huː,11
ɐnɐ,21
ɕɛt,175
rɑːj,311
ɔs»,84
fɑːs,82
ɑːfɐ,34
ɑːvɵ,18
vɵn,45
ɡrʉː,14
ltf,25
rɐr,217
ävd,46
vdɑː,20
dɐr,354
ɕiːv,28
»nʉː,23
rʏm,109
ʏmeː,40
ɑːhɵ,3
ɵsɑː,18
hɑːt,198
ɑːteː,135
tʏd,50
dlɪ,101
siːb,43
iːbeː,109
beːɑː,158
eːeːr,24
eːriː,199
ɑːseː,152
eːluː,47
luːn,145
eːsɔ,21
ɧɵm,7
jɐk,4
kuːj,6
uːjeː,101
smɐ,142
ʉːdeː,381
ɛsp,96
pɔt,72
ɐnɛ,226
ɡtɪ,52
tɪd,68
ɪdɧ,5
ɧlä,6
ɛkl,35
läm,347
lsɑː,188
»hʉː,77
snɐ,97
äɡ»,6
»rö,1
ɑːkɔ,119
kɔb,109
ɔbs,118
lɵd,6
ɵdn,14
»Ä,72
ɑːʉː»,2
»bä,9
ɕʏs,41
dɔf,187
mɐr,269
dɐg,28
ɛtm,14
tmɑː,133
jɵs,141
häp,87
öɡj,14
ɡjɵ,13
jɵd,23
ɪteː,91
nɛf,11
krɐ,233
ls»,2
hät,11
ätɧ,23
seːs,201
»sn,1
sör,83
uːb»,6
ɪtr,46
trɪ,200
ɡät,96
̊ŋ»,13
eːjiː,82
tʉːɛ,3
ʉːɛl,21
ɔrf,5
rfɑː,120
ɑːbɐ,84
ɔrb,5
ɑːjɔ,3
jɔt,7
ʉːtö,66
töv,75
ʉːvɵ,171
vɵd,171
ɵdɡ,44
dɡä,11
suːv,46
ŋlɑː,26
eːɡuː,41
eːtɔ,8
tɔɡ,11
ɔɡs,49
ɪsuː,92
hɐf,66
ɡöt,39
ɔjɑː,203
lʉːs,13
löf,88
öft,98
̊rj,11
ɵnɛ,10
nɛn,125
ltr,63
äreː,300
»kä,3
rɑːɕ,57
ɔmt,111
̊nɐ,71
ön»,4
leːɑː,295
eːɑːs,126
mɐt,74
bät,126
ätr,160
rlʉː,3
lʉːp,15
lhuː,100
ɪlp,7
röl,23
ölɔ,13
ɔps,45
psv,8
vɛk,36
mtʏ,4
lhɑː,31
rsm,105
ʉːbeː,137
siːm,172
meːuː,33
eːuːn,120
nda,82
tɐk,195
»ɧɐ,30
ɵpt,253
ptä,89
»ha,7
kt»,15
mɑː»,23
ɑːɕɛ,16
seːj,100
ftɑː,288
ɑːliː,178
»tɪ,15
säl,61
älh,7
lheː,18
eːtɛ,249
tɛɧ,6
ɛɧö,7
rlɛ,22
ksä,21
säp,6
äpl,32
pleː,67
sɐɧ,46
bʉːl,65
ʉːluː,46
eːk»,12
juːs,638
ɛml,54
»bɛ,7
ɐrh,81
tfɑː,8
vsɕ,46
äkl,29
ruːɕ,37
uːɕiː,29
ɕiːɡ,29
uːɕɪ,12
ɕɪɡ,12
jɛt,45
ɛtɛ,8
ɐmd,2
stɵ,136
tɵl,10
ɵln,19
rɪm,59
ɪmiː,6
bɔk,92
ɔkɐ,11
dɐɡ,86
ɡsr,22
sreː,78
eːsuː,26
suːr,55
käp,12
pɔp,2
ɧɑːl,25
iːtɑː,109
äpɐ,20
huːɐ,3
uːɐr,4
vfö,40
ɪmɪ,1
mɪɡ,12
ftiː,46
vɑːɡ,16
riːj,102
ɪlf,204
lfö,33
åb,87
̊bɔ,55
ärɕ,64
svɪ,45
smɔ,101
nʉːm,6
ʉːmeː,4
rveː,279
ɐvh,31
vhä,6
lɪp,217
ɪpɑː,156
ɵsɡ,15
sɡʉː,19
jiːl,169
leːɐ,43
eːɐd,36
psl,36
stʉː,45
tʉːl,12
ʉːliː,9
tɐŋ,18
dɔl,51
ɔld,52
pʉːk,19
ʉːkuː,21
rpuː,22
puːr,88
örɵ,69
ʏsɑː,10
rnb,35
nbɐ,28
̊rɐ,50
tliː,95
äŋt,60
ŋtɑː,31
ɑːmɛ,7
»vr,1
iːs»,2
häf,17
äft,24
ftɪ,23
eːnɔ,50
nɔm,62
buːh,14
uːhɑː,61
ɐkuː,12
ʉːrɐ,66
älr,20
ʉːleː,45
säɕ,24
äɕɛ,26
tɔm,50
ɐt»,5
»dö,6
öseː,106
jeːɡ,6
sɑːh,10
ɑːdʉː,1
dʉːt,16
ɡɑːl,135
svuː,18
ktɔ,85
nbj,28
bɵd,95
ɵdb,59
dbä,51
seːɪ,23
eːɪr,23
öjt,106
uːks,106
räf,149
äfɑː,136
rfɐ,54
ndk,25
dkɔ,19
tɑːv,134
ökɐ,2
kɐt,10
ödr,44
ɔkɑː,111
ɕʉːr,162
ɐnr,16
nrʉː,1
»nä,34
kɑːl,148
lɪd,15
̊dɪ,13
nɕɛ,29
ɛlv,32
jɐb,10
ɐbɔ,1
bäk,136
höf,10
ftl,75
tleː,63
»sl,8
ɵp»,26
mn»,24
käm,32
ämp,53
eːniː,37
niːeː,96
iːeːl,218
»tyː,10
tyː»,8
eːnʉː,12
nʉːeː,10
rɑːɛ,1514
fts,2
äms,69
sɪs,75
ätuː,99
slɵ,82
lɵt,61
ɵtl,60
dɑːv,1112
ɑːvä,14
äsɛ,50
ɡɵn,10
ɵns,88
lsn,135
ŋsk,3
skä,7
̊diː,69
ɵlt,45
bryː,170
ryːt,219
yːtɑː,157
spä,117
päd,16
iːr»,1
̊tm,5
tmɪ,5
sɵk,55
kuːt,17
övh,17
vhʏ,17
iːɕɛ,78
ɕɛm,25
ɑːmɔ,12
eːsiː,31
siːt,31
iːtuː,25
luːh,3
uːheː,36
heːɪ,1
eːɪs,1
eːsö,26
dɪn,46
änl,22
bɛf,33
frʏ,6
rʏn,6
uːsä,13
rdr,201
eːɡä,144
rɵd,33
dɡa,43
ɧɐm,13
lkuː,18
frɛ,49
mʏn,33
ɛdl,87
örɪ,81
rɪɡ,143
ɧʉːk,69
uːfö,120
dsɛ,41
sɛg,36
lɐŋ,121
plɵ,98
byːt,134
rhɐ,29
hɐt,50
ɐtl,18
gɑːr,130
rsɐ,425
ɑːs»,48
ɧök,52
ɐfeː,38
feːn,33
ɪŋl,9
ɪgɐ,28
gɐn,36
ɛlb,35
deːb,104
tuːeː,1
uːeːɕ,1
»dɪ,5
ɪkɔ,68
kɔf,162
nsn,13
lpk,8
pkv,8
nuːn,95
bɛn,284
ɛnj,195
jɑːm,208
ɑːmiː,142
ɛtl,70
eːheː,57
ɡrɐ,54
rɐv,35
ɐva,1
pɑːs,89
eːlɔ,33
lɔn,39
uːhuː,24
huːl,32
uːliː,68
liːb,89
iːbɑː,115
bɑːm,13
ndɔ,141
beːuː,45
liːf,26
ɡʉːeː,16
jeːʉː,11
eːʉːs,40
sjɔ,8
uːme,19
eːfuː,57
ɡɑːeː,3
ɑːeːt,3
tɪm,74
ɪmn,29
ɡʉːɛ,11
ɪsɑː,19
mfɵ,13
fɵr,349
ɵrs,420
suːb,39
diːs,22
mɑːm,7
beːɔ,19
eːɔn,37
ɑːjɑː,263
älɔ,6
lɔr,42
ɛmd,1
jɪt,23
eːsɛ,38
sɛr,100
sɑːɑː,11
ɑːɑːv,7
reːj,286
iːtɪ,82
eːɔr,13
ɪnh,19
nhɑː,37
bɔs,11
ɔsr,8
beːd,113
dɐd,11
ɑːniː,164
muːɐ,82
uːɐb,102
ɐbs,306
ɐsr,16
ɑːʉːl,307
bɑːɐ,80
ɑːɐl,86
ɐlh,12
ɐkb,20
kbɔ,5
pɑːɡ,1
ɑːɡʉː,2
piːn,36
mɐɡ,20
ɐɡd,77
ɡdiː,2
diːeː,17
ɵtuː,61
trɵ,58
rɵr,13
fɔt,110
tsiː,20
ɪvk,35
vkl,39
ädn,105
tɧɑː,6
veː»,2
ömɐ,19
̊neː,65
duː»,5
lra,1
söɕ,171
duːt,3
iːn»,16
ldj,24
djʉː,23
»ɵt,5
reːp,59
eːpuː,28
eːɑːd,113
ntɡ,3
tɡɵ,2
ɡɵm,20
ɵmiː,28
ɑːnʉː,20
äjɑː,151
öt»,9
öpm,16
pmä,13
»ɡɔ,9
uːsɛ,113
sɛf,68
ɛfs,69
dɔp,17
vɛp,5
ɛpt,6
säk,60
ktyː,14
rjd,19
dsr,85
sriː,91
puːt,5
tiːf,7
hɔv,62
ɔvm,58
vmɑː,12
rɑːb,73
ntɛ,81
ɑːdɵ,15
dɵl,11
ɵlɑː,111
hiːr,38
ɔtɛ,73
neːɪ,5
spɪ,108
ɵlv,11
lvʉː,4
vʉːk,21
ʉːks,21
ʉːɑːs,28
ɪpt,7
ɕɛk,2
ɪkv,109
kvä,119
pɐn,103
nt»,22
nɛt,37
ɛtr,217
snɔ,19
nɔd,11
tɛm,189
ɛmp,200
mpɛ,89
pɛl,96
ltä,8
pɐs,66
uːtɵ,60
»jeː,12
lɑː»,31
slɔ,55
lɔs,125
tɵn,125
bɛɕ,24
ɛɕä,24
ɛmɑː,38
rlä,118
beːɕ,46
eːɕʏ,40
ʏmr,13
ʉːtuː,154
»lɪ,5
ʏsl,45
sfuː,20
reːɪ,14
lɔk,96
huːv,40
ʉːt»,20
reːiː,11
eːiːs,16
iːsɕ,256
fän,76
sɵt,70
fäŋ,115
äŋs,56
ŋsl,52
rɧɐ,15
psɪ,25
tiːs,20
mɵn,115
nɧä,17
bɑːɡ,10
rtö,146
vmä,44
nth,2
thö,14
̊nŋ,32
nŋn,35
yːdɛ,7
ɵtyː,9
»ɐt,2
ɵtʏ,39
ʏdn,57
nkuː,38
knɐ,24
nɐp,19
ɐpt,10
lɔm,72
mɔŋ,9
ɔŋn,49
rʉːv,37
ʉːvuː,57
bäɡ,39
ʉːvɔ,10
vɔr,41
prɛ,59
nkɔ,33
»ɔk,9
tɛb,9
dɧɔ,1
ɐkv,5
kvɛ,7
rɡɐ,13
häŋ,72
ödɛ,146
ämb,18
mbeː,16
ɡlö,102
löm,20
nɪl,22
lfl,98
ɐkr,14
krɑː,63
vɐs,26
ɐseː,177
fʉːl,7
ʉːlɑː,30
dviː,70
uːdiː,117
vɛd,12
ɛdɑː,24
nvɪ,46
lʉːk,36
ruːl,114
spa,80
åm,86
̊mä,37
̊mɪ,42
ömt,31
ŋd»,1
bʏt,10
ʏteː,5
äjt,7
»fɑː,21
rkɵ,167
ʏmn,20
mnɪ,18
nɪɡ,182
ndiː,150
örɔ,34
lsyː,39
yːnɪ,55
ŋsm,114
teːd,21
vkɐ,28
mniː,8
hɔp,189
ɔpf,16
pfö,35
öduː,18
duːä,2
uːäm,3
ɪlɡ,52
lɡa,11
»kɵ,3
kɵŋ,69
ɵŋj,13
ŋjɔ,13
jʏl,58
ɕɛj,49
̊kɑː,11
vɐŋ,217
uːt»,8
sɑːf,192
ɐtp,7
tpɑː,1
pɑːn,85
iːfeː,12
eːsa,27
rfl,32
löd,139
ärɔ,18
nheː,171
knɪ,90
ɑːnɐ,222
rɵt,37
hɵŋ,51
ɵŋr,48
tiːeː,20
iːeːr,22
öra,91
̊ds,101
dsh,100
shʉː,109
öpɑː,104
̊dl,5
dlö,29
sɑː»,18
speː,183
peːj,46
eːjɑː,120
jɑːr,103
ʏd»,3
slɪ,125
ɐnɪ,81
ɪsk,25
skɵ,39
st»,20
»sɑː,17
ʏlɑː,64
kɔs,35
iːlɔ,19
ɡdɑː,64
äk»,2
äpn,130
»mɐ,7
ɪŋp,9
ŋpɵ,7
pɵŋ,15
uːɡɑː,91
hɪt,37
eːd»,26
nsv,85
bäs,67
pɪs,11
ɑːsiː,103
siːeː,37
eːnö,3
nöt,13
dɵb,36
ɵbl,94
blɑː,76
mnd,66
mäs,140
mɪd,30
ɡrɵ,157
ɧɐt,145
nʉː»,8
lfä,38
tvɑː,7
vɑːj,9
ɛtv,8
tʏj,178
ʏjɛ,165
»fʏ,3
änɛ,41
ʏmɑː,19
lvɛ,69
ld»,14
ɑːmɪ,217
uːs»,3
ämeː,42
»kɔ,23
ɪtf,8
tfr,15
ärö,33
plö,63
̊jiː,13
ɡuːs,62
rsö,37
ɪds,391
dsd,46
sdr,12
»ɕiː,1
ɡrɛ,13
rɛp,11
ɛps,10
ɐnm,18
nmɐ,10
ŋnɐ,29
nsö,3
ndö,5
pɐl,56
ɐlʉː,40
hɛs,61
ɛsr,64
sruː,26
rmiː,16
meːɔ,24
jeːm,32
jɑːɕ,79
ɑːɕiː,138
ɕiːn,35
ɕeːh,50
ɑːmʉː,150
mʉːl,34
ɐɧɐ,22
tuːl,61
pʉːv,2
ʉːlɔ,25
jɑːl,14
leːeː,61
tjɔ,132
ɔtr,67
pɛr,137
ɡɐd,54
sɪf,9
ɪfj,4
fjuː,1
juːn,313
hɐj,13
ɐjiː,5
sʉːn,73
sbuː,60
reːl,56
ɑːsɛ,42
jɪm,13
ɪsv,9
sviː,46
iːɑːs,256
heːb,14
ɑːlɕ,37
ɕiːeː,7
ɐsb,11
sbeː,24
eːhiː,26
mɵp,2
ɵpiː,10
piːm,7
hɵp,4
ʉːsiː,24
jɑːs,247
seːeː,13
pän,59
ötɑː,108
ɪtɪ,11
yːrɕ,7
iːfɐ,5
dʉːɡ,9
ʉːɡɐ,9
psyː,18
ɑːp»,10
iːd»,40
ɛrh,187
rha,41
tbyː,12
häs,153
gɑːs,41
rn»,33
stm,28
ʉːk»,2
tʏr,62
ʏrk,92
knä,42
nän,24
öɡr,179
rɑːɪ,93
ɑːɪm,113
rsv,86
rlɔ,93
ɔsɑː,242
lrɪ,21
jds,16
stl,72
tlɪ,63
ɧʉːd,6
bäd,19
vɑːp,56
ɪnl,33
nla,11
ɐmk,7
mkv,4
väm,27
rda,37
tʏm,4
ʏmp,10
ɡrʏ,47
ʏmh,2
mheː,50
ɕɪŋ,61
ɪŋr,79
nɑːk,22
ɑːkɕ,48
ɵŋt,25
leːj,152
eːjuː,134
iːtɵ,96
tɵp,90
ruːɑː,8
spiː,204
piːr,21
viːk,84
siːl,54
iːluː,71
ädl,58
dɵn,26
ɵnk,38
nkl,42
ɕɛp,45
ɛpeː,9
häg,15
ägn,29
gnɑː,38
ɔpl,5
rbɛ,32
tsp,46
plɪ,38
hɵg,79
ɵgɔ,22
gɔr,22
uːteː,27
rʏt,59
ŋɑːs,63
sliː,71
rheː,50
nɐb,20
mʉːr,211
nsä,19
rfä,112
jdɛ,73
jäs,13
ɡlʉː,4
ʉːpɐ,5
tsɕ,55
ɕɪf,71
ɪft,336
äkɐ,16
̊ɕɪ,3
̊tɡ,2
uːrɛ,123
hɑːɑː,7
ɑːɑːt,6
jeːf,24
eːfɛ,10
fɛs,18
ɑːbɛ,175
bɛl,97
ɛlm,11
lmɪ,1
mɑːɕ,29
ɕiːr,26
ɕɪs,20
klɔ,31
ʏnɑː,26
tsf,6
fɔɡ,25
ɔɡd,24
piːt,26
rɑːɐ,2
ɑːɐm,4
mseː,2
̊ŋs,17
ŋsɐ,3
ɵtf,183
pʉːɑː,11
lpt,25
ɛrɧ,129
rɧɔ,7
rlö,51
ɕeːb,17
kɔv,2
ɔvr,3
vrɑː,20
»ɐl,42
nyːf,4
yːfö,4
rʉːn,35
ɕär,3
ömk,27
mkɑː,28
ksiː,36
ptuː,1
muːs,903
»ʉːr,2
sɪp,11
ɪpuː,10
ɪt»,7
ärɵ,20
ɵkɑː,31
lduː,29
»muː,5
»tr,17
rk»,11
nɔɡ,7
ɡsɐ,8
iːjiː,12
ʏml,10
́eːr,79
rjä,42
ɵdɧ,78
dɧä,31
rɡ»,7
nkv,4
kleː,85
rvɐ,129
»rä,29
tɪk,19
älɧ,287
lɧɑː,288
ɐlf,21
röɡ,5
̊lf,1
tʉːm,14
döv,24
lär,473
ɡlä,283
tɔk,29
eːrö,71
nɛd,135
ɛdt,25
dtɪ,11
lɔd,87
sbr,83
dɡʉː,11
ɡʉːm,11
ʉːm»,3
lba,24
̊duː,57
ɡtiː,145
pɛs,56
ɡsv,13
eːrɕ,39
»fuː,8
riːh,11
iːheː,11
ɡdɐ,8
̊lä,14
ɐvd,86
vdr,4
lög,115
ögn,115
gnɐ,30
»fɵ,2
ɵlɡ,13
lɡö,9
lm»,1
ɵpb,67
pbä,9
ɵlj,11
ljɔ,11
eːlɐ,139
ödɡ,51
iːha,60
ɐfd,12
fduː,12
ɵpl,119
plʏ,49
uːta,5
̊lɪ,42
»ɪs,9
ɵdm,108
dmä,83
fɑːm,148
rsɔ,22
lɪb,28
ɪbn,31
bniː,10
meːiː,52
ɵsiː,56
ɑːheː,64
mʉːs,27
juːɕ,3
uːɕeː,66
shɐ,19
neːf,11
feːɡ,4
ɪkr,22
siːɛ,45
iːɛl,42
miːs,27
fɑːn,32
dɐb,17
heːs,26
dɑːb,78
iːhʉː,28
ɐsiː,12
siːr,28
ɛlk,59
biːɑː,52
ɑːiːt,35
ɑːrɔ,133
neːh,70
rhä,111
rm»,5
rɔl,18
lkɐ,52
ɐrl,83
tɪn,39
ɪnk,36
nkɐ,22
ämj,23
mjɑː,42
nɑːl,10
ɧöɑː,5
öɑːr,5
äkä,3
rl»,2
ɐduː,11
sɔv,7
ɔvk,6
säŋ,36
ɑːkɵ,1
ɐdɔ,6
ɧöɐ,1
öɐr,3
eːlä,276
svɵ,21
mʏg,7
mʏj,1
ʏjeː,56
flʉː,10
lʉːɡ,4
ʉːɡuː,2
flɵ,10
lɵɡ,8
ɵɡs,10
̊ts,21
ɪln,19
kvɐ,89
suːt,13
bɵl,23
öɕɛ,164
hɑːj,34
liːɕ,31
ärɡ,51
ɑːjɛ,56
ɛlɧ,16
lɧʉː,3
eːfɔ,13
liːn,9
knɔ,40
nɔp,9
päl,3
ɐmh,55
ɪbl,173
äviː,66
äsh,36
shɔ,36
ɔpuː,22
vät,10
rfa,19
nseː,167
̊sɑː,17
ɔpɔ,9
mäŋ,36
häd,39
önt,20
ɐvä,23
ɕɔk,23
klö,23
Än,40
̈nʉː,25
ɪdn,18
dnɐ,27
dkv,3
vɑːs,112
läf,1
äfs,6
fsɑː,5
ɛsm,52
smuː,13
̊rɛ,27
sfɑː,3
ɵsh,10
sha,5
uːnɛ,36
fɛl,60
ɛlf,92
lfr,63
̊rs,79
rsɡ,59
sɡɐ,58
ftɔ,42
yːkɑː,22
örp,23
rpɔ,32
pɔs,43
räeː,10
äeːt,11
ɛkt,18
kɔk,10
nmä,12
ɔmj,69
mjɔ,42
ötɛ,61
åɧ,67
rɐb,151
ɐbɑː,265
tɪf,31
sɵr,38
deːɡ,32
ɡʉːf,67
ʉːfö,4
sʏr,2
ʏrl,2
ödɪ,18
»beː,16
̊ɧɑː,22
ɑːlɐ,114
nɪp,4
suːp,18
ryːɕ,3
yːɕeː,3
̊ɧɔ,7
ɧɔf,8
»ɛj,1
ns»,11
deːj,13
iːvɪ,36
rɛɧ,68
ɧɔs,7
vɑːɕ,13
dsv,37
nhyː,9
hyːs,12
yːsɛ,8
sɛs,12
eːɡɔ,9
ɔdr,8
rsl,29
iːɐk,54
̊ɧh,30
ɧhö,31
ldɔ,57
msh,16
biːb,8
ksɐ,32
eːmä,25
rɔs,187
huːt,19
ɔmv,71
väp,50
mɔl,111
ɔln,114
lns,82
piːh,3
iːhɑː,12
hɑːh,6
ɑːhiː,157
ɪɡd,21
ɡduː,13
duːl,15
fuːn,8
ŋdɑː,17
̊ɡɐ,7
̊ɡɔ,64
nsiː,30
klyː,3
lyːv,3
ɪnp,19
övs,10
ɔnv,4
nvä,43
nsɕ,81
vɪr,42
ɪrɪ,20
jʉːl,36
ʏtɐ,10
ɧöŋ,14
öŋuː,7
lɔv,109
ɔvs,46
vsa,37
ɧɵŋ,58
rkh,18
kheː,53
ɐsuː,6
öɡh,46
rɡr,48
ʏmɛ,25
fnʏ,2
nʏs,14
ɵpd,21
pdä,1
däm,6
öjɔ,5
ɐsɔ,1
blyː,44
ɪkn,142
ɡtl,6
tluː,8
ɐrɑː,29
puːs,5
teːɛ,2
bäv,96
rms,17
ldɪ,34
hɛj,214
jeːd,320
eːtɪ,22
mɪr,16
ɪtɛ,32
ɧɵk,47
ɵkd,42
kduː,41
liːm,17
lmt,9
mtr,17
mtɔ,20
ɵta,9
ötɡ,1
ɡryː,40
yːtɔ,2
ɵbɛ,20
ɔreː,7
ktl,23
tlɑː,30
dɐj,42
ɐjeː,11
ɪmf,3
mfr,8
»ɪn,20
sɔl,24
ɔlh,3
lhɛ,4
ɐbɐ,47
bɐt,85
tsv,21
bɑːt,154
bɑːɕ,5
kuːɕ,3
Ät,5
̈teː,2
eːmɪ,2
mɪf,2
riːɐ,8
iːɐn,10
rfr,14
beːb,42
eːbɔ,19
reːf,35
eːfiː,29
fiːd,5
iːdiː,26
diːm,9
ɛbs,18
riːb,35
uːsʉː,217
ɐnɧ,52
töd,43
luːs,12
»tɛ,2
buːk,78
npr,15
räɡ,17
äɡl,39
jdɑː,96
rmuː,97
mbɑː,28
tyːr,94
äts,54
ɵŋö,33
ŋör,33
ŋsä,6
̊ls,16
mlä,2
plyː,4
lɪt,33
ɪtl,18
ɪnɪ,56
änɧ,18
nɧʉː,14
vdö,12
njɪ,24
ɵpɪ,8
pɪf,8
rnv,3
eːlɪ,73
rmɔ,16
ɛlh,23
lhɔ,2
ɵtd,16
tdr,14
ɑːsɵ,26
sɵn,34
njʉː,74
rjɛ,67
rv»,3
iːtä,46
lɧɐ,11
tsd,33
ktɛ,74
nɧɐ,84
psb,51
ɐlɧ,80
lɧt,26
ɡɔr,27
tök,20
rnɵ,75
nɵm,15
ɐkɔ,90
Öv,45
̈veː,21
ɵjeː,46
mɛj,3
ɛjs,17
jseː,2
ɔɧä,16
rɐp,28
ɐpuː,1
jɪf,49
riː»,7
ɔmb,34
mbɔ,23
syːl,2
älɪ,62
uːlö,95
ɪnɧ,11
nɧn,2
ɧnɪ,9
psr,1
srä,9
ɡriː,101
riːp,137
ɵtɑː,40
knʉː,3
nʉːt,8
rluː,48
ɵkv,1
kva,1
fɔs,32
böt,4
övn,3
vnɪ,32
ɧɑːd,113
seːp,8
eːpɛ,8
̊lɐ,49
tɐp,107
ɐpɑː,48
ɕʉːv,29
ʉːveː,14
ɔdɧ,24
dɧɵ,24
dra,45
åp,61
̊pɑː,44
ldɐ,8
ɵbeː,14
rnh,1
häk,15
ɛsɕ,4
ɕyːl,25
yːlɑː,13
pbr,22
iːpiː,15
lɡr,9
uːrɐ,17
äɡt,3
rtɛ,49
ɵsj,2
rɪv,62
lɛj,20
ɛjt,5
uːluː,29
ŋsɵ,2
lkv,2
bɛb,13
ɛbl,21
ɪluː,90
öruː,89
̈nk,2
ɐtiː,134
ɔkr,23
yːleː,8
uːveː,81
öjs,1
jsm,1
mbä,71
̊tɔ,37
vrä,19
uːhɵ,3
hɵl,21
ɵlp,10
lpeː,46
uːsɕ,48
mʉːt,29
rvr,3
nbä,49
uːrö,2
ɪvp,10
vpl,14
deːh,7
ärŋ,14
rŋn,15
ŋnɪ,69
ŋsh,51
shö,69
dsɔ,84
sɔf,232
rks,18
ŋsf,11
drʏ,25
eːmɐ,88
älf,97
lft,131
buːɕ,43
läs,69
lyːd,59
ɛnl,109
nlɐ,9
ɡɔl,12
iːreː,10
reːr,22
klɐ,47
ʏpɛ,21
ntɐ,23
tɐv,43
ɐvl,86
vlɔ,18
ʉːdɔ,6
ɧriː,268
ɪsn,83
tɛd,3
rkb,48
kbl,48
pɵr,87
ɵrp,68
rpɵ,40
ɵrö,36
nrö,42
ɛth,51
tha,66
ödf,7
dfä,9
ädɵ,7
dɵr,7
ɐsɕ,14
iːɛt,28
krʏ,42
rʏd,74
smö,64
seːɔ,24
eːɔj,23
älɵ,43
nfɐ,49
stɧ,29
tɧö,26
rnɐ,95
mön,127
iːdɔ,18
dɐs,39
ɵpa,18
ɐnuː,8
̊dɛ,37
dɛb,18
äln,32
ɛlr,58
lrö,2
kʉːl,29
lbl,7
rmp,6
mpuː,16
mpɔ,18
mpt,8
ɪkuː,5
tʏɡ,11
ʏɡv,6
ɡva,5
stv,14
ävn,42
ɡʉːa,13
ʉːå,14
fuːɡ,44
öɡl,13
ɡluː,23
pfuː,11
ɡlɔ,4
ktuː,14
tɡö,122
msiː,65
hɑːk,24
lsɛ,70
ndn,20
klɛ,25
lɛt,37
rtd,6
tdeː,10
nfuː,4
äŋɐ,25
örɐ,224
ɛlɛ,21
ɔlp,37
rɐŋ,14
jeːv,3
väg,46
lrɑː,21
ɑːkɐ,80
rkɐ,122
ɧɔv,10
ɔvl,34
vlɑː,45
ɡɐf,8
flɑː,5
ɡɐl,19
ätv,49
tvɛ,23
ɔmh,38
lpɐ,18
ŋsiː,4
rsɛ,26
ʉːtɛ,27
tɛf,31
lɵg,15
prʏ,47
lsä,15
fɐr,80
sheː,174
kå,19
dbɪ,18
bäl,22
åɑː,4
pfä,3
rpeː,30
nrɪ,14
sniː,14
niːd,10
mjiː,25
ɛjuː,28
juːr,115
viːr,30
ɔdɑː,12
ɛjɔ,5
tveː,11
msk,4
iːdɪ,21
väɧ,5
äɧɑː,7
eːsä,8
neːuː,3
eːuːl,3
tuːp,4
rbʉː,11
bʉːn,6
hyːɑː,2
yːɑːs,2
ɑːsɪ,26
kryː,9
ryːs,9
yːsuː,7
uːnyː,4
nyːk,7
yːks,18
jɐs,3
ɐsp,19
mjɪ,4
dsn,5
ɔdɛ,4
iːna,7
knyː,5
nyːt,5
nör,29
ɔsn,17
tɵm,32
miːm,9
fɔd,5
ɔdk,3
dka,3
ɐrɧ,17
ɑːtä,23
täp,30
bjä,30
lruː,18
vɪd,259
dla,3
ndf,72
dfʏ,26
ʏln,36
ɵŋɕ,38
ŋɕʉː,38
ɛjɵ,6
jɵt,41
ɵtn,79
ɛmj,24
diːɑː,34
iːɑːd,17
ɑːdö,55
msl,27
iːnä,26
näl,26
lvɔ,20
eːvɛ,23
rfɛ,15
nɪb,11
ɵmeː,49
rta,10
ŋsv,17
ɔjɛ,8
jɛb,11
ɧɑːk,47
vɪf,46
ŋɑːn,20
rsb,24
nts,8
lɡɐ,1
ɪŋɧ,5
ŋɧö,4
ɛjʉː,33
hiːn,29
iːsɔ,147
rɵm,55
ntä,27
sɕiː,188
dɔs,5
ökɔ,7
ŋsʏ,3
ɪnm,96
nmö,92
mʏr,20
ʏrɐ,1
rɐd,6
ɐdr,56
drɔ,76
neːl,24
fiːn,19
iːnɐ,15
lmʉː,8
siːɑː,170
iːvɔ,1
vɔj,1
äsɪ,5
sɪɡ,9
seːɐ,23
eːɐl,20
ɧɑːs,62
nɑːj,62
ɐlb,17
seːh,4
pɵl,2
mnt,13
dsɕ,8
mɛd,63
ɛdj,24
djä,2
liːɑː,120
iːɑːb,21
hiːs,139
stk,9
tkl,10
uːhɛ,58
lɡd,4
vluː,16
rvl,33
viːɕ,61
iːɕiː,28
önf,21
ɧrɪ,161
»kr,3
ɪɡs,95
ɛruː,3
uːpɐ,7
ösl,1
dɛɡ,1
öɡɔ,45
ɔnb,25
ruːj,40
̊df,12
ruː»,17
»mɪ,6
klʏ,8
rʏj,10
»hɵ,3
meːm,4
hög,39
̊ŋm,90
ŋmuː,11
ldh,16
eːruː,271
vfä,52
löp,37
öjn,8
jnɪ,32
ɛkuː,18
kuːh,6
uːhö,17
ɪdɡ,11
ɧreː,30
̊nyː,6
nyːuː,6
ɐrɡ,36
rɛk,18
mbʉː,17
ɛrɪ,10
spɵ,3
pɵn,34
smiː,8
miːd,12
iːɐr,6
dsɐ,67
mɛn,71
ɔtuː,5
vhö,1
öls,10
fleː,40
lrä,43
äɡɐ,23
ɐnɔ,7
ɵɕɪ,15
ɐɧk,7
ɧkä,7
vlɐ,14
pɛɡ,3
rsa,30
tyːj,15
yːjɛ,2
ɪkh,2
ɵgɐ,8
ɡɐv,12
beːk,43
ptɔ,1
ɔmɡ,18
mɡɑː,7
eːsɐ,61
knö,5
mɡɐ,3
̊pɐ,7
psä,10
shä,34
psɐ,110
rsj,28
ɡlɪ,24
ɔrʉː,20
̊ns,16
ɐɧh,1
dfɵ,9
öleː,20
rɔf,9
rjɵ,211
jɵr,11
ʏgr,1
grɑː,1
rsp,17
uːɵp,22
̊tl,50
rɧʉː,33
lvuː,17
̊dr,39
uːkɕ,36
rsf,38
sfa,5
dsf,66
sfö,40
ʏpɑː,10
̊lɵ,17
uːbeː,172
nks,16
eːkä,28
ɔnj,22
eːkɔ,23
vsɛ,2
ɛɧr,75
mbɛ,11
ɪlä,5
ɪvr,27
vrɔ,4
rɔk,6
ɔkn,25
dfa,25
ɔpk,4
pkn,3
lɔf,18
sts,32
vtv,5
rkä,23
ɧöj,17
mbɵ,3
bɵr,4
lfɐ,39
kɑːv,3
uːvɔ,11
vɔf,12
ktj,6
rjʉː,6
rkö,2
rɧö,22
tʏg,9
ʏgl,25
glɪ,14
vrɪ,20
lvd,14
rbö,13
tsl,87
mtɪ,5
ŋɧɔ,1
dʏŋ,8
ʏŋn,4
ɕɵr,1
ɵrk,8
ɪŋɔ,2
ŋɔr,6
jɵb,61
uːɔr,5
dryː,46
nbʉː,17
lkl,7
klɵ,6
lɵv,5
ɵvn,5
dɪs,14
ɪsl,56
ɪpd,4
pdɐ,4
ɐmɡ,31
ɡɑːm,9
vsö,11
fɑːl,8
ɐsf,2
̊jɛ,34
ɪɧm,2
ɧma,2
̊seː,16
höɕ,2
ɵgl,3
glɑː,3
dʏk,2
ʏkf,2
kfa,3
mɛt,10
ɛtf,5
tfa,7
ɐsɡ,7
sɡɑː,16
häj,5
ŋnp,2
npiː,4
rmʉː,13
ɡuːl,12
ɡɑːb,3
vɛs,1
kuːɐ,1
uːɐj,4
tɑːɑː,15
huːm,13
ɛtj,2
leːɔ,1
dɛɧ,11
bʉːɕ,3
ʉːɕeː,23
sfl,26
ɔdf,3
dfl,18
lsɕ,49
ɕeːɐ,2
ɐŋr,84
ŋrɪ,31
rɪp,42
ɪpn,35
ʉːpɑː,30
ŋriː,62
iːpeː,60
pneː,19
blɛ,9
lkö,5
ödv,7
nsa,18
ldn,4
ɡʉːl,3
ʉːlɐ,6
ɕɛɧ,5
ɔrv,18
hɐk,13
ksp,6
ɧʉːɕ,11
rvɧ,2
vɧʉː,14
rfɔ,17
ɔrɧ,20
ɐkɧ,1
kɧɐ,1
ɐlɪ,4
ämr,50
ɐmɧ,3
mɧɐ,2
ɔpɛ,5
ɧäg,14
»uːr,5
ɪrk,10
önɐ,10
ödɐ,23
vɐd,26
ɐdh,18
dhɛ,21
lɑːk,48
tfl,8
ɑːvɪ,257
ɡsiː,1
lɐp,27
ɵdh,12
dha,14
ɧäj,10
ryːn,12
ɪbeː,15
pɛk,2
ɛkf,2
kfɪ,2
sbl,9
jɵp,23
ɵpn,6
ɧrɑː,8
rɑːp,22
ɐvɧ,43
vɧr,13
rʉːɕ,6
iːrɕ,25
ɛɧɵ,3
ʏtn,16
eːsɵ,36
tjɵ,6
ɐvɡ,131
vɡa,7
äfɐ,3
ldm,8
nɛk,16
päk,10
rdɔ,36
ɵpv,53
pvä,45
muːl,15
luːk,44
spʏ,1
pʏt,1
spyː,11
pyːr,1
vɡʉː,111
plɔ,33
jʉːɡ,3
ɡɑːk,7
iːkö,2
ätb,3
tbɑː,28
ntyː,13
dkl,9
ökuː,25
kuːv,1
ɛsv,71
nma,2
ŋrɐ,10
ʉːpiː,5
vtä,4
ɐjɵ,1
ljɵ,1
ɐvr,6
ɑːnä,18
uːlɛ,18
tɛp,94
lrʏ,1
ʏjiː,1
jiːɡ,2
ɧɐb,3
nöp,5
̊vɔ,12
ɐnj,144
̊rɪ,1
ɵtɧ,11
tɧä,13
tlyː,4
tsʏ,15
nyːɑː,46
rɧä,13
ŋsb,3
päɕ,1
äɕeː,23
niːɔ,32
duːh,10
lmeː,31
lɵm,24
mäd,73
luːm,413
uːmiː,27
dɪb,6
ɪbr,8
briː,6
vbä,6
iːlɐ,15
ɛkɔ,5
ɑːsʉː,76
eːla,26
rvs,36
vsb,14
ɛjiː,1
äjn,2
̊nt,9
nɧr,3
tmɐ,8
uːbɛ,8
rdh,19
yːseː,20
ɵpɧ,17
pɧɐ,2
ɪŋb,5
ŋbeː,2
ɛjd,25
preː,81
hɵɡ,21
ɵɡŋ,19
ɡŋn,73
röɧ,55
öɧt,1
ɧtiː,1
iːuːt,24
uːtʉː,10
äth,6
feːb,12
tviː,37
uːɐk,9
ɔlt,60
rɕä,21
vsɵ,5
sɵp,8
eːhä,13
rʉːiː,17
ʉːiːn,17
ɔtɡ,8
prɐ,31
tʉːp,9
ämɑː,54
säm,8
ɪŋv,1
ŋvä,2
lsp,31
luːj,42
uːjiː,7
veːj,1
eːjɔ,9
ɪdb,34
dbɑː,36
vdɛ,74
iːsʉː,17
deːɵ,5
eːɵr,5
eːlʉː,32
lʉːm,26
ʉːmiː,7
miːeː,13
sɐd,45
sʉːɐ,6
ʉːɐr,5
miːh,11
hɵd,12
peːd,15
jiːd,46
deːuː,42
niːs,75
hiːeː,19
pɑːj,6
jiːeː,14
mnj,12
iːuːɛ,11
uːɛt,12
dtɑː,5
ɐnb,20
nbeː,15
eːiːt,1
lɑːɛ,1
ɑːtiː,70
eːma,54
ltɐ,56
hɑːɪ,2
ɑːɪl,2
ɡɵt,47
stb,8
ɔjeː,18
jeːk,18
ktɡ,1
rsɪ,39
sɪg,1
ɪga,1
gå,1
pjɪ,11
reːɐ,1
ɑːnɕ,26
rnm,1
nmj,1
ɕeːɔ,3
eːɔf,5
sɛb,16
ksv,7
»da,6
mpeː,125
»ɑːm,20
ɧɐd,4
sɪr,17
ɪrl,4
vha,12
rɵv,32
ɵvs,6
sɐf,31
ɪrt,7
tɛs,63
uːjɪ,17
jɪl,62
buːj,20
iːrɛ,3
ɪjɛ,28
mhö,11
ɛɧɐ,4
ɐfɛ,11
fɛn,21
̊la,4
rɧa,20
liːɐ,8
iːɐb,7
iːsɵ,2
miːɛ,7
ɐfs,21
liːɛ,2
jiːɛ,1
ɔlf,22
ldɧ,2
dɧa,5
lvr,26
sfä,36
ʉːfyː,20
ɔmɔ,2
ʉːfeː,40
nfɪ,4
md»,1
ɵmp,36
nyːm,29
yːma,29
ʉːɡɔ,10
rɵp,13
ŋtʉː,2
lkh,10
khuː,10
̊tf,8
ɡɵr,10
ɵrj,1
juːl,1
löɕ,3
tlö,28
slʏ,9
lʏn,6
ɪpeː,11
mjeː,6
pɧr,10
»ɛl,1
rmv,25
mvɪ,28
ɕɪb,6
ɔth,6
thɐ,22
iːpɪ,1
pɪt,1
iːuːp,46
uːpɪ,3
pɪɧ,6
ktm,9
tmuː,15
rsyː,14
̊rɧ,22
dfö,21
ɪɧ»,2
ɧɑːm,159
ɐmʉː,7
mʉːɑː,5
ɐkɵ,4
kɵr,1
leːb,38
eːfɵ,35
jiːj,3
jeːɑː,6
ɑːfʉː,1
fʉːs,3
ɐdiː,4
miːk,94
kɑːɛ,3
eːbiː,14
ɔfs,12
fsiː,2
eːʉːeː,1
rʉːd,46
vɐɡ,8
eːfä,126
mɑːj,68
hiːm,38
sɑːiː,129
lmɑː,22
mɑːiː,22
uːɑːn,5
ɵvd,4
ɵvk,9
knuː,2
nuːt,8
ɡɑː»,19
mvɐ,4
nsb,7
sbiː,12
»eːj,1
ɪlj,11
ljiː,11
dɐl,20
lbʏ,7
ɡseː,23
ɐmj,36
mjɛ,32
rɧuː,29
ntɔ,7
fsp,1
biːr,23
lkf,6
kfö,7
nsɛ,25
ɵnɪ,36
̊kr,24
iːrɐ,9
leː»,10
nʏt,44
rvɛ,14
rfʏ,1
dmɐ,34
ɔrɐ,4
vɔɕ,1
ɔɕä,1
ɛseː,12
̊bj,10
seːv,9
ɐlɕ,30
lɕä,33
ɕäm,30
ŋuːs,7
ɵnɐ,7
»pa,16
lmä,10
ɐdeː,42
»ɑːr,3
nta,3
ɪmv,1
luː»,3
ɵsl,13
jeːh,121
ɑːɑːb,2
»buː,1
vɑːh,2
sʉːf,6
ʉːfɑː,12
siːh,43
jɑːh,24
ntuː,72
ɐbuː,7
rlyː,44
yːdɐ,50
iːhɔ,15
nɔn,37
diːb,11
iːbuː,23
nuːf,7
uːfɑː,27
bɑː»,6
ɑːeːs,45
heːd,25
ɪpɔ,18
biːl,67
eːtuː,48
ɑːd»,35
̊dɔ,1
»bɑː,6
»biː,2
̊veː,14
ɐdl,14
eːɐm,57
eːj»,5
rjɐ,59
jɐt,16
thʉː,5
ʉːsuː,4
ɔtb,16
bɑːɑː,90
ɑːɑːl,90
»bʏ,3
ntʏ,12
ʏrs,12
ʉːr»,4
uːfä,52
lvt,14
ɐlö,3
plɑː,44
ɧuːs,89
uːsuː,87
pdr,17
duːk,125
peːuː,14
eːuːr,17
ɑːluː,413
luːɛ,1
ɡɑːɡ,8
ŋɑːm,13
piːl,100
mfɐ,28
»fɐ,8
kɵs,10
ɐlp,14
ɡhɛ,36
̊tɐ,19
spj,69
pjʉː,65
vrʉː,1
»piː,2
ɧɑːt,15
mriː,40
ɑːlʉː,5
ɔsb,4
»ɐŋ,1
ɪŋd,47
ŋdɔ,27
peːɔ,1
nuːɕ,1
lʉːiː,1
ʉːiːt,1
iːniː,26
lɑːiː,39
pʉːn,4
sʉːb,18
ʉːbiː,4
eːdiː,101
iːriː,23
eːmiː,175
heːf,12
ɔfh,12
fhɑː,4
fhɐ,8
hɐd,14
hɔɡ,7
ɔɡl,10
tɪr,26
sʉːt,13
eːfʉː,3
fʉːf,2
hʉːf,2
sʉːh,4
ʉːhɑː,8
mnɐ,13
iːɑːiː,1
mrɐ,44
ɪmb,4
ʉːrɪ,3
tsb,4
åf,115
̊fö,1
vlä,19
rmt,6
reːɕ,9
̊ŋɐ,49
nra,1
ruːh,39
ɡsf,31
mhɵ,1
iːuːeː,2
uːeːn,16
ɡsm,19
»ɑːt,1
»ɧuː,7
sbɐ,16
ʏdɑː,71
bʏj,32
iːtö,9
ruːeː,20
uːeːr,14
tsuː,6
suːf,13
jɔɡ,3
ɔɡb,9
ɡbeː,5
ɛtn,4
psɡ,5
sɪb,22
ɪbm,5
bmɑː,5
ɑːɕɪ,29
jɑːiː,9
jɑːɪ,6
ɑːɪr,6
nuːb,11
tsɔ,5
ɔfk,2
fkɑː,2
ɪtm,12
ɪmɔ,11
ɔnp,2
npeː,3
bnɑː,29
ɐkh,24
ɪtk,4
tkɑː,6
ɐsm,16
jɑːɑː,21
ɔrh,20
ɐjɪ,8
ɧɔn,24
ʉːnuː,2
jiːm,2
iːbɔ,4
bɔŋ,2
ɔŋɑː,2
lmɔ,4
lhɐ,6
tɐg,5
ɐgɑː,16
rpiː,13
piːɔ,7
rɪb,19
ɛtɧ,6
ɵpɡ,22
pɡa,17
ɐniː,7
ftɐ,7
ɐsɐ,7
hiːh,2
dɑːeː,1
smʉː,26
ʉːta,10
iːuːa,17
uːå,17
̊ps,4
vsɪ,8
tuːf,44
ɑːɡɵ,2
äɡŋ,9
nfɔ,2
ɛnf,23
tʏŋ,16
ʏŋd,5
älk,18
lkä,2
tfɔ,27
ɐvj,2
vjiː,4
biːn,33
ɐtɐ,19
ɐmuː,29
msɵ,1
ɑːve,2
ɛkr,81
eːmɔ,3
ʏneː,12
lkn,4
ɡuːb,7
bɔm,27
niːɛ,18
niːr,6
ɑːvɕ,1
vɕɪ,1
eːsʉː,508
rɡl,15
ɛtp,10
tpeː,6
ökɕ,14
ɑːbɪ,17
rvf,2
vfɔ,1
ɧuːh,17
uːhä,11
siːuː,118
ʏgt,69
ɵth,19
thɵ,6
msf,5
ɑːtɵ,6
nkh,8
snä,24
vɵl,4
ɪvt,24
vtr,21
rft,3
öɡm,47
ɡmuː,46
piːuː,4
tsɪ,25
ɑːrʉː,42
tbeː,9
dɡuː,3
mlɐ,24
ɛrɐ,10
kök,3
öks,3
ädɡ,23
hös,6
ɪsiː,12
rkɧ,1
kɧɑː,11
ʏgh,37
gheː,37
rtk,14
tkö,3
diːk,67
eːfɪ,7
rɵs,62
dɔv,2
ɔvj,6
vjɔ,2
nbɔ,8
teːuː,3
eːuːɐ,1
uːɐn,15
tiːl,4
luːp,12
mkl,1
rɑːɑː,1
ɑːɑːf,3
ɑːfa,1
ɛsɡ,4
riːa,7
iːå,7
njiː,45
tlʏ,4
nɑːɔ,1
ɑːɔɧ,1
dɵs,2
vkɵ,2
ŋɐt,13
käk,5
vɔm,1
tkɔ,6
̊mɑː,5
ɧuːj,27
lyːr,17
vɡö,3
yːtɛ,18
uːmɐ,21
slɛ,1
ädh,1
lbj,2
̊lv,6
ɐlɡ,18
nɐɡ,3
tɵd,2
dsiː,6
ɔkl,3
lbuː,19
̊bö,2
ɪkɐ,8
mpn,3
pɪn,11
ɵtö,12
buːl,9
ndp,4
dpɛ,1
nfr,19
ɛsf,11
nyːl,1
yːliː,1
ɪɡɧ,4
ɡɧä,7
ɵdf,7
änŋ,2
öɧɑː,15
pbʏ,27
ɵlm,4
lma,3
mlö,1
deːa,1
ɵŋ»,32
ömɛ,16
önl,6
näp,30
äps,30
böl,6
nvɛ,15
tbl,12
pra,44
uːhyː,2
hyːr,2
ryːm,6
ŋma,23
ʏpɪ,3
pɪɡ,4
ɪsɵ,5
̊ŋv,6
ŋvɑː,3
ɐɡb,24
ɡbuː,20
ävɐ,13
yːnɑː,55
mɡa,45
ɛdh,10
dhɵ,8
ɑːlö,8
lör,8
ɛt»,5
rdö,36
ɵls,104
ävɪ,21
ryːp,16
yːpeː,6
ŋnɧ,9
vra,33
ɑːvuː,4
vuːɡ,4
uːviː,6
knɛ,59
ɕöt,1
jäd,8
ädr,14
sʉːɡ,7
ɕɛŋ,1
ɛŋʉː,1
ŋʉːd,3
̊fä,98
ɑːfɔ,27
ndv,29
dvɑː,25
vɑːl,46
tsʉː,8
djɵ,1
ftk,2
iːnɔ,4
mhʉː,5
åh,8
̊ha,3
ämɛ,18
ɪɧiː,9
ɧiːv,9
sɛɡ,25
ɛnv,36
nvɑː,33
ɕiːp,25
ɵkn,19
ökv,1
ɕʏj,1
̊nv,1
nvɐ,1
ʉːra,2
»ɡl,1
»dɑː,17
»nɐ,1
ʏlɛ,13
ɪɡl,16
ɕyːɐ,19
yːɐr,29
ʏdɐ,1
lms,4
ɪvɧ,6
ɧrɐ,12
»tä,2
ɐpr,45
prɑː,42
kuː»,2
jɐr,17
̊fr,6
öɡ»,1
ɪdr,13
»bj,1
kuːɔ,1
nkn,10
rhɵ,4
ʉːnɛ,23
ʉːneː,26
ɐbd,23
bdiː,12
mns,35
jʉːj,8
ʉːjiː,3
iːpɛ,1
ldp,2
dpl,5
kha,22
pba,5
djɔ,22
jiːb,94
prɵ,4
pfl,1
nlä,20
̊niː,25
nyːb,2
yːbɑː,2
ɕeːf,10
jɐɕ,17
ɐɕeː,17
ɕeːɑː,18
ŋɐs,33
huːh,1
fiːɑː,6
lɑːɕ,25
dsä,8
lfuː,12
thuː,14
ɑːlɔ,14
uːk»,7
»mɑː,4
dɡö,6
»Ö,5
Öp,8
̈pn,8
lnɛ,6
ʏds,10
rkʉː,9
kʉːv,24
ɔtd,2
tduː,4
pɑːl,62
lkɧ,9
vɧä,7
ɔtm,2
kbɛ,2
nsd,4
ɐsd,24
sduː,34
ɔtɧ,4
Ök,4
̈kn,4
ɐpʉː,9
feːk,9
mrɔ,2
ɔnm,2
nmeː,2
meːj,13
eːjɪ,39
ɪduː,24
ɐtd,2
kruː,82
meːɑː,19
ɑːle,1
lé,7
bɐs,14
ɛtb,8
meːf,17
fɑːɑː,3
ʏdf,1
̊mɐ,2
ɐmɪ,1
niːm,9
ɑːfuː,31
vɡɑː,3
̊hä,3
muːm,4
tlɔ,4
thɔ,3
ɑːɑːr,19
ktn,7
dɵm,2
ɵmɪ,3
mɪm,2
mɛɧ,2
uːjɛ,13
lɧä,5
fɑːɪ,8
tuːɑː,3
uːɑːv,2
ɡsh,34
siːk,1
ɐbn,71
bneː,63
neːeː,8
ɔtn,63
tniː,11
dsk,23
liːɔ,1
tkä,4
kɐb,14
bseː,4
ɡʉːr,1
siːf,16
rhɑː,17
dɐt,6
riːuː,12
rsʉː,6
ʉːɑːl,5
bɪɧ,1
ɧɔɕ,1
ɔɕɑː,2
ltuː,5
mɐd,4
bɑːuː,242
ɑːuːt,242
lhiː,3
ɪmuː,14
tɑːuː,8
ɑːuːl,8
ɐsn,5
ɛŋɐ,3
suːk,8
uːkuː,9
diːl,2
eːɑːn,8
teːeː,3
ɛtd,7
tdɑː,11
ɕeːj,19
ɪth,5
miːr,8
ɛtɐ,1
hɵm,2
ɵmt,5
iːuːr,2
mɑːuː,9
ɑːuːn,9
reːeː,42
ɔkd,1
kdeː,3
lhʉː,7
eːkuː,45
ɐtb,3
ɪdiː,2
ɪrh,10
rɕiː,8
jɐf,4
uːrɔ,1
̈vr,11
mɪk,21
ɪkm,13
kmeː,4
ɑːbä,2
biːeː,12
riːɛ,29
jɪb,16
ɧɔɡ,19
reːɛ,9
eːɛl,22
rsɵ,11
pdeː,1
rɔɡ,2
liːl,77
viːm,2
hɑːɐ,1
ɔfn,6
fniː,6
ɪrp,1
peːeː,1
rɑːl,1
kɑːb,16
ɑːbuː,34
rʉːh,10
ʉːheː,1
heːn,9
ɐbeː,13
ɑːbɔ,10
dɔb,3
ɔbr,3
ɡɐt,18
ɛtk,3
ɑːtuː,50
tɑːɛ,2
ɔmf,17
sɵl,27
ɵluː,6
hɑːf,1
ɐbiː,16
ɕɪɧ,3
nhɐ,2
tpɐ,9
sʉːm,4
hɑːeː,5
yːrʉː,51
iːhɐ,1
neːɕ,3
ɐkʉː,16
kʉːm,2
nɔt,1
hɵk,1
jiːr,20
reːuː,8
lɐb,3
teːɕ,7
ɑːjɐ,1
rkuː,6
eːbʏ,8
ʏt»,2
eːeːn,88
byːɐ,10
tuːt,18
eːɛs,1
bduː,8
nkr,7
uːrɪ,7
ɪɧh,3
ɧheː,23
»ɛt,16
riːn,14
ɪseː,13
tuːj,6
ɡɑːɑː,13
ɑːɑːs,59
»jʉː,4
niːb,3
öguː,11
vhɵ,12
ɑːtɪ,2
tɪt,14
́ɛn,7
luːl,6
heːr,72
sɑːɐ,6
lbiː,2
ɕiːm,46
ʉːpuː,4
ʉːsɐ,24
tɑːɪ,3
veːɛ,3
eːɛg,3
ɛgɑː,20
gɑːt,7
ɐpɛ,3
neːiː,1
hɐg,14
ɐguː,3
guːiː,3
ɐpiː,1
piːd,1
ɑːpɐ,16
nuːɐ,6
uːɐm,6
bɐb,1
ltp,5
jɑːɛ,2
lɵj,5
öth,1
vsä,12
yːrɛ,7
ɐtuː,1
ɔvp,2
vpr,2
ɔtf,17
̊luː,11
jts,1
duːs,10
sbä,4
ska,1
tsh,3
mkɵ,22
kɵl,36
nfä,15
ŋns,27
nsh,12
kluː,56
uːkɐ,13
ɔvt,1
ktv,2
dʉːk,20
ɔtɔ,2
rɡf,15
ɡfä,25
biːɛ,6
iːɛs,4
juːɑː,225
rɡh,1
ɡhä,1
ɧʉːa,1
övl,20
ɛdb,46
dbr,35
nyːɵ,2
yːɵp,2
gdɑː,7
rɧn,5
eːrɵ,44
rɵb,48
ɵbɑː,44
öɧp,20
ɧpl,20
ɵrv,3
äpj,3
pjɑː,3
ɵnf,2
pʉːr,16
rɵl,29
ɵlɐ,9
deːɔ,4
fɐk,6
ʉːkɔ,5
ɐtv,7
tɐb,4
eːeːb,4
ɛbɧ,4
bɧl,2
ɧlɪ,7
eːɛb,2
bsp,1
ämf,8
lmɵ,15
»na,3
ntö,2
ɛsh,2
̊nf,1
nfɵ,1
än»,7
»ra,1
jɛŋ,3
ɛŋä,3
ŋäl,3
rdt,2
dteː,1
ötm,5
nmɵ,3
mɵs,6
ruːɛ,5
pvɪ,3
ɑːlɪ,11
ʏɡŋ,45
dɡr,5
dɔn,7
jɛf,32
ɐpeː,14
tuːb,21
övt,4
vta,3
»jɵ,2
ɪniː,25
ʉːduː,2
fɛj,2
iːmiː,8
sɧɪ,1
ɧɪb,1
ɪbuː,2
»sɪ,3
ʉːtɪ,13
pɪr,6
hɪl,2
öd»,22
ɔmd,2
msuː,41
»fɪ,11
yːtɐ,19
sleː,42
ɑːbɵ,11
ösn,11
nɛɧ,4
tbɐ,1
msɔ,11
»lɔ,3
̊jɪ,2
rɡɧ,8
ɡɧl,8
ɧlʏ,7
rɵŋ,1
käɕ,4
»fiː,8
»hɪ,8
ätɔ,2
äv»,1
ävp,1
ös»,4
rfj,6
rlɵ,12
dɑːh,5
ɑːhʉː,15
buː»,2
̊rl,11
ɵtɐ,2
eːsɕ,31
lvä,2
»tiː,9
phɵ,1
uːp»,2
eːhɔ,5
hɔb,3
rmɪ,11
és,1
́st,1
eːɑː»,2
äɡf,8
ɡfɑː,8
ösɕ,25
̈vɛ,13
»ɔm,5
uːɡä,45
ldf,6
lɵŋ,35
̊nr,1
nrä,8
ɑːɡɔ,37
ökp,1
eːuːm,1
dyːr,7
pɑː»,5
nuːuː,21
uːuːm,21
ɪjuː,15
lvɵ,1
vɵk,1
ɵks,8
ksn,2
vɛl,67
»sö,4
miː»,1
rnɧ,2
nɧö,2
buːɑː,36
̊d»,6
ltɪ,8
tɧɐ,11
ɪsɛ,15
ɛrä,12
ɐdf,2
»kö,2
»nuː,1
fiːm,2
liːh,12
tuːh,1
uːhʉː,2
hɔf,6
dtä,4
täv,5
ävl,10
vlɛ,1
»hɐ,3
mʏk,16
ʏkn,24
tbɛ,7
ɐpl,21
dyːn,8
rdk,13
dkr,12
reːɵ,1
eːɵd,1
ɵdiː,1
eːeːf,4
ɡäŋ,9
ŋseː,5
ɡöd,29
rpɛ,15
lsʏ,5
tsyː,7
mʉːɛ,8
ɐɡf,4
bɑːɔ,28
ɑːɔt,28
uːva,6
buːd,3
sʏf,5
ɪɧd,1
ɧdeː,1
»feː,2
ɡdɛ,7
dön,6
juːeː,29
uːeːl,19
srɛ,5
nsr,1
vuːb,3
uːɕɛ,3
sɑːɵ,96
ɑːɵl,96
lɪm,6
sɵf,1
ɵfs,1
iːɑːr,37
äfeː,2
bjɵ,13
rfɵ,7
ɡs»,1
ɛfl,10
lɐɧ,9
Ås,2
ödk,7
änr,11
nrʏ,13
pkuː,1
»leː,7
pɧuː,1
ɧuːv,10
rnyː,4
kmɑː,29
ʉːɐl,1
buːɪ,1
uːɪm,1
lɔɡ,8
ɡbɪ,5
ɪlɐ,1
ksɔ,1
iːkɐ,16
ɵdɑː,8
tpɔ,15
ɪɡr,2
hiːɑː,27
ŋɑː»,11
yːpɑː,11
ɵŋɧ,4
ŋɧɑː,4
uːɑːm,13
bnɛ,6
rɐɧ,4
ɡsd,4
sdɵ,3
dɵɡ,13
ɵɡl,12
ɛsʉː,8
msʏ,1
sɡɵ,2
sdʏ,2
ʉːjeː,11
öɡv,2
ɡvä,2
ɔsp,6
ɛsd,7
sdɐ,4
ntd,3
iːjɛ,12
jɛɧ,3
ɡɔj,6
älm,9
ävb,4
vbuː,4
buːm,8
ldb,4
ɡrɪ,35
mɧr,5
ɔtɐ,5
spɐ,12
ŋnb,4
ɔsv,3
eːpɑː,3
lɪl,5
eːkɐ,33
é»,4
jör,14
deːv,3
teːɪ,3
ɕiːd,11
ɡɑːiː,19
iːɐŋ,1
ɐŋl,1
väŋ,13
̊ɡ»,4
ära,1
mʏɡ,3
ŋnä,2
eːkʉː,2
uːvɪ,2
iːta,2
ɪtp,1
»sp,3
»fɔ,3
duːeː,6
uːeːɡ,6
ɛtɪ,6
nöj,7
tɧuː,8
pɛg,13
mpl,51
tɵb,12
ɵbs,11
ɔjɐ,2
ɪvɐ,3
ɛbj,41
bjɑː,67
ʉːl»,4
iːfiː,3
fiːt,4
hɑːɕ,4
ɕiːl,4
ɑːhö,4
öms,7
ŋrä,4
ɔkɧ,4
kɧl,1
ɐmv,8
mveː,4
ɵpm,9
pmɑː,6
biːɡ,17
ɑːiːl,19
̊rk,4
ds»,6
ʏtiː,3
ɵsɪ,4
vseː,4
ɛdf,9
teːa,1
biːs,34
rʉːj,27
juːɐ,25
ɐph,5
hön,4
mɑːɔ,1
ɑːɔk,1
meːeː,7
uːiːj,2
äseː,41
kla,1
luːb,4
uːbä,4
övɐ,18
eːte,17
ɵmuː,6
töj,19
uːsa,20
»ba,2
ɡsa,1
eːba,4
kör,13
uːmä,7
sɧɐ,7
ktɧ,5
tɧr,8
ɧrʉː,11
uːkä,3
ts»,7
yːn»,6
ɐbf,2
bfuː,2
ɑːkä,1
jiːɑː,2
uːɐv,11
vla,10
dɐŋ,14
mnuː,26
niːɑː,40
fɐɕ,13
ɐɕɑː,21
iːtɐ,10
dhʉː,1
lviː,15
bɑːh,6
sɑːɛ,7
»riː,2
rɡd,31
ɡdr,31
ɵdl,18
övɧ,7
vɧɑː,7
fiːb,15
ɪdɐ,8
ɡsö,3
eːbɵ,17
»hiː,2
siːɔ,45
nlɛ,7
ɪmɛ,75
uːmuː,300
ɪbh,6
bhɑː,6
nfl,15
ɪŋɡ,3
ŋɡa,3
ɐɧt,1
eːjʉː,1
ʉːmɛ,20
sʏp,21
ʏpr,21
sʏm,16
ʏmb,16
nɑːv,4
sɵs,4
dkɐ,10
vkɑː,5
uːɑːt,4
beːm,13
tuːiː,3
ʏkö,3
uːiːs,1
ltd,6
hiːl,41
iːlɵ,5
juːj,116
uːjɑː,118
nʉːn,11
tɔb,2
ʏdk,4
dkuː,3
iːɐm,1
iːɑː»,11
rhʏ,3
tfɐ,3
jɪn,16
dsj,6
sjɵ,1
jɵk,10
vɪɧ,9
eːdɪ,10
dɪj,1
öɧv,8
ɧvɐ,9
mnɔ,4
̊puː,2
ɑːsö,7
ɕiːk,3
ʉːla,17
hɵr,9
kuːɑː,14
rɡk,2
ɡkl,11
»jä,3
gnɪ,11
nɪs,20
rɧɵ,3
msɑː,5
rjn,22
ɛg»,1
ɐmɛ,4
ɕɪd,11
rjs,2
jst,2
ɛriː,8
ktk,14
mɔd,8
ɔdl,6
lha,13
yːnɕ,1
»br,3
uːbiː,20
önuː,2
ötɔ,1
tɔs,1
ɧuːɡ,26
tät,24
ömɧ,4
mɧt,1
tiːk,8
ɑːdɔ,18
uːpiː,43
piːeː,22
piːɛ,21
»mɔ,3
rbʏ,11
möɡ,2
tfɪ,2
rjt,4
ɕɪm,23
ɪmh,6
mhɑː,4
bɪk,8
vruː,1
ruːk,17
ɑːb»,4
söl,3
ölɑː,4
rtɧ,12
hɐb,43
rɔŋ,40
vbr,3
ɔdb,3
buːb,1
eːɑːiː,1
rvd,5
dsɡ,28
sɡl,15
jɵn,41
rba,3
ɔvɧ,38
vɧɵ,40
ɐluː,12
pjɵ,1
ɛbɐ,1
mpɐ,5
huːɑː,6
uːɑːiː,10
eːhɛ,26
növ,5
övä,2
rsd,2
bɑːiː,20
biːɐ,1
iːɐl,1
hʉːm,14
iːɑːm,12
pɑːɑː,2
gɑːd,10
lkr,8
lkm,8
kmä,8
mhɔ,1
hɔd,1
pɡɑː,6
tsɵ,4
rɑːʉː,8
ɑːʉːn,8
ʉːnɑː,10
̊ln,11
»pr,14
muː»,1
jteː,2
dbö,11
eːmö,4
tʉː»,1
rhɔ,13
bdɑː,2
nhʉː,3
ɑːrɵ,3
ɵbuː,2
tɑːf,1
ɔkm,2
rʉːɑː,1
ɪfs,4
ɪdh,10
dhä,12
hɔl,3
ɪsd,15
ɛjä,2
lpl,5
pliː,12
flɔ,9
teːv,4
iːrɔ,1
siːv,3
ɡhɵ,1
ɐpɡ,2
kbj,1
lnɐ,5
ɪrn,5
rkf,4
kfr,1
nrɛ,5
nɪd,5
ɪdv,5
dvɛ,4
ʏtr,35
ɛmk,2
mkɐ,3
lmɛ,5
dveː,2
ɔnɧ,7
nɧɔ,6
röp,12
phʉː,3
ɔnf,1
ɐvm,7
yːrɪ,5
mfa,6
äŋp,1
ŋpr,1
bɵk,8
ɵkf,1
kfɔ,1
ɑːtɛ,13
ɐkd,4
ʏmd,5
ŋuːr,15
ʉːlɛ,2
nsj,5
yːtuː,3
syːd,2
yːdɔ,2
puːl,6
iːvɐ,5
̊ŋj,3
ŋjä,3
ɐtk,20
ʏns,5
äsm,8
lɛm,135
ökɵ,2
psm,2
mɵɡ,3
ɵɡt,3
ɡtr,3
öpɛ,25
̊th,45
lfɛ,12
ʏgs,2
gst,2
vrɵ,2
ɪsf,4
ɑːpuː,5
̊fa,4
ʏrd,3
mɵl,19
lbä,8
sfiː,10
ɵŋl,22
ŋliː,47
pkö,2
meːɪ,10
ʉːdɪ,26
tɑːp,19
nʉːb,3
ruːb,108
krö,59
öniː,49
niːk,55
̊fɵ,3
uːsiː,63
ɐŋɑː,7
ŋɑːv,17
»ɡr,6
»bö,1
dleː,5
ɪtɐ,4
jöɡ,1
beːɐ,54
vɐg,1
ŋsa,114
suːs,2
uːlɐ,3
vɧɐ,15
bɑːeː,30
hɛɧ,1
iːjuː,3
tɪb,4
jiːn,2
ɛdp,1
dpɪ,1
̊ɡk,7
ɡkɔ,8
bɐj,30
ɐjɑː,107
flɛ,6
ɡäk,9
ŋn»,2
rmɛ,11
hʉːk,3
tbʉː,2
ɵsn,7
hʏl,14
ŋsɕ,3
ʏs»,2
ɔk»,1
ʏdɔ,6
ɡsɡ,3
lɡʉː,1
lɧv,1
siːj,3
iːjɪ,5
»lyː,1
ɪpl,9
»nɑː,2
iːdɕ,62
dɕiː,62
ɕiːɑː,248
gnɛ,12
̊ŋk,3
ŋkɔ,2
»sv,8
nbɛ,4
hɐɧ,37
ɪsɕ,7
bʉːb,4
ɪɧn,15
ɧnɑː,10
iːuː»,2
»eːl,7
sfɐ,2
ntɧ,2
nbɪ,6
nös,1
ɔpɡ,2
pɡr,2
öl»,1
̈ruː,8
tsk,2
siː»,1
ksj,1
sjä,3
vɔt,1
iːnɵ,2
pär,37
nruː,5
ŋɑːt,7
hʉː»,1
dɪɧ,31
mɧɔ,4
vkä,2
bɪd,1
»ɧʉː,5
ɵrh,2
smɪ,8
smʏ,4
eːɕɛ,14
dhɑː,3
»ɑːh,1
̊lyː,4
ädk,3
ldk,4
lvɐ,9
uːɑːh,24
ŋɑːb,5
ɧɔm,1
ɔmɛ,6
kth,8
̊sɐ,5
rhɪ,5
ntp,1
lɐd,16
ɪbj,4
ŋbɑː,1
räɕ,14
uːbʏ,1
meːɐ,1
eːɐt,1
uːɐd,4
»tö,2
ɐl»,4
msp,5
rnp,6
npɔ,9
kɔj,1
pʉːl,3
peːk,17
kɑːj,8
ɑːhɛ,4
mɐj,13
iːuːɐ,3
Öɡ,6
̈ɡuː,3
tpiː,4
vtɛ,2
ösb,3
tɛŋ,12
ɛŋɔ,6
ŋɔl,6
tsɡ,5
diːɛ,13
pjɔ,3
kʉːt,4
vɑːiː,9
ɵkɔ,3
kɔt,3
vɑːɪ,5
eːhɵ,3
ɛbn,9
ɵnv,4
sɑːj,53
åeː,2
̊eːt,2
srɔ,5
uːdɐ,2
kbɑː,2
ɔjuː,2
ʏɡh,3
ɡhʉː,3
ɔvɕ,2
vɕä,2
ɑːbyː,60
byːl,60
yːluː,61
nlɑː,3
hɛf,1
tsn,13
diːd,2
sɐj,3
hiːk,20
kbuː,2
dɐp,2
ɐvn,8
vmɐ,10
bnɪ,3
miːɑː,149
drɛ,35
ɛvs,2
ʉːkɐ,90
ɐdn,62
dnɛ,57
lde,77
ɛsɐ,21
ʉːɛt,3
ɪtɔ,4
juːh,137
ɪlm,4
dɑːk,7
̊ŋd,2
ŋdr,2
diːf,1
lʉːb,2
seːɡ,14
ɡʉːb,2
ɐsh,15
meːɛ,4
uːnɐ,7
pɑːiː,2
pɑːɪ,1
jiːs,6
uːrɕ,1
kbeː,1
ɛtɡ,3
tɡɑː,5
nʉːh,1
ʉːhɔ,2
hɔt,2
ɛɕuː,1
ɕuːɑː,1
ɑːeːb,4
sʉːk,1
ɐbj,22
rɛɕ,12
ɛɕɑː,12
ɐbh,2
bheː,2
lɐɕ,6
ɐtʉː,10
huːd,14
dɑːʉː,4
ɑːʉːj,5
kʉːb,6
eːɑːj,4
iːeːt,6
lpuː,1
puːn,2
ɵms,11
lɵp,11
teːh,4
eːhɪ,1
iːrʉː,3
bɪɕ,1
ɪɕɑː,9
iːmɔ,7
lɑːeː,8
ɑːeːd,8
krɵ,34
ɵkm,18
kʉːr,8
tbiː,1
tuːɕ,2
jɐm,1
uːsɪ,5
feːiː,1
ŋnt,6
eːiːn,2
juːɛ,2
uːɛl,2
tpɪ,3
eːeːs,2
jeːj,9
kɑːeː,10
ɑːeːk,1
fɑːiː,2
stj,13
iːsiː,4
ɐmŋ,2
mŋa,1
iːɑːeː,4
iːɑːɛ,2
shuː,3
seːɕ,10
khiː,1
ɵsɛ,1
sɑːɪ,1
ɑːɪt,1
bɪm,3
ɐsv,33
nuːh,1
ɪrm,2
pɑːɐ,2
tɔɕ,1
ɪfd,1
fdeː,1
ɛɧɑː,2
ɪbɑː,6
nʉːɑː,2
kbɐ,2
eːdʉː,19
ʉːtʉː,10
tʉːn,11
öɧl,10
ɧlɐ,7
ŋsr,6
srɵ,4
ɐtɪ,18
tɪɕ,8
ɐlɵ,6
kveː,2
ptɐ,5
ɑːeːr,2
ɐkm,2
kmuː,2
meːɕ,1
sʉːeː,1
leːʉː,3
eːɐj,1
rʉːf,2
ʉːfiː,1
uːeːs,3
dɛk,11
̊dp,3
ɵmɔ,1
ɪɡf,1
ɡfö,8
eːɛj,1
iːɕɪ,5
ɕɑːs,9
ɑːmo,2
mó,2
ót,5
ʉːtɵ,5
kʉːn,1
tuːʉː,2
uːʉːs,1
fɑːk,2
jɑːɵ,1
ɑːɵr,1
ntv,4
ɔkh,20
bʉːeː,3
seːuː,1
miːj,5
iːjɑː,5
ɵpɑː,1
hɐp,2
ɐpɪ,1
ɡʉːɐ,2
ʉːɐn,2
ɡɵf,9
ɵfj,9
mɑːɐ,3
ɑːɐɧ,2
bɑːɛ,1
iːɑːt,9
jɔs,2
niːj,10
peːɵ,1
eːɵl,1
fɑːeː,1
mɐɕ,2
ftf,2
tfɵ,3
̊dk,7
ɔsiː,1
uːmɪ,2
ltn,6
vjɪ,1
hʉːt,1
eːlɵ,2
lɵb,2
ɪfm,1
fmiː,1
eːfö,1
̊dɧ,4
dɧɐ,12
rtɡ,7
tɡl,2
tnä,9
hiːɛ,3
lɡɵ,3
mɑːb,2
lnm,1
̊ŋh,10
ŋhʉː,1
dbʏ,1
ägɐ,8
biːv,1
mtl,1
ʏkɐ,15
tiːɑː,8
iːbyː,4
byːeː,3
yːeːr,3
ɵke,1
psɕ,2
sɕʉː,2
ɕʉːl,1
dɛd,9
byːɛ,1
yːɛr,1
khʉː,1
ʉːn»,6
ɧuːd,1
diː»,1
ɐsɪ,2
rʉːɛ,1
ŋrɛ,3
uːbɔ,1
ɔtl,1
ŋɐɡ,3
sɔd,1
ɔdp,1
dpɔ,1
stp,3
pjä,5
ɪps,1
psp,4
neːp,1
eːpɔ,2
jeːɕ,1
sdɔ,8
dɔd,4
lpɔ,7
iːnɕ,5
ɵtä,5
tɧh,3
ɡɐb,27
ɵml,10
hʉːeː,1
öŋs,1
äbö,3
mfä,5
lbʉː,6
ädɐ,8
ʏɡs,10
öɡɐ,4
tdɛ,2
pmɵ,1
»liː,5
eːda,7
uːjuː,13
ɪɧp,4
ɧpɔ,4
siːɐ,9
vuːs,6
vfiː,1
»kl,1
ɐtm,15
ŋdö,45
bɪɡ,6
ɪɡv,6
ɡvɑː,6
eːuːs,6
pɑːh,6
ɑːdɪ,11
ɪbɐ,1
ʉːeːn,4
ɡbiː,1
dɪd,2
dmiː,9
kɵb,3
iːɑːh,1
ɪdɛ,4
kuːd,14
meːʉː,7
eːʉːn,2
ʉːnɪ,2
iːsɪ,7
kbɵ,5
ɑːkʉː,2
kʉːf,2
hiːd,2
puːɕ,2
bɑːɪ,2
ʉːviː,2
ɧɐs,2
ɕɛs,9
ɪla,4
skr,2
dɑːf,4
sɛɧ,1
sɐs,36
ɑːtɕ,1
tɕiː,1
ɕeːv,1
äɡp,3
ɡpɛ,3
nɔg,2
ɔgr,2
grɐ,2
gɑːiː,12
rbuː,4
ɵlä,2
ɵɕiː,5
ɵmɛ,4
älɕ,9
»ɐr,2
ɛlɕ,1
ɐɡk,9
luːɕ,11
ŋbö,1
fjɑː,3
ɐbʉː,2
ɪnʉː,7
nʉːiː,7
ʉːiːs,2
̊bʉː,18
uːnɔ,5
ɑːɑːd,1
ʉːhiː,1
jɐd,4
ɐdʉː,13
kɐj,2
msɐ,3
ɡsp,5
ɐkä,1
ʏŋp,4
ŋpɔ,4
gɑː»,2
̊rp,4
ɑːtɔ,24
ltɔ,4
sɔj,1
ʉːmɐ,1
mɐf,1
rɛm,2
lʉːn,1
kɔl,5
ɐpɔ,2
sbɵ,2
bɑːv,1
ɛnp,7
tɧʉː,14
lɐf,1
nmʉː,2
ʏsɛ,1
vɐp,5
ɐpn,5
ɵnb,1
eːtɵ,3
tsö,1
ɔjɔ,2
plɛ,3
ʉːfɛ,3
lʉːl,1
ŋbuː,2
ktf,6
bɐd,1
ötɐ,2
iːnʉː,5
ɐɡp,1
ɡpiː,1
piːɑː,1
dʉːɑː,3
muːj,9
lsv,9
pbʉː,2
uːeːd,1
lɐj,4
bɵɕ,3
ɵɕɑː,4
ɑːɐj,1
muːk,2
lʉːɕ,1
ʉːɕiː,2
niːɕ,2
psö,7
nɛj,5
̊ŋɧ,3
miːl,2
ɑːɑːiː,1
rɛr,3
ɐviː,3
tɡɔ,2
rnö,5
ŋɑːp,4
uːmɵ,1
ɔfuː,2
rlɡ,1
lɡl,2
biːj,3
mʉːk,3
̊beː,2
uːrʏ,16
gliː,11
ʉːhʉː,5
heːj,1
nuːv,3
heːɡ,3
ʏrɑː,13
rɑːɔ,1
ɑːɔj,1
ɑːɐs,4
ʏkl,21
ɡɑːj,5
lvɪ,4
ɔfɑː,1
eːpeː,4
vɐj,1
ɐjs,1
jsɑː,16
ɧrɛ,1
sɪɧ,2
Åk,17
̊kl,19
»uːk,1
pluː,4
»ɡɵ,4
ɡsj,7
kɵg,14
viːɑː,6
rsk,9
njö,1
jöt,1
ŋleː,3
rʏs,2
dpɵ,1
pɵs,3
ɛpn,4
önj,2
njd,1
ʏts,1
peːs,5
̊kɵ,19
ɡɑːp,20
ldŋ,2
dŋn,2
uːɵt,7
nɵf,60
ɵft,64
lfɵ,5
ɵŋɔ,4
eːnɛ,6
vɪv,10
äniː,1
niːl,4
nön,5
pmɐ,4
dfɐ,4
fst,5
öps,4
ɧrʏ,24
spuː,1
vsv,6
iːdɵ,2
uːtuː,1
lɑːv,2
ɧɵɧ,3
rnj,2
ɔtp,6
ɡsɛ,1
pöl,2
dʉːn,4
rdf,1
pheː,1
ɵlk,9
eːfa,4
̊tn,10
tnj,1
nɧl,3
ɧliː,2
ŋbä,1
uːär,3
ɐkf,1
tuːk,9
sʉːl,3
ʉːrɕ,2
rls,1
tyːn,3
̊ŋuː,1
nʏp,1
ʏpl,1
ɪŋh,4
ŋheː,12
uːla,4
̊hö,1
läɧ,2
gɐs,1
Ån,2
nlɔ,5
ɑːvɔ,3
vɔɡ,3
ɔɡh,2
riːɵ,5
ɵmf,5
mfeː,6
äliː,18
msn,2
mjɵ,9
ɵmj,1
dkö,1
msɛ,1
rmɧ,2
mɧɪ,2
ɧɪf,2
ɡlɵ,4
pɧh,1
̊kɔ,3
ɵdeː,5
iːpɔ,2
lmɐ,3
lɧö,1
ävuː,2
spö,2
pör,2
rvuː,3
ösh,12
uːfɪ,3
fɪr,4
ɵkɐ,4
mdr,1
ntn,1
ʉːvɐ,4
Äk,1
̈kt,1
»ryː,1
ɵguː,2
guːr,2
vɡr,7
ɡɔɡ,13
ɔɡr,14
ldl,3
ɧʉːl,3
fʏn,1
ɧɐk,2
eːna,5
»bl,8
säg,2
gneː,7
ɡɔm,1
örʏ,1
rʏŋ,1
lhɵ,1
nɑːɡ,47
ltö,2
ɕʉːt,5
äsl,8
ɧɔk,2
eːlö,5
ɕɑːɡ,1
ʏɡl,2
rkn,5
sɧɑː,14
ɐfb,2
fbɑː,2
ɪmp,1
ɔlj,2
ndɕ,1
dɕʏ,1
jdɐ,4
̊ruː,8
jɔb,4
lɵf,4
dbɐ,2
nyːp,1
»reː,1
uːsʏ,1
Ör,4
̈rɑː,4
lbr,8
föɡ,4
lɡuː,1
vsɡ,1
ŋnf,2
nhɪ,2
lnh,2
ldɡ,1
dɡl,1
lvk,1
öjuː,15
ɡlɛ,1
ɐjɛ,1
riːɔ,3
uːkɔ,1
vbö,1
ɕʏg,5
ömh,2
ɛnuː,1
ryːr,7
ɪpɐ,1
pryː,7
ryːd,7
mɵɧ,1
ɵɧl,1
ɧleː,1
tyːv,1
iːpuː,9
tɵs,2
ɕʏɡ,8
säv,4
ävh,1
vhɐ,1
käf,4
ɧhɐ,1
rpʉː,7
ɡɐp,1
fnyː,1
nyːs,1
äsb,4
mŋn,1
ɡdh,1
ɔɡv,1
ɡvɛ,1
uːrɵ,1
ɧlɵ,1
vuːk,1
lɡä,2
nsp,11
ŋmä,56
iːlo,1
ló,1
rniː,2
lɔj,6
ɔjiː,6
rʉːp,6
fɵk,5
luːɐ,3
ɪti,3
tí,3
ít,4
mɵt,1
ɐbe,1
én,1
hɪg,1
gɑːj,1
ɑːjo,1
jó,1
ón,1
lyːn,10
iːni,1
ní,1
ɵpä,9
pät,10
pvɐ,6
rtl,1
mlɔ,5
lpn,3
hʏk,1
ɕäl,2
mɐŋ,1
ɐŋɐ,1
ŋɐd,1
Äl,5
̈ls,3
iːɔs,3
srʉː,4
ɪpr,4
ätɡ,1
jyːk,1
ɕyːr,3
ɪvm,3
vmɪ,3
ömb,2
mbɪ,2
ɵkb,1
kbä,1
lɧh,17
»ɔj,1
ɔjä,2
skɑː,8
ɐlɐ,8
dtr,10
ɵkh,6
luːeː,3
ldv,1
dvɪ,2
ndɡ,7
ɵlh,8
uːvɛ,4
ɑːla,2
lá,1
át,1
prʉː,2
pɡö,2
ɕʉːs,2
ndt,4
ɪɧä,4
ŋɧä,2
ɡɧa,3
vjɵ,1
pmj,1
Äŋ,3
̈ŋɐ,2
ɵsm,1
ɡtɔ,3
ɔpɪ,1
ɔɡt,2
tkuː,10
dfɪ,1
ɔjʉː,2
shɪ,1
uːɡɵ,8
bʉːj,1
ɛmb,2
rtp,1
sʉːp,1
ɵgb,1
gbɪ,1
ksuː,2
ɡvr,2
räg,3
rbyː,6
ɵmr,8
ɪrv,7
suːɐ,4
̈ŋl,1
tuːä,1
ŋhɵ,1
vsr,2
ödn,2
vɛj,1
ɛjɐ,3
»rɑː,2
eːɐn,1
ɐno,1
nó,2
döɛ,1
öɛn,1
ɡd»,2
sɛp,1
ɵpö,2
pöv,2
ɛsɛ,2
̊ŋf,5
ŋfɐ,4
lʉːj,23
nbuː,4
mjd,1
ɵsv,9
tɪg,9
älɡ,3
dneː,16
pseː,3
dɡɐ,4
ɵvt,3
jʉːv,8
lɐg,7
ɡɔŋ,1
ɔŋr,6
ŋryː,1
Ön,1
̈ns,1
rvb,1
uːlä,12
sbɛ,1
»mö,1
ɐpɐ,1
yːsɐ,3
ɵlr,3
lrɐ,2
lsuː,2
läɕ,11
ɪlɔ,2
ödɔ,1
lɧl,3
myːr,2
lvs,2
vsp,3
äkh,1
»tɐ,1
lɧuː,5
öɡf,6
nkf,3
kfɵ,3
ɵrm,2
̊dv,3
iːnɛ,11
dɔɡ,1
ösm,2
smɵ,2
nyːɔ,1
yːɔd,1
̊lm,5
ʏkɔ,1
prɔ,5
̈rɔ,2
ɐɡh,1
pdɑː,4
jɔn,3
kdr,2
ätj,3
tjɑː,3
̊sɪ,1
ɵsd,2
̈lɧ,2
»ʉːs,1
̊fɐ,1
öɧj,1
ɧjʉː,1
duːj,1
fiːɕ,1
äɕiː,5
nɪk,1
ptr,11
Öd,4
̈dm,1
pt»,1
rɛɡ,1
ɪk»,1
iːliː,4
ksm,1
ödiː,1
ɧryː,1
dɛj,1
lfɑː,1
pyːuː,4
yːuːr,4
dpiː,1
mt»,3
ɐtf,2
ŋniː,2
lbɪ,2
tpr,4
ptɵ,1
ɛlö,1
jʉːɕ,3
ʉːɕɛ,1
ɛpɛ,1
yːrɔ,1
jɛk,1
kuːö,1
uːöd,1
muːeː,1
ötiː,1
ɑːvʏ,1
vʏt,1
fäɡ,3
̈ɡɑː,3
nyːeː,1
ŋɑːh,8
uːfɵ,1
ämɡ,1
mɡuː,1
rvɡ,1
vɡɔ,1
dsɵ,7
biːf,1
öpɐ,3
msv,1
äsn,3
liːp,1
kɐp,2
ɧnɔ,1
kɧr,1
tʉːd,1
̈nd,5
dʉːs,3
ɑːɡö,1
syːp,2
yːpɛ,3
ägp,1
gpɑː,1
äpɛ,3
ɪpv,1
ɵdt,2
dta,1
ktb,3
tba,1
psd,1
pkɔ,2
ŋpɑː,2
ɛmv,2
rdɵ,2
ɵsp,1
ɐfr,2
öpuː,1
vɪp,1
lnö,1
teːf,1
kʉːp,1
ɐbɪ,1
ɵrɡ,5
kfä,2
sfɵ,9
öviː,2
uːäd,1
rdɧ,4
dɧn,4
ɧniː,4
ɪpɡ,1
mös,3
ɡtɵ,1
jdk,1
dkɵ,4
ɧöv,11
pɪŋ,1
äsuː,1
ɵdp,2
dpr,2
ɛɡs,1
ɐɧuː,1
njä,4
ɡɧɵ,1
ɛsk,5
ɡlʏ,1
ɡbr,4
fuːj,1
tma,5
phɛ,4
ʉːtɔ,2
»heː,2
dɪf,3
sdä,1
däl,1
luːɑː,4
mɵm,1
»teː,1
pɧɑː,2
ävs,3
äɡv,5
ɡviː,4
lnuː,1
ɡmɔ,1
lnä,3
äbeː,2
tkv,1
dmeː,7
khɛ,2
ödb,2
dbɔ,2
yːvɑː,4
ɧɔd,1
ɧɔj,1
̊nɛ,3
phɪ,1
tbʏ,1
ŋvɐ,2
nuːɔ,1
yːrɐ,3
uːrʉː,6
mpɧ,1
pɧö,1
lɪɧ,2
ɔrɪ,9
ʉːhɪ,1
uːpa,3
bɔn,17
rɪr,1
uːɛr,2
ʏɡf,1
ɵrɑː,1
ɔlɡ,3
tɧɔ,3
jeːp,3
ktʏ,1
ʏɡɧ,1
yːnɛ,5
rmɵ,1
kɔɡ,1
äŋa,1
ɔpn,1
pnʏ,1
bɔl,1
mfl,2
̊kä,1
piːɕ,1
ɧöf,1
öfɑː,1
lsf,2
ɵsb,14
eːnä,8
pfr,3
̈deː,3
̈reː,6
tsr,1
ɡɵŋ,1
̊ŋɡ,1
ŋɡr,1
ɡfɵ,1
vtɔ,1
lpö,1
eːɡ»,4
vsɔ,2
lkt,2
vbiː,1
smj,1
ölɕ,1
»gn,1
gnt,1
veːp,1
tkɵ,3
kɵm,10
rhuː,1
lyːɛ,1
yːɛn,1
msyː,1
ɪreː,1
uːbʉː,3
pɵk,1
ɵkl,1
ökm,1
kmɔ,1
jtɛ,1
ɐreː,1
shʏ,1
ɪpf,1
ɔpr,1
nrɐ,2
ʉːsɪ,4
ɵrl,4
diːɕ,2
uːjä,2
tɧa,1
ɪŋf,1
ŋfj,1
ksb,7
yːnɐ,1
rtyː,4
ɛgj,1
gjä,1
sbɪ,6
rä»,1
gnp,3
»siː,3
ɐkɐ,1
räb,1
ʏpiː,1
piːɡ,1
ʏŋɑː,3
tʏv,1
ʏvs,1
»öv,1
ʏtɪ,5
rpt,2
»pl,2
mtɐ,4
löɧ,2
öɧö,2
ɧöp,2
msb,1
psɑː,5
ɪŋm,2
ŋmʉː,2
iːrɪ,6
näv,4
ödt,1
dtɔ,2
gnl,1
lfa,1
dɵv,1
ŋɐb,1
jeːɔ,1
dɛp,1
ɛpl,3
»öd,1
»äk,1
ŋrʉː,1
lɐl,1
ɐŋö,4
ŋöm,4
dʉːɕ,2
pna,2
ɛrɕ,4
rɕʉː,1
dyːl,1
yːlɪ,1
näeː,1
smɛ,6
ʏtf,1
dtiː,1
ölä,4
fla,1
ävj,1
vjɑː,1
̊sb,1
bäj,1
»tuː,1
̊pd,2
npɛ,1
hɪŋ,3
gnä,1
näg,1
ntk,3
ɪlyː,1
lyːk,1
lɧr,2
ämuː,1
ɑːdʏ,1
tdʉː,1
tɔt,2
tɡä,12
neːɡ,17
eːɡö,1
ɵɡd,1
dʉːj,4
snɵ,1
nɵb,1
̊ɡt,2
gns,1
nsyː,1
ötn,1
jʏk,1
lbɐ,1
eːbä,2
ɪfeː,1
ksd,2
mnɛ,4
lsh,6
»pɐ,1
gn»,1
»ɐn,4
»fä,3
ömɕ,1
mɕeː,2
öm»,1
gnd,1
»tɵ,2
äkb,1
kbɪ,1
pyːn,1
ŋdɛ,1
eːvʉː,2
ɐsɵ,10
uːdɵ,2
uːtä,1
äɡm,1
ɡmä,1
bsh,1
ɡuːɑː,1
ɐɧd,1
ɧdɑː,1
pɛb,7
jɪɡ,1
blä,2
̊tä,1
bdeː,1
deːɛ,7
dlɔ,1
äɡk,1
lɡɔ,1
mtyː,1
ʉːte,5
rfeː,1
ɡɔk,1
myːj,1
jɵl,3
bɵɧ,2
ɵɧɑː,2
Öm,1
̈mɕ,1
muːf,2
tdɪ,1
ɔsɐ,4
»ɧr,1
deːeː,28
vleː,2
iːɡuː,1
äkɡ,1
kɡʉː,1
ɛbk,1
bkɑː,1
tnɐ,3
sbʉː,4
yːreː,4
ksf,1
ɔpb,1
pbɵ,1
hʏs,3
ɪgd,3
jd»,4
ŋɧɐ,1
rvt,2
ɪŋk,2
ɧuːɐ,2
ɑːfä,2
ɑːfɪ,3
ɵlɧ,1
äkuː,4
npl,1
hɪr,1
rnk,1
iːɑːn,4
ɐrɐ,3
ɔr»,1
ädɧ,1
dɧv,1
ɧvɪ,1
rdv,2
vtyː,3
ɐɡv,1
»rɵ,1
ɪnŋ,1
lɧɔ,2
ɔɡɧ,1
ɡɧr,1
ɛnɔ,1
rdm,2
dma,2
ŋtɐ,1
nsf,1
»ɔf,1
mtö,1
feːj,7
äɡɧ,3
sdö,2
̊sɕ,3
rʉːl,2
dbuː,2
uːde,1
suːe,1
uːé,2
kuːe,1
öml,2
rɡb,1
rkp,2
kpl,2
ɧnä,2
ldt,1
ɡtp,1
däk,1
ɛpɑː,5
ɧöm,4
ömä,4
ʉːbyː,1
nhɔ,1
ŋfä,1
äkɔ,1
ɑːsä,2
ʏmɐ,4
ɪtɧ,1
tɧɵ,1
»nɪ,1
ɧuːf,4
uːfuː,2
ɧɐv,1
ʉːbe,1
piːb,1
ɐfn,1
fneː,1
ɵgr,1
griː,1
ɵlf,1
ɧruː,1
dsö,1
ɐpɧ,6
pɧl,3
ɧlö,1
ɐvp,3
ktʉː,1
dɛɕ,1
buːɡ,1
ɧuːä,1
uːät,1
gnyː,2
uːv»,2
dpa,1
mta,1
ɛsn,1
töp,2
duːv,9
ŋbʏ,1
nrɵ,1
lrɵ,1
ldö,2
iːvuː,3
öriː,1
nrɑː,3
tjä,1
jän,1
̊hɵ,1
örŋ,1
rŋa,1
tkn,1
nöl,1
ölɐ,1
nɛɡ,1
ɡöl,1
ltb,1
hɑːʉː,2
ɑːʉːr,2
rdɡ,1
ʏdɡ,1
sdeː,1
vtɐ,2
pfɔ,1
mna,1
msɕ,1
ösr,2
ɧluː,2
̊rn,2
äkp,3
kpiː,3
ösuː,1
»ɔɧ,4
rnf,1
nfj,1
jɔŋ,5
ŋruː,5
uːpɛ,1
»myː,1
ɧuːö,1
uːöɡ,1
bök,1
ftn,3
ɔrŋ,2
»ɡɐ,1
dbl,2
pbj,2
dɧuː,4
önɪ,1
lɑːɪ,1
ösɐ,4
lsb,1
lsd,1
sda,6
bän,3
jdl,1
kfl,1
bɧuː,2
std,1
böd,1
ŋsn,1
ökf,1
neːɔ,1
äsŋ,3
sŋn,3
äsf,1
tön,1
dɡɵ,15
äsä,1
iːeːd,1
biːɕ,1
öɡŋ,1
ɡŋʉː,1
ötf,1
ɔfɔ,1
nɧuː,1
ɪɧk,1
ɧkr,1
ɪkʉː,1
ɕiːʉː,1
iːʉːn,1
rŋʉː,1
ɧra,2
ɪpb,1
ftp,1
ɡuːv,1
dɐɧ,1
ɐɧɵ,1
lrɔ,1
»ɔs,1
ɧöɡ,1
phuː,2
kɔɧ,1
ɡɔɧ,1
ɔɧr,1
eːɐf,1
äɡb,1
tɵg,1
ɔsm,1
ɵvm,1
vmɵ,1
eːdö,1
ömp,1
lkɵ,1
»niː,2
iːlɛ,1
̊dm,1
iːdö,1
döp,54
lfɔ,1
kʉːk,2
dvɐ,1
ktp,1
pbl,1
ɡvɪ,1
sɪj,1
uːno,1
vɵr,1
ömf,1
yːveː,1
̊lɔ,1
ltɡ,1
̈nj,4
ɛɧa,2
vkv,1
änuː,1
ʉːvɛ,1
ɧäp,9
lyːl,1
jɛm,1
ɛmeː,1
nbö,2
ɔdm,1
»ʉːt,2
lmk,1
mkä,1
ɧrö,4
öpl,4
ɪdɔ,1
ɔp»,2
ätm,1
eːva,2
nvö,1
vör,1
buːeː,2
biːʉː,2
iːʉːd,4
liːʉː,18
ɛsiː,39
lɑːʉː,1
leːɛ,1
ɑːiːɑː,11
dhuː,2
iːse,82
ʉːke,9
jäv,13
ävʉː,13
vʉːl,13
kɑːp,19
nɑːʉː,17
ɑːʉːm,17
leːɪ,5
deːʉː,12
iːʉːm,16
uːda,1
pɵb,22
uːɡɔ,8
ɪjɔ,2
ftɡ,11
yːdiː,2
njɔ,4
teːʉː,4
ɔɡf,7
ɔdɡ,4
fseː,4
jtb,1
̊nl,3
nluː,3
»ɧö,2
ɑːpɔ,8
ɪpʉː,13
pʉːs,13
lfeː,4
feːʉː,4
ɛbeː,1
beːʉː,1
ɪlö,3
ɧɵd,3
ɐfɐ,1
ɑːiːd,6
ɛŋr,6
ŋrɵ,6
»eːd,2
pɧɔ,5
ʏdv,3
äpuː,2
lsa,2
̊fɪ,2
ɪpiː,2
»sɔ,1
ɧuːt,2
juː»,1
nöɡ,2
öɡd,2
ɛdɕ,5
dɕä,5
ŋkn,1
lvm,1
lsö,3
söɡ,3
viː»,2
ɔrɕ,2
byːn,8
vuːm,3
̊ŋl,3
ɔpɧ,2
teːp,1
»ɕɛ,3
eːɪn,1
fsɐ,1
eːlyː,1
dɪl,1
ɕʏk,2
ɑːiːf,3
»rɐ,12
rtʏ,4
ʏseː,2
biː»,3
jiːuː,4
knʏ,2
jʉː»,2
rɕɪ,6
ɑːra,2
eːrʏ,1
lɛp,2
niː»,2
vɐm,2
ätɪ,3
teːɑː,3
iːdʉː,1
nsm,1
ädɪ,2
tbuː,3
uːjɔ,2
̊sɛ,1
söv,1
neːä,1
eːär,1
iːnɪ,3
nɪf,5
yːruː,1
ɛfɑː,1
ɧʉː»,2
spʉː,3
»tɔ,1
liːiː,2
ft»,2
»ɡuː,2
duːp,4
ʏmf,5
ɡuː»,2
rmd,2
iːle,6
ɵrf,2
ʉːfʉː,1
luːiː,2
uːlɵ,1
eːuːf,1
iːlʉː,1
»dɐ,1
sɐv,1
̊lö,1
ɡtb,1
ɑːʉːɡ,1
ɡɵs,1
ɐtɧ,4
niːʉː,1
iːʉːs,3
nʉːɛ,1
ɛsä,1
tiːb,3
riːʉː,1
pɔn,1
tiːʉː,1
ltv,1
nɐg,1
juːd,1
buːuː,1
uːuːs,1
ɡɑːʉː,1
ɧös,1
ɧɑːf,1
ɑːjɪ,1
gnɵ,1
nɵg,1
nbɵ,1
»ɵn,1
»vuː,4
eːtʏ,1
kdɔ,1
pkr,1
ŋkä,1
ɕeːʉː,3
ŋɐɧ,1
nʉːv,1
ksyː,1
kɧɔ,1
ŋt»,1
eːdyː,1
ösɡ,1
mɑːʉː,1
leːuː,1
eːuːp,1
ɑːsyː,1
ɡjä,1
viːv,1
ɐm»,1
nɑːeː,5
̈seː,1
syːk,1
ɧö»,1
»kn,1
»fɛ,1
