poc,571
oč,2288
če,5226
̌et,1031
etk,215
tku,239
stv,1289
tvo,4242
vor,3479
ori,3229
Bog,2179
neb,615
ebo,193
zem,2701
emʎ,2627
mʎu,805
Zem,50
mʎa,383
bij,1887
ija,3033
jas,1152
aš,5981
še,7414
pus,1169
ust,1896
sta,6059
pra,2113
raz,2123
azn,419
zna,1443
tam,404
ama,3027
pro,3751
ros,835
ost,4369
sti,3914
tir,435
ira,440
ral,163
ala,1169
nad,1560
bez,662
ezd,183
zda,523
dan,3445
ano,969
nom,1354
Dux,73
Boz,754
ož,2317
žj,673
̌ji,400
leb,67
ebd,8
bdi,40
dio,967
vod,903
oda,1991
dam,665
rec,2579
eč,4638
Nek,826
eka,3547
bud,1290
ude,1813
svj,458
vje,3718
jet,2073
etl,257
tlo,182
los,538
vid,2055
idj,655
dje,2961
dob,834
obr,1135
bra,1762
ras,1215
ast,1738
tav,1585
avi,4248
ame,776
Svj,47
roz,457
ozv,207
zva,690
amu,423
noc,358
oć,1246
Tak,572
ako,5375
vec,1673
̌er,268
jut,183
utr,463
tro,415
prv,395
rvi,325
svo,6272
pos,3482
osr,227
sre,986
red,3412
dij,493
ije,11001
jel,1741
eli,2018
ode,863
tak,1283
nac,416
ač,2162
či,5663
̌in,2515
ini,2683
pod,2466
odo,784
dom,1074
odi,3151
dru,1057
rug,1095
ugi,376
Vod,26
bom,671
nek,2229
sku,639
kup,603
upe,89
jed,4166
edn,2037
dno,1166
mje,1577
jes,3439
est,2946
sto,2751
pok,874
oka,823
kaz,1038
až,1859
že,3678
kop,280
opn,44
pno,28
Kop,9
upʎ,81
pʎe,146
ʎen,1046
ene,1332
mor,830
ora,1635
bro,982
rok,700
okl,443
kli,436
lij,1479
zel,92
ele,570
len,198
eni,3820
nil,280
ilo,1604
lom,920
tra,2169
rav,2411
avo,520
vom,1528
sje,1181
jem,1315
eme,1177
men,2250
nit,1600
ito,257
tom,1036
tab,403
abl,129
bli,388
lim,458
ima,7036
plo,283
lod,254
don,525
ono,1480
nos,1857
osn,274
sni,797
nim,1285
koj,5474
oja,1615
sva,1417
vak,1573
pre,4701
rem,1305
ema,1585
voj,8131
ojo,808
joj,856
vrs,781
rst,313
mʎi,745
ose,231
št,7063
̌to,4504
seb,555
ebi,1177
osi,1046
oje,4217
nik,2865
ikn,70
kne,586
mʎe,716
ena,1920
ava,1672
aka,1158
bla,928
rod,3452
dov,1965
ovi,6019
vim,2798
tre,667
eć,4523
ći,2929
udu,404
tli,59
lil,200
ila,1317
odu,704
ebe,1153
bes,521
esk,343
sko,1646
kom,1370
luc,104
uč,2178
nat͡s,417
at͡si,672
lag,858
agd,196
gda,204
ani,2454
god,1300
din,1480
ina,3547
nam,1332
svi,1886
vij,1840
tle,94
asv,138
etʎ,26
tʎu,9
ʎuj,185
uju,502
dva,843
vel,852
lik,1120
ika,1410
će,9184
vla,456
lad,785
ada,3247
maɲ,113
aɲe,589
ću,3345
zvi,388
jez,382
zde,201
ski,1575
daj,925
aju,1462
avʎ,679
vʎa,590
ʎaj,184
etv,360
tvr,415
vrt,171
rti,194
pov,1522
ovr,219
vrv,7
vre,222
rev,146
eva,1240
ži,3445
̌iv,1643
ivi,520
vix,1365
oro,1121
rov,837
ova,4850
pti,132
tit͡s,207
it͡se,1557
pol,299
ole,253
let,368
ete,1418
mʎo,115
ʎom,107
kim,637
Stv,17
ors,123
rsk,417
ske,656
grd,34
rdo,150
dos,1240
sij,1012
kov,1054
rsn,116
sne,206
ive,242
ove,2905
mil,547
ile,543
rve,297
kri,991
ril,497
lat,784
ate,860
ake,225
ste,1521
ago,915
gos,954
osl,1706
slo,609
lov,1868
gov,6009
ovo,4079
ore,1181
Plo,10
dit,818
ite,2958
mno,1038
noz,338
̌it,1389
nap,715
apu,225
pun,438
uni,589
amn,192
pet,820
eti,1956
izv,669
zve,254
ved,1070
ede,958
iva,1182
bic,197
ić,720
ća,1434
tok,460
oku,454
gmi,26
miz,49
iza,538
zav,662
avt͡s,65
vt͡se,133
zvj,37
jer,2900
era,812
rad,2634
snu,181
Nac,39
imo,510
čo,1095
̌ov,1237
ovj,1722
jek,1695
oju,1454
sli,957
iku,459
lic,359
ič,1360
čn,619
̌na,224
osp,1073
spo,1590
dar,1057
rib,300
iba,242
bam,112
it͡sa,1323
t͡sam,255
tot͡s,41
ot͡si,377
vt͡si,155
t͡sim,1234
puz,19
uze,555
̌ju,70
mus,121
uš,2294
šk,520
̌ko,302
̌en,1772
ens,91
nsk,718
odl,225
dlo,35
loz,303
Vla,16
ajt,491
jte,884
oru,645
zra,2641
rak,159
aku,338
dod,146
Evo,388
aje,1062
vam,1233
sve,4091
biʎ,111
iʎe,159
sna,437
xra,661
ran,1496
anu,619
eri,972
rim,761
oji,5944
jim,1858
dax,169
ivo,810
vot,602
ota,869
eno,1073
nio,673
veo,245
eom,76
oma,1011
̌es,633
rš,884
jom,369
ojs,1391
jsk,1205
sed,591
edm,213
dmo,103
mog,851
oga,5278
ana,2980
ši,3111
elo,1632
inu,1676
dmi,58
veg,225
ega,1795
ela,1404
osv,538
vet,1022
taj,1021
vog,1547
tan,1576
nak,618
eba,508
tva,685
var,791
ara,1653
Kad,1004
Jax,6853
axv,6896
xve,3924
saz,258
azd,246
dao,451
jos,530
oš,3973
nij,1534
bil,1698
kak,1134
akv,397
kva,289
poʎ,342
oʎs,55
ʎsk,187
kog,1139
grm,38
rmʎ,41
ikl,66
klo,538
kvo,95
daz,58
žd,294
̌da,75
rad͡ʑ,150
ad͡ʑu,102
d͡ʑuj,104
uje,1049
Ipa,37
pak,412
vir,64
nat,637
ata,1585
tap,95
apa,397
pal,404
svu,270
maʎ,131
aʎs,107
apr,347
rax,701
axa,627
nit͡s,2860
uda,633
axn,98
xne,25
ane,1108
dus,474
ša,2810
zas,577
asa,368
sad,526
adi,1158
ist,2352
Ede,17
den,233
enu,1057
smj,83
vio,556
Tad,862
iko,799
kos,722
pog,698
ogl,542
gle,862
led,688
edu,316
zam,314
mam,123
amʎ,20
ʎiv,188
blo,84
nas,2468
asr,48
rta,158
poz,582
ozn,428
naj,1175
zla,736
Rij,156
dat,625
atl,28
gra,2092
nal,284
iri,710
kra,3973
Prv,49
rvo,251
ime,1163
Pis,37
iš,5532
šo,174
̌on,61
opt,36
ptj,3
tje,717
jec,2359
xav,11
vil,287
ils,9
lsk,411
Zla,15
ato,1583
ond,813
ndj,496
bde,7
del,6
oni,1990
iks,11
ksa,18
Dru,44
ugo,574
goj,48
rij,4972
jet͡s,362
et͡si,401
Gix,6
ixo,1558
xon,105
Kus,33
Tre,55
Tig,8
igr,56
gri,559
ris,916
tec,146
Aš,130
šu,807
̌ur,73
ura,102
Euf,25
ufr,25
fra,226
rat,2569
uzm,307
zme,422
ču,1357
̌uv,368
uva,349
zap,1329
apo,913
edi,1589
eku,292
rtu,26
lob,160
obo,1179
bod,155
odn,449
ali,2976
nis,1474
isi,316
jeo,78
ona,1623
ɲeg,3973
kus,157
usi,54
sis,94
zat͡s,26
t͡sij,144
́es,791
eš,3195
umr,327
mri,255
Nij,148
sam,2578
pom,952
omo,803
moc,328
kao,2155
oti,1610
tiɲ,553
iɲe,267
oʎu,248
edv,123
dve,213
idi,595
naz,195
azv,270
vat,1249
ati,4448
reɲ,113
eɲe,424
ozo,232
zov,459
Čo,155
adj,110
jen,892
iɲa,281
ɲam,240
nad͡ʑ,227
ad͡ʑe,355
vrd,228
san,413
asp,214
spa,652
vad,401
reb,864
ebr,462
zat,854
atv,111
mes,178
eso,181
som,94
zeo,77
Nat,197
Gle,158
evo,669
moj,2462
jix,756
tij,336
iju,782
esa,425
jeg,720
Že,63
kad,1874
zet,137
eta,687
Sto,148
tog,903
vit,1089
iti,4701
ot͡sa,342
maj,424
ajk,186
jku,70
pri,3749
rio,495
ion,226
one,692
uza,926
bit,1532
ɲix,2156
dvo,603
jax,503
axu,966
boj,731
gol,189
oli,1125
ego,3850
osj,273
́ax,14
tid,105
ida,305
Zmi,3
mij,626
luk,126
uka,495
kav,223
Ona,140
Zar,317
rek,1143
smi,382
nog,1751
drv,232
odg,828
dgo,882
zmi,278
iji,549
aba,348
bal,235
emo,836
Sam,389
amo,1343
dir,104
raj,1110
mre,121
ret,502
nec,1397
́et,448
Neg,91
det,130
otv,260
rit,738
bog,977
ogo,1025
azl,105
zlu,26
̌uj,459
zlo,619
Vid,117
mud,338
udr,352
dro,316
̌eʎ,161
eʎn,8
ʎno,33
ube,213
ber,137
ere,566
poj,231
Dad,11
ade,1383
muz,118
už,1670
žu,408
ɲom,168
oba,619
bad,98
adv,38
upo,214
Spl,2
ple,585
etu,216
smo,716
mok,79
oko,1104
lis,872
šc,458
̌ć,358
ave,1251
reg,136
gac,56
Uto,40
kor,460
tao,253
rto,65
dne,467
nev,377
evn,76
vno,189
tar,718
art͡s,194
rt͡sa,260
sak,238
akr,250
xvo,241
gom,388
med͡ʑ,879
ed͡ʑu,887
ovn,418
vne,47
Gdj,71
Ču,180
̌uo,141
pob,492
rix,217
Tko,434
aza,805
dak,400
akl,760
kle,904
zab,372
abr,383
dal,433
Št,362
ari,1358
div,143
ivʎ,191
vʎo,1
trb,20
rbu,68
bux,29
uxu,65
ome,1471
Nep,17
epr,404
jat,627
teʎ,1038
eʎs,32
ʎst,7
mec,36
́em,268
izm,365
teb,893
ɲez,305
ezi,540
zin,314
gla,1609
lav,1434
avu,362
sat,138
bat,73
Tru,11
rud,149
udn,129
muk,78
uke,648
umn,224
kam,890
et͡su,158
ad͡ʑa,208
d͡ʑat,22
Žu,3
̌ud,170
udɲ,19
dɲa,31
tob,388
Jer,1661
slu,1959
lus,661
̌ao,671
las,1041
avs,173
vš,455
zbo,806
tru,425
udo,261
Rad͡ʑ,1
trɲ,65
rɲe,81
ɲem,732
asl,209
liɲ,86
zno,145
noj,220
lit͡s,661
kru,514
rux,358
dok,806
vra,1540
tis,1117
tÓ,27
Óa,145
bio,752
tit,1098
Svo,31
Eva,5
jka,89
odj,229
krz,5
rzn,18
Zat,628
tim,1120
tad,893
eda,2707
juc,270
uć,1997
pru,166
ruz,1105
̌io,453
ruk,1355
uku,524
ubr,39
rao,500
nav,382
eke,407
stj,84
Ist,75
toc,262
̌no,405
ker,91
eru,1129
rub,313
ubi,946
bin,223
ine,2363
pla,666
lam,276
mac,500
tlu,25
lut͡s,9
ut͡sa,34
t͡sao,23
str,1728
taz,87
azo,213
zom,35
blu,154
Evu,1
zac,117
Kaj,25
aji,520
jin,400
Mus,16
̌ed,50
edo,611
tek,206
ekl,119
kla,383
Pos,425
Abe,37
bel,90
ino,3188
nov,3308
ča,1749
̌ar,260
ʎor,2
adn,402
dni,999
rin,1015
nes,1075
ese,2342
xvi,2263
žr,1070
̌rt,1084
rtv,1177
tvu,525
kix,434
vin,2247
oke,157
izb,421
bor,1111
til,263
ili,2942
lin,420
tiv,783
ovu,1148
svr,121
azʎ,18
zʎu,25
ʎut,74
uti,637
amr,51
mrg,2
rgo,82
Zas,254
god͡ʑ,6
od͡ʑe,863
d͡ʑen,343
dis,313
edr,125
dri,264
ods,178
dsi,15
jev,1455
vas,1780
jex,488
rag,351
agu,144
moz,466
dup,22
upr,364
atu,181
elu,531
xaj,129
ajd,112
jde,102
dem,223
van,736
̌av,305
koc,81
Pot,249
oto,799
api,417
pit,813
ita,880
Slu,89
̌aj,485
Krv,18
vic,155
udi,1462
rog,475
ogu,739
gut,58
uta,472
krv,393
Obr,30
ad͡ʑi,81
d͡ʑiv,54
vis,1458
dav,299
Vje,33
̌ni,601
kit,34
tal,591
Kaz,141
odv,486
dvi,286
tes,134
̌ka,256
sno,311
tla,171
ram,975
skr,308
riv,499
lut,94
lat͡s,226
tko,1177
dme,163
mer,59
ero,447
emu,1208
zvr,262
isp,697
spr,508
Nod,2
xen,25
nok,21
Pod,150
dig,346
iga,171
gao,292
vao,545
sin,3696
Ira,11
pot,944
ote,257
Mex,15
exu,136
xuj,26
uja,69
jae,2
ael,2662
Met,12
tus,19
̌ae,10
Lam,12
mek,26
Jed,185
dna,268
val,1082
Ada,43
uga,515
Sil,24
Jab,45
aot͡s,22
ot͡se,44
t͡sem,275
nix,977
̌at,687
tor,581
Bra,16
Jub,1
uba,351
aot,22
tat͡s,430
lir,5
iru,212
alu,238
Tub,10
alK,2
lKa,2
kuj,185
bak,19
kar,170
eʎe,346
ʎez,95
ezo,255
ses,131
tri,1088
Naa,38
aam,35
ozb,66
eko,1051
ujt,202
esj,57
Ako,512
́en,1103
uko,430
amd,139
mde,134
des,1864
set,1375
put,1188
Še,466
Rec,99
dad,507
omu,554
Eno,46
̌el,295
zaz,168
azi,1341
ziv,211
Ovo,165
mov,466
rid,310
ide,540
̌an,642
rod͡ʑ,240
d͡ʑeɲ,125
eɲu,87
eto,607
tov,666
osa,436
tot,427
tin,1104
dil,357
kć,472
́er,409
ivj,265
vem,260
dev,162
eve,591
̌ev,346
evu,159
nae,405
aes,401
Ken,45
nan,400
etn,453
tna,120
Max,63
xal,41
lal,56
ale,1411
lel,66
etr,313
trd,140
rde,193
̌ez,183
̌al,463
lax,53
xod,325
axo,178
xov,1578
̌č,100
ezn,96
znu,81
Nad,97
Noa,29
Ova,406
vaj,664
bav,654
ʎat,112
por,573
̌ix,152
utj,105
leo,69
Noi,24
oin,17
̌em,654
xam,367
Jaf,24
afe,24
fet,22
ʎud,903
̌ir,236
nar,2705
aro,2583
opa,879
paz,208
aze,298
uds,109
dsk,222
uzi,244
zim,191
max,242
xtj,128
Ond,319
nda,661
Nec,135
dux,234
tat,580
les,231
kas,142
asn,345
Nef,10
efi,17
fil,82
opc,47
pć,149
́il,4
d͡ʑal,21
aso,119
sov,117
okv,101
are,814
ren,857
omi,510
mis,415
isa,722
sao,139
pam,65
met,376
uvi,164
loc,176
kaj,288
aja,747
srt͡s,736
rt͡su,170
ža,1115
alo,1163
zbr,86
bri,332
jao,125
Ali,813
̌im,1001
nep,440
epo,144
roc,192
Tri,37
isk,367
skv,150
avd,273
vdo,14
izo,66
zop,17
pac,75
̌il,406
Odl,24
dlu,95
́im,54
̌ti,744
zaj,321
Nap,99
rab,291
abʎ,43
bʎu,36
mol,340
ola,804
obl,278
izn,340
nut,668
bʎa,36
lak,651
kat,342
duʎ,19
uʎi,23
ʎin,240
ped,168
bʎi,32
avr,154
vrx,191
rxa,20
Vra,142
doɲ,17
oɲi,76
edɲ,93
dɲi,96
gor,584
orɲ,45
rɲi,39
top,125
izg,256
zgi,38
gin,200
ogi,304
Sav,234
vez,488
uve,91
rez,462
ež,791
ud͡ʑe,243
sob,286
ɲim,1318
Sve,603
Ud͡ʑi,13
obi,843
Uzm,97
̌is,938
tix,182
par,86
̌ja,147
jak,206
enk,19
nku,17
sac,68
jeb,163
pni,52
ud͡ʑu,51
Noo,3
oom,3
isu,899
nka,233
apʎ,33
pʎu,80
ʎus,67
̌te,620
pne,43
set͡s,307
et͡sa,318
gog,208
mna,112
zvo,105
Ono,56
iž,695
eɲa,510
Pʎu,2
usa,129
pad,765
veu,10
eud,9
diʎ,19
sle,52
sil,578
igl,102
iso,129
sok,119
buj,43
jal,157
iln,249
lni,154
vaʎ,151
aʎi,460
ekr,111
ajv,67
jvi,22
brd,177
rda,305
Pet,95
diz,352
zal,952
ton,90
onu,641
nul,184
uli,289
lix,107
Izg,4
gib,50
ibo,84
bos,40
kre,539
mas,395
pnu,21
ibe,145
šj,10
Noe,25
okr,587
uzb,18
zbi,209
res,640
Pol,17
ovl,16
lac,378
Nak,35
kon,560
jeɲ,74
ɲal,34
zau,185
aus,52
rdi,171
dim,609
Ara,167
rar,66
rds,5
rxu,34
xun,14
unt͡s,230
nt͡si,223
min,329
ulo,199
zor,300
spu,311
gav,41
vej,14
eje,110
dli,44
tas,175
dol,522
sus,706
olu,188
lub,53
bit͡s,36
it͡su,863
̌ta,949
gam,160
uxv,111
xva,582
une,196
Poc,32
̌ek,319
ope,460
bʎe,136
Pre,294
kʎu,36
ʎun,11
unu,147
doz,147
nao,217
Jos,732
zma,59
mak,260
kin,136
kro,307
opɲ,1
pɲe,15
ɲel,26
sux,61
uxa,273
Izi,23
zid͡ʑ,233
id͡ʑi,98
izi,436
id͡ʑe,360
mic,53
id͡ʑu,28
tve,752
ven,801
paʎ,412
aʎe,1935
mir,757
Nik,50
rop,468
pas,1177
lit,589
čj,372
̌je,431
isl,226
tka,166
stu,879
tud,44
vru,12
ruc,306
́in,102
ʎet,129
Nou,1
ado,1424
dox,147
rac,718
̌un,62
rol,190
skl,165
lap,37
oms,173
mst,136
zis,139
šl,524
̌lo,64
Drz,30
rž,511
eza,497
opu,392
tos,243
ʎam,102
duc,92
Dug,8
ugu,269
log,162
ezu,150
vuc,89
dug,143
jav,439
́at,46
Sin,427
̌li,318
Kan,90
naa,168
aan,183
at͡sa,988
roj,293
jit͡s,186
sav,765
azg,164
zgr,97
ogr,370
pio,148
opi,447
otk,338
tkr,124
it͡si,1300
ać,898
zmu,42
grt,37
tac,68
bat͡s,447
at͡se,44
idu,260
atr,492
̌ke,112
olo,569
lot,93
iɲu,187
Lit͡s,24
otr,278
zni,319
ajm,114
jml,23
mla,355
lad͡ʑ,167
ajn,291
jni,416
niz,147
lug,662
Bla,187
ovʎ,242
vʎe,454
biv,305
Gom,25
Mag,23
Mad,7
Jav,22
Mes,76
̌ak,217
Tir,71
ken,5
Rif,2
ifa,23
fat,119
Tog,36
gar,197
arm,77
rma,24
Eli,323
Tar,23
ars,95
Kit,7
ijt͡s,78
jt͡si,346
Dod,17
ant͡s,218
aki,613
zik,113
lem,1253
Mis,103
isr,30
sra,202
Put,35
evi,1121
Seb,21
Sab,31
abt,6
bta,4
Ram,88
bte,2
ami,502
̌eb,98
Ded,15
Nim,13
imr,42
mro,71
elm,1
lmo,25
Voʎ,1
oʎo,11
lan,427
vat͡s,377
Kao,98
voʎ,364
Gla,70
avn,245
raʎ,3489
ʎev,1422
evs,573
vst,342
Bab,128
abi,473
lon,816
Ere,1
Aka,9
Kal,101
aln,51
lne,25
Ši,264
nea,12
ear,34
aru,412
Nin,19
niv,42
ivu,47
Rex,30
exo,50
xob,22
bot,181
Res,11
sen,74
vni,415
Lud,21
Ana,76
Lex,8
exa,244
xab,126
Naf,57
aft,60
ftu,2
tux,4
uxi,22
xij,44
Pat,8
rus,186
Kas,7
lux,25
Kaf,21
fto,8
ort͡s,36
rt͡si,96
Fil,225
tej,300
ejt͡s,422
otj,162
Sid,105
ido,583
xet,69
Daʎ,7
Jeb,40
ebu,257
bus,55
use,58
sej,65
Amo,217
rej,148
Gir,7
irg,7
rga,55
gas,81
xiv,30
Ark,5
rki,21
kij,257
Arv,3
rva,176
vad͡ʑ,38
d͡ʑan,58
Sem,5
mar,324
arj,269
rja,183
jan,323
́an,224
kan,240
ans,461
ska,916
rot,1079
tez,109
Ger,65
Gaz,30
Sod,42
Adm,7
imu,165
Les,3
zit͡s,22
ot͡su,112
Ebe,31
Ela,54
Arp,12
rpa,40
aks,58
kš,51
̌ad,95
xul,39
Get,4
ter,175
Mas,27
bje,543
Pel,31
leg,76
zdi,162
Jok,21
okt,12
kta,60
Alm,5
mod,17
lef,4
xas,171
sar,73
mav,11
xad,95
dor,34
Uza,34
Dik,2
Oba,43
Abi,238
bim,139
mae,60
Ofi,8
fir,31
Job,67
bab,215
ase,267
seʎ,91
eʎa,300
zax,103
Sef,31
efa,78
far,351
oza,93
Sva,181
mal,363
sel,285
nai,58
aid͡ʑ,18
dnu,224
pek,35
pec,166
rdn,46
Ope,31
luz,709
žb,383
̌bu,152
buk,161
ign,266
gne,203
nem,770
raɲ,121
rxo,24
xom,110
Pri,220
prs,171
Zbi,7
iʎa,101
toj,329
jaɲ,116
aɲa,533
Sad,158
neo,81
eos,63
nau,199
aum,84
ume,38
ves,377
sid͡ʑ,118
d͡ʑem,78
brk,3
rka,42
azu,371
zum,290
umi,322
asu,229
and,118
nde,88
zid,252
das,205
abe,205
omt͡s,99
mt͡si,133
ets,84
tst,162
adu,503
egu,54
Reu,16
euo,2
uov,20
dvj,63
euu,1
Ser,41
Nax,65
xor,145
Ter,16
Abr,260
xar,303
Lot,43
Uru,1
ald,84
lde,84
dej,664
ejs,566
Sar,98
Mil,43
ilk,51
lka,45
lke,11
Jis,187
ner,116
tki,54
kiɲ,120
nuk,12
nax,70
Ura,11
tig,156
gnu,252
Dob,71
seg,20
egn,99
Idi,156
ins,101
Vel,56
uzv,243
liv,132
ʎal,90
ɲat,93
tic,154
ʎad,15
pod͡ʑ,219
od͡ʑu,120
gli,164
kem,78
Mor,89
Tvo,104
obj,437
bja,244
Oda,62
jed͡ʑ,116
ed͡ʑe,132
Bet,279
tel,139
Aja,31
mit͡s,52
ege,71
geb,37
avl,62
Egi,423
gip,710
ipa,734
pat,498
rob,656
ula,374
laz,1453
Zna,77
jep,221
epa,93
ipc,111
otu,293
ret͡s,190
obz,25
bzi,10
zir,129
ted,44
aon,320
pox,150
oxv,31
mag,193
aga,436
rat͡s,221
̌ki,295
rit͡s,272
iki,138
oʎa,222
zao,156
zex,22
Far,31
mom,357
otp,256
tpr,30
ipt,207
pta,136
mao,188
gat,239
rom,600
gdj,417
id͡ʑa,36
d͡ʑas,29
izd,163
zdr,231
drz,390
Per,58
riz,294
Odv,36
Kre,27
esn,493
vud,67
pan,40
Jor,240
ord,253
egi,308
ats,409
tsk,387
Soa,15
oar,10
Bil,179
neg,618
tio,479
ape,100
peo,47
eʎi,382
gre,134
šn,328
Oč,66
gni,114
ver,218
jug,60
auv,74
ogn,91
jit,106
oge,211
Pro,256
od͡ʑi,238
uzd,328
zdu,19
duz,209
pop,497
opr,314
dod͡ʑ,670
kod,374
Mam,10
xeb,128
ron,632
Amr,18
mra,105
raf,11
fel,54
Ari,17
iok,2
Ked,29
orL,5
rLa,5
Lao,5
aom,5
Tid,2
Goj,2
Ber,40
aʎa,757
Bir,4
irs,161
nab,60
meb,1
Bel,21
Sla,98
Dva,34
trn,68
rna,144
tuk,51
Ref,24
fai,18
aim,58
imt͡s,16
mt͡se,26
Kar,70
arn,122
Zuz,1
zij,82
jt͡se,129
Emi,3
Kir,78
irj,63
Sei,35
eir,42
liz,392
izu,106
Par,27
vuk,83
šp,4
̌pa,4
Ama,132
lec,166
eja,231
jat͡s,139
son,56
Tam,36
tup,633
upi,924
orb,49
Dol,55
una,437
osk,128
kac,31
akn,229
knu,200
nin,276
Pob,32
Pog,73
tid͡ʑ,57
gun,20
eki,346
od͡ʑa,57
d͡ʑak,61
Eš,28
kol,621
Ane,7
bre,342
jt͡su,8
zar,450
obʎ,46
omc,8
mč,23
Dan,234
omk,73
mke,44
tuc,155
gon,209
obe,258
ern,235
rno,293
Dam,43
ask,161
Pov,44
ivs,143
usr,195
Ša,787
Kra,274
Mel,16
elk,20
lki,63
kis,130
ise,84
dek,8
zne,205
vev,46
šɲ,410
̌ɲe,282
̌ɲi,88
Men,32
aʎu,535
Ruk,26
ʎem,333
onc,40
nč,183
̌ic,67
obu,359
buc,76
sim,300
̌la,115
dog,141
gad͡ʑ,48
d͡ʑaj,40
upu,114
zaɲ,38
aɲu,144
nag,329
agr,357
vrl,97
rlo,143
Gos,669
kuc,744
asʎ,17
sʎe,120
ʎed,101
lie,32
iez,31
eze,124
zer,109
Kak,247
bas,395
Taj,35
Izv,62
Tol,14
dvr,232
Odg,66
esi,393
jun,305
koz,163
ozu,14
vna,143
grl,82
rli,92
asi,777
tnu,159
Pti,1
žʎ,71
̌ʎi,62
vit͡s,322
bar,159
sun,152
nt͡se,249
dub,110
ubo,393
bok,106
buz,68
gus,46
tud͡ʑ,130
ud͡ʑo,25
d͡ʑoj,6
bov,240
sud,454
zic,32
tno,143
sax,123
axr,102
ɲen,276
Oni,262
pao,85
zad,146
imʎ,29
avɲ,6
vɲa,31
ɲak,152
zub,60
ubʎ,89
lop,139
ptu,95
ike,544
adm,18
mon,520
ont͡s,93
et͡se,56
ank,220
xag,45
iɲo,35
iɲi,190
mat,329
Ud͡ʑe,10
iro,358
vda,77
ivɲ,65
rep,228
epu,36
zag,105
grʎ,4
rʎa,26
zan,251
rut͡s,125
ut͡si,248
ɲoj,170
And͡ʑ,54
nd͡ʑe,186
d͡ʑeo,88
rel,96
utu,137
Šu,66
uru,20
Bje,23
and͡ʑ,132
lno,115
̌tv,324
šm,217
̌ma,226
jad,122
vac,190
̌ij,207
dic,211
xvu,396
Roi,2
vid͡ʑ,95
Bee,64
eer,61
Lax,6
Zde,2
orn,134
Rod,15
Moj,890
ute,256
tem,252
azm,89
zmn,16
nic,457
̌it͡s,303
daʎ,168
gim,137
gix,79
Teb,39
zuj,102
koʎ,226
oʎe,579
ʎeɲ,57
nt͡sa,177
dst,155
krs,158
izl,308
zli,282
asm,44
Iza,204
zak,929
usl,117
̌ax,60
nez,382
izr,561
zgo,167
ovt͡s,268
̌eg,402
ned,92
lek,331
Či,107
trc,77
rč,219
Pad,29
mim,76
moi,8
oic,3
uge,389
per,126
tpo,23
Don,34
epi,148
d͡ʑet,44
TÓ,96
uri,60
Brz,17
rzo,70
ajb,102
jbo,87
boʎ,165
ʎeg,42
Zam,15
evr,30
spe,58
pet͡s,4
deb,22
mku,45
brz,102
got,28
sla,1124
mli,68
vri,399
kiv,53
odm,240
dma,145
loj,72
rje,302
guc,45
Nav,25
evj,111
Nis,141
Jes,144
pou,177
ouc,91
dec,70
bec,122
́ao,83
vik,183
Ide,12
doʎ,42
zai,134
ais,164
tuz,100
̌ba,89
xoc,200
Moz,61
edj,62
Dal,28
Sud,24
dat͡s,47
usu,50
sud͡ʑ,119
pep,37
epe,96
jno,110
d͡ʑel,79
ugl,210
Mol,50
vrn,86
rni,310
trg,171
rgu,27
́as,36
uvr,18
d͡ʑos,333
egl,78
osʎ,91
dɲe,89
opk,61
pko,64
Zov,8
vnu,57
ekn,187
ilu,145
luj,143
ćo,125
Ima,81
ojt,140
Ods,15
Dos,69
dot,128
tep,24
pen,13
sut͡s,57
srn,40
rnu,175
nus,247
azb,221
Kog,18
ovd,122
vdj,127
trt,51
tol,246
amj,206
vax,174
dla,125
zit,226
́ix,7
puc,70
zes,56
vaɲ,302
baz,33
igd,31
Nem,130
srd͡ʑ,45
rd͡ʑe,67
siv,18
esr,166
Daj,81
Usl,18
olb,26
lbu,13
zil,183
zio,171
sum,24
ump,8
mpo,8
ogɲ,149
gɲe,396
ads,145
nst,278
azr,44
zre,188
sol,24
Sut,45
kve,77
ukl,120
rdu,62
Sta,95
ad͡ʑo,78
Ota,69
One,25
pij,266
lez,171
Opi,5
esu,185
Moa,151
oab,249
Ben,89
enA,7
nAm,1
Ami,42
Dok,150
mel,127
ger,10
Zbo,106
ibl,97
gub,295
avj,388
eok,7
kaʎ,54
ʎan,147
adr,91
dop,127
ror,618
Ran,8
upl,61
rex,12
xot,62
Pon,17
umu,27
uis,13
iak,37
jke,96
ʎio,80
kox,120
Ovu,3
Nas,58
suc,531
brn,101
ozd,139
dra,521
gax,18
doj,73
dix,60
Dij,5
odb,187
dbi,97
rir,47
ire,371
goz,57
zbu,66
Otj,5
emi,339
uzn,54
tpu,167
Vrl,4
rlu,8
lud,273
mot,328
rmo,33
sup,86
t͡sit,176
Gov,85
Sje,84
t͡saɲ,37
oʎi,155
Dig,13
Ode,20
odr,424
Ži,179
jeʎ,67
ʎaɲ,13
Dom,562
Fik,3
kun,77
pon,331
ten,167
Kun,5
ent͡s,110
isv,10
jil,56
ɲat͡s,188
imi,203
pil,118
̌ɲu,42
int͡s,59
ʎub,546
bis,271
Uju,14
osm,68
Sti,48
Pru,14
jis,45
usk,120
apl,72
rmu,13
d͡ʑaɲ,5
izj,39
zja,68
vʎu,119
ojn,368
Bud,101
Usa,3
Buz,6
Kem,11
mue,157
uel,202
Kes,4
xaz,159
Pil,42
ild,6
lda,13
Jid,4
idl,1
laf,2
afa,165
tue,12
Reb,32
bek,37
sul,26
žn,445
eum,8
uma,171
bax,29
Gax,3
Tax,11
Maa,61
aak,38
Duʎ,2
Arb,11
rbi,35
t͡sas,25
emd,41
mda,46
ʎis,34
gro,258
sas,292
̌oj,22
Pok,52
paj,159
jbi,9
bir,109
Nit,60
itk,342
auz,90
mit,170
Efr,210
fro,15
Sox,6
oxa,87
spi,159
piʎ,25
iʎu,43
Mak,45
akp,6
kpe,6
pel,47
rip,383
zoc,40
aɲi,69
ɲiv,89
Sas,11
ruj,125
Sax,17
spl,70
nuo,226
̌ul,132
čk,561
iʎi,8
ajs,58
jst,23
ijo,50
teg,40
gno,12
bod͡ʑ,13
Pus,66
Bij,61
t͡srp,23
rpu,9
rps,5
pst,66
ojk,81
vrc,56
Pij,11
dre,258
Tek,33
Dod͡ʑ,112
krc,20
̌ag,26
Dje,34
irn,74
Sid͡ʑ,15
Nal,12
Izl,17
nt͡su,62
̌ut,113
utk,19
tke,74
usp,177
spj,68
pje,386
̌ku,57
kel,149
atn,373
tne,130
ukv,27
kvi,86
p§i,3
§ic,3
́is,10
ipo,183
Lab,59
ban,154
mio,113
Ras,30
d͡ʑes,46
uto,321
t͡siʎ,2
od͡ʑo,183
d͡ʑox,57
Pit,18
Kć,48
Dub,5
mem,11
tni,526
xaʎ,215
ajt͡s,26
pis,819
Poz,34
jmo,23
Doz,10
jiʎ,9
Sej,1
ejo,20
́am,52
man,414
ork,43
reu,18
euz,15
Roj,3
erj,36
sja,118
ric,203
smr,304
mrt,385
Ket,4
tur,23
Zim,21
oks,4
Med,21
Mid,49
dja,108
šb,80
̌ua,177
uax,17
urt͡s,6
Let,1
št͡s,21
̌t͡si,14
Leu,8
umt͡s,5
Efa,6
Efe,6
fer,26
xan,156
bid,8
Eld,4
daa,2
mut,19
̌aʎ,149
idr,46
ʎao,85
Neb,93
baj,63
ajo,30
jot,19
Adb,2
dbe,121
bee,10
eel,86
Mib,6
ibs,7
bsa,8
Dum,3
Tem,23
Jet,13
afi,28
fis,12
ʎim,139
abo,612
xnu,82
erk,33
rko,51
mej,173
jt͡sa,49
tuj,126
Nar,108
Poj,10
Bio,36
t͡srv,128
ruɲ,4
uɲa,38
ɲav,63
Eza,98
Jak,418
̌at͡s,14
vol,135
lio,246
ʎac,117
ʎel,23
kux,30
zgl,65
Edo,110
Ust,137
̌or,2
rbe,20
soc,9
Jeo,3
gaz,102
edb,200
dba,198
Boj,21
Mje,18
bix,169
Uma,3
net,128
vɲu,33
dbu,27
zgu,57
uro,87
Ste,4
inc,35
bun,108
ćn,170
́ni,109
̌le,32
Bun,7
Ese,12
sek,6
Sit,4
itn,97
tum,30
̌nu,61
Axu,4
xuz,3
mrz,169
rzi,148
Jas,14
ism,265
pim,52
sit,620
upa,285
̌ib,56
Jud,602
itu,69
Bas,79
sem,25
Elo,11
orc,29
̌eɲ,100
Ost,158
̌iɲ,65
sio,152
bol,206
ipr,118
guj,97
Upr,19
Oti,25
ozl,46
zle,44
it͡so,186
t͡som,205
ajʎ,17
jʎe,16
ʎep,57
eps,34
pš,71
d͡ʑeg,13
Koj,64
kni,29
pip,8
vov,103
xti,66
osu,288
zob,33
laɲ,152
́om,113
rik,135
aʎd,2
ʎda,2
vap,150
Odu,22
ops,158
psk,124
krb,29
jar,268
Paz,45
šʎ,157
̌ʎu,3
srd,169
rdz,90
dž,96
Odm,11
ElS,1
lŠ,1
red͡ʑ,112
sxv,49
mrs,51
rju,48
usn,122
ʎes,32
pir,56
peɲ,19
Zai,86
uʎa,136
Luz,8
Naj,24
ndo,1
Zdr,8
Rax,63
axe,91
xel,115
vt͡sa,63
Zag,8
Isp,43
jam,152
Lea,19
lab,50
Boʎ,37
kvu,67
sab,133
rid͡ʑ,36
Zil,7
ilp,7
lpu,2
Lei,9
Zav,25
nid,8
idb,11
ben,196
̌be,124
ilx,18
lxu,3
Rub,91
mun,112
Lev,114
idn,21
Ina,13
isn,100
lxe,4
ud͡ʑi,130
lxa,11
fta,84
ein,6
lpa,6
Gad,99
̌ne,101
avc,6
vč,240
jmi,25
obd,36
bda,29
got͡s,44
ot͡sj,72
t͡sje,93
Zeb,95
bul,68
ulu,131
lun,51
Din,10
Ukl,19
sip,304
Odr,15
Mal,53
nko,17
́al,29
kud,51
Kol,34
vt͡su,25
gan,95
ubu,34
teɲ,63
sma,171
ukr,51
rt͡se,496
oze,23
dit͡s,164
opo,194
ozi,118
ebn,25
bna,38
Osi,16
uzr,16
̌ʎa,136
ʎav,36
arv,42
rvu,14
ɲao,46
tet,90
opl,126
lod͡ʑ,2
nen,73
uʎe,125
maz,236
d͡ʑin,79
ink,38
prt,11
́ne,10
kum,90
Ubr,1
Gil,170
lea,295
ead,128
́eg,49
tiz,43
dɲu,28
Otp,26
esm,152
bub,50
ubɲ,18
bɲe,15
izʎ,34
nuc,29
Str,67
Ovd,11
̌om,83
zad͡ʑ,111
irk,12
rku,24
Otv,29
Eto,49
drl,4
rla,46
okn,23
kna,63
daɲ,107
Če,66
kap,39
pav,75
̌ed͡ʑ,26
ed͡ʑi,42
obn,180
bno,78
San,28
Sku,31
meɲ,157
Jeg,1
dut,35
Gal,66
mat͡s,29
msk,267
Bor,8
krd,7
Rac,1
Izb,29
zba,358
doc,307
uml,1
Obi,14
Kam,33
suo,7
uoc,3
̌tu,176
t͡siv,13
svl,24
bed,127
glo,112
kuk,75
̌as,555
Vis,42
Izr,2193
rae,2530
dvl,13
Ret͡s,92
Pen,12
nue,13
Sun,11
elt͡s,492
lt͡si,403
nuv,27
uvs,64
et͡so,23
ajp,31
jpo,6
reo,93
ixv,49
Pod͡ʑ,59
d͡ʑim,54
nej,18
pot͡s,15
ot͡sr,38
t͡srk,12
kal,172
Suk,19
kot,102
sag,218
mad,95
kes,13
Opa,40
zaʎ,7
ojc,8
jč,38
Onu,4
jad͡ʑ,7
trp,45
rpj,9
Opr,16
ʎit,27
Tra,41
axt,16
Mla,18
juv,1
vaz,28
sug,3
ugr,21
jaz,21
Svi,169
sme,58
oub,20
jaj,98
rup,86
upn,73
opʎ,142
pʎa,173
Uve,15
omr,68
Odb,13
eob,44
but͡s,8
puk,112
Deb,41
Tuz,8
Ime,85
dsa,23
Beɲ,182
lex,73
exe,148
xem,91
Mig,13
alE,2
lEd,1
der,90
lxo,4
Saz,17
Leo,1
lpo,2
mru,16
sic,31
Adu,13
Oxo,40
xol,118
lib,46
Sib,35
beo,62
eon,114
lif,25
faz,15
eue,17
Jeu,10
eus,13
Jal,6
Kor,58
sei,7
Ade,2
Oma,3
efo,17
Gat,44
Tim,34
imn,25
xat,116
Zer,56
̌am,119
Miz,3
Ani,8
ovs,56
vsk,214
Adi,11
vaE,1
aEd,1
Šo,28
̌ob,23
Dis,12
ser,85
Alv,4
lva,4
Man,177
Eba,7
̌ef,40
Jit,22
itr,66
Ker,26
Zaa,2
aav,7
Beo,12
eor,30
inx,26
nxa,59
Bos,12
xus,32
Bed,4
oap,107
aps,79
Avi,7
aml,11
̌au,419
aul,419
Baa,136
aal,213
Akb,7
kbo,7
Pai,2
Mat,71
Zax,66
Pin,26
non,126
ibz,1
bza,1
gdi,2
die,10
iel,262
eds,27
lpe,2
kic,12
rze,40
Pom,83
Vez,3
nop,40
adl,5
uzg,12
̌aɲ,83
Usn,15
ɲax,30
ipu,61
vde,72
Dot,11
saɲ,32
ɲar,5
rɲu,41
̌dr,128
ojm,5
Bat͡s,27
Ča,25
rɲa,40
Dev,11
alz,12
lza,14
mid,25
zvu,72
Kic,1
Div,8
rgl,5
̌eo,144
eol,15
tug,53
tif,4
dul,11
amt͡s,14
mt͡su,6
xir,43
Kez,1
zib,4
ibu,17
Era,3
jko,16
ers,52
poo,11
ood,5
̌ui,67
uin,17
mnu,18
vek,24
uxo,230
Ena,9
mni,194
Svr,7
Spr,15
amc,15
atɲ,29
tɲa,25
vrp,13
rpt͡s,13
pt͡si,34
kid,62
eʎu,222
Upi,32
lao,150
sos,59
Zac,9
uvu,7
aoc,27
agl,38
Leg,11
Otk,33
Iak,11
sal,141
trz,10
poi,22
oig,4
zgɲ,39
ɲev,324
adg,25
dgl,22
run,64
pex,59
Zap,60
Sne,2
Saɲ,3
trs,62
rsu,5
pup,16
rot͡s,137
ot͡sv,12
t͡svj,16
zdo,26
zru,55
bob,5
žd͡ʑ,51
̌d͡ʑa,24
t͡sis,36
nux,29
ajg,8
jgo,6
rɲo,7
end,5
Nil,16
pix,37
Ruz,1
̌de,28
ʎit͡s,66
čɲ,10
̌ɲa,217
obɲ,8
bɲa,21
usm,50
Pas,76
tuɲ,1
grc,17
azj,75
Sed,67
oso,127
kÓ,5
Óu,14
́up,10
oxr,57
ɲuj,56
ixe,31
toʎ,126
aod,9
Voz,1
t͡sax,12
Saf,3
fen,4
Pan,1
eax,20
Ase,16
tiF,3
iFe,3
Fer,4
oln,36
rbʎ,10
puj,8
zur,6
d͡ʑit,124
Med͡ʑ,32
̌tr,78
gob,31
adɲ,56
Jao,97
zdv,21
utn,40
ozg,26
Zad,7
drx,41
rxt,40
xta,41
Zgl,1
Ovi,13
Ubi,9
taɲ,72
Dov,56
roi,3
oiz,8
med,89
vos,57
abu,197
Vas,29
eji,136
Zlo,17
edl,6
Pex,1
akʎ,14
ʎuc,34
sig,34
igu,89
gur,54
urn,60
Odo,6
Bri,8
paɲ,24
ɲis,17
Dvi,8
pto,15
Izʎ,1
pud,1
udb,25
igo,94
́no,37
Fal,2
xes,69
sro,31
rmi,35
uno,180
Jem,3
Jam,11
Oxa,2
nke,25
Kex,48
Mer,98
mrl,32
mul,6
Fuv,1
̌ub,16
axl,35
xle,22
lee,3
Sif,3
ifj,4
fjo,1
jon,13
agi,48
Esb,2
sbo,2
bon,59
Eri,3
Aro,371
Are,4
Jim,11
šv,7
̌va,16
̌vi,5
alk,42
kie,7
ons,347
Bek,9
Exi,1
Ros,4
Mup,1
xup,4
Ard,5
axs,26
xse,5
see,7
Gun,5
ukʎ,4
Stu,11
piv,5
zev,17
Dop,24
gaɲ,178
God,13
ams,115
mse,5
jma,40
Nig,1
muc,67
Nov,7
koɲ,288
oɲe,116
kme,5
ijt,53
bni,144
Uč,128
Zak,232
rig,84
̌ea,44
age,55
uzu,3
eov,118
tax,83
ed͡ʑa,129
miɲ,72
jna,60
Vam,5
̌eu,10
jio,39
Oku,6
enc,57
kvr,102
Mac,19
rud͡ʑ,3
siʎ,65
́aɲ,59
udj,16
̌bi,54
bik,13
rut,34
Raz,84
vag,86
Pli,3
ebʎ,31
ezl,32
̌ok,9
led͡ʑ,45
oɲa,156
ɲik,5
etj,23
čv,116
̌vr,110
jac,119
Ot͡se,5
rsa,15
asj,145
̌uʎ,50
ʎak,58
pli,188
Poʎ,7
suz,99
ɲan,75
Gor,63
xaa,8
aat,5
elM,2
lMi,1
aud,11
kir,40
doi,52
ois,104
lt͡se,84
Ogo,7
meʎ,73
eʎt,2
ʎte,1
̌if,4
ifr,2
Pua,1
ejk,7
otn,64
ijk,1
pap,18
uso,58
tik,12
Pla,14
Bit,48
otx,22
txr,4
jsi,811
Spa,42
Okr,30
moa,57
oam,162
sut,117
dac,19
Sip,13
Vap,8
uzl,28
Gon,4
amt,36
mtj,16
zga,57
zmo,22
Izu,2
bru,49
ojb,9
Pox,16
oxo,132
Obj,26
atj,28
usj,69
ark,31
rke,7
sez,24
Uvu,2
vut͡s,31
ɲed,10
uvj,13
glu,55
xim,47
epʎ,11
vav,17
̌ig,26
̌us,23
Lij,24
́aj,56
žɲ,226
lev,279
ɲit,24
Nos,11
Biʎ,1
mut͡s,10
Omr,19
vʎi,31
saj,31
Osl,3
Pal,13
Lib,78
ibn,30
isx,15
sxa,32
Uzi,73
zie,28
xli,15
keb,3
efe,77
feg,4
Zik,12
ikr,28
Els,2
lsa,3
saf,73
fan,47
dab,138
xš,14
ixu,35
xua,11
Ele,79
eaz,75
Ita,32
Asi,66
sir,332
Elk,21
bia,1
ias,1
tie,20
Spo,36
boz,156
orj,175
Rib,20
mrd,6
rdj,6
grs,12
̌ec,83
̌ab,35
rvj,3
ćv,4
́ve,4
id͡ʑo,97
Ža,9
xrp,16
rpe,20
Kom,15
zuz,12
Žr,19
grd͡ʑ,7
els,385
rdl,2
egr,11
etɲ,19
tɲu,7
rmj,8
muɲ,32
uɲe,45
Tuc,4
t͡sva,26
Pš,2
pit͡s,7
srʎ,5
Isk,22
pux,7
xao,12
at͡sr,14
t͡srɲ,6
leɲ,2
Sag,29
tkl,7
txv,18
tmi,63
pna,9
loɲ,20
pki,24
jau,21
auk,43
laj,51
lt͡sa,10
Des,15
atk,163
ikʎ,8
jbl,11
žo,11
̌kr,59
zeʎ,3
asx,69
zbj,31
ure,148
sat͡s,6
ast͡s,11
st͡sa,9
ekv,3
vuj,34
sxu,43
zdj,43
rvʎ,65
lna,42
mrc,40
rć,86
́iv,31
ted͡ʑ,3
Noc,10
neu,32
euk,12
uki,24
rte,35
dga,13
Vri,15
bdj,11
lnu,15
tvi,108
Ukv,1
bib,11
nig,12
riɲ,9
ɲet,44
nud,24
Mog,20
aob,8
aor,35
Eta,20
gɲa,46
Pix,2
ixa,31
xax,6
axi,15
gdo,6
alS,2
lSe,2
fon,8
Uta,8
Uze,28
pes,23
Smj,5
tʎi,13
agn,70
arɲ,22
t͡sal,44
t͡sik,5
jur,12
trm,11
Osv,15
apj,34
smu,40
Koɲ,13
sur,21
urv,3
t͡svi,33
Val,3
ivn,76
̌di,56
rgn,62
Už,16
srv,1
Vaz,1
Mir,44
baɲ,8
̌uc,77
Mar,59
mrm,24
alm,78
lma,26
nol,7
Vec,28
evl,2
pax,6
xuʎ,1
čl,4
zmj,88
ut͡sr,1
mÓ,8
sub,141
zrn,11
ndr,14
t͡sio,53
fid,5
Vik,4
d͡ʑao,5
ed͡ʑo,17
d͡ʑom,11
Uda,31
xur,47
unc,30
kɲi,123
ɲig,67
tuv,1
Por,20
ezg,4
vdu,81
ist͡s,39
st͡sr,17
Pou,29
́uj,105
bne,95
ouz,60
Ola,3
Tez,9
Idu,7
orl,24
Vrs,7
aok,77
Gro,5
mko,13
Brd,3
Diz,10
esl,22
Zvu,1
Mno,56
ɲaj,35
reʎ,62
Vol,7
bad͡ʑ,4
dmu,11
dvu,8
otm,15
tme,7
zʎe,34
ʎec,6
ndv,2
dš,4
nuj,96
Ubo,7
Lop,1
Nad͡ʑ,16
brs,9
oʎn,62
jmʎ,10
dmj,8
ut͡sv,5
psu,7
suj,47
gum,37
gal,89
krɲ,6
ajj,3
jja,3
ugɲ,13
Rad,42
erb,9
̌ʎe,24
̌iʎ,15
Tje,5
Kɲi,32
spn,12
xuo,12
uom,9
Pop,49
Dat,24
ouk,35
̌iz,17
not͡s,27
ujs,19
fin,37
bag,29
iom,31
kad͡ʑ,7
́ak,24
uzo,21
Kov,190
ovc,229
akt,43
Sal,338
zvl,10
kod͡ʑ,21
d͡ʑer,21
aop,17
́av,20
Nao,5
Mot,7
ćɲ,58
́ɲa,58
tiʎ,51
iʎk,54
ʎke,23
Use,1
peʎ,2
ʎar,5
Upo,4
zen,22
umj,62
Duz,8
tʎe,8
vun,20
ajɲ,13
jɲe,9
pč,22
Tix,9
Uš,9
apn,20
t͡sat,80
̌ɲo,17
Sre,14
t͡srt,14
juz,46
upc,3
tpa,40
otl,58
viʎ,7
boc,13
̌up,47
̌ip,33
ipk,24
pke,31
xte,3
pka,25
eop,27
uʎu,35
Opl,3
Tka,1
ezb,140
guʎ,24
Oko,14
ćk,39
́ka,19
anc,21
suk,27
́ku,7
t͡sin,5
int,5
zol,6
pt͡so,5
Uri,62
Tum,8
Ogr,5
von,9
Kos,10
urb,4
rba,17
́it͡s,6
gna,161
obv,21
bvi,3
dbo,6
Isi,1
sit͡s,15
́eɲ,45
gru,54
jba,2
ovɲ,13
Toc,5
olt,7
lta,28
esv,18
aɲt͡s,22
ɲt͡sa,9
xin,55
zju,8
mja,65
vok,7
kut,35
Obl,12
lox,5
oxu,15
Kro,11
miv,29
Nab,143
ʎix,18
rne,99
taf,1
̌ex,4
mrv,29
Bes,30
lia,31
iab,26
Axi,148
xis,5
Sub,5
lup,35
mti,18
Smi,21
̌bo,44
Rek,83
t͡six,13
viv,15
ige,31
Nun,30
d͡ʑar,3
riu,2
ius,1
zus,9
Okl,1
ivt͡s,21
amk,74
lep,20
sxe,6
zec,29
iop,33
otɲ,26
tɲi,30
upt͡s,26
pt͡se,35
xʎe,19
ʎeb,20
sec,52
piɲ,29
ɲac,15
Obd,2
ziʎ,1
iʎs,2
vod͡ʑ,117
jvj,3
Kuk,12
Vrx,5
Izn,15
eʎk,10
ent,8
nta,9
Rog,10
zrt͡s,2
pt͡sa,19
rou,8
oug,3
Ume,1
let͡s,10
̌vs,1
atp,7
tpi,18
pt͡su,12
utv,146
Izm,21
lko,15
Kod,10
puɲ,40
idʎ,2
dʎi,26
Dro,3
xto,2
st͡si,51
enz,6
nž,6
jsv,6
prz,9
zrɲ,7
rpt,1
pte,6
nip,4
nex,18
Svu,8
Koz,8
ipʎ,10
vɲe,19
žt,2
trv,32
bzn,15
Zgr,8
ɲaɲ,6
naɲ,69
jpr,25
ʎš,2
ɲab,1
Uʎa,1
grn,47
Vat,2
st͡se,1
rap,37
ʎna,7
ozj,7
zje,38
Loj,2
zpo,1
Obu,7
Osm,13
žg,18
̌ga,19
pic,33
Ple,3
apk,22
bet,31
viɲ,24
ɲit͡s,21
kob,81
gɲu,24
ɲur,2
̌ap,26
̌mi,5
ukt͡s,5
kt͡si,5
kat͡s,22
t͡svr,1
zri,36
krt,3
t͡sak,1
evɲ,1
emb,1
mba,21
bac,43
nš,1
Upa,2
gɲi,22
sru,47
prʎ,9
kit͡s,3
zbl,3
lot͡s,5
ugd,5
ozʎ,5
̌ug,13
t͡srn,13
nob,2
́el,15
ʎku,31
aiz,4
mrʎ,2
rul,21
t͡sed,73
brv,11
Osa,9
́na,11
duj,119
voz,47
ria,10
iaɲ,10
vrɲ,34
kot͡s,21
ot͡sk,22
t͡ske,3
t͡sko,7
Aza,65
Jar,22
t͡ska,5
ugʎ,16
gʎe,13
evʎ,18
rvn,36
Maj,10
gaj,84
zot,29
jɲa,2
Nic,2
spʎ,4
ʎuv,18
pab,19
irc,16
pso,7
xog,18
ept͡s,32
vdi,36
vrg,43
odɲ,76
voc,22
ooc,5
t͡saj,33
ots,22
ubn,37
́io,10
gad,74
Pra,78
jto,2
jve,37
at͡su,23
Udo,4
omʎ,21
Dak,20
bve,18
xro,26
Jun,8
ɲec,10
dsj,23
mos,46
̌ac,38
Ped,21
ʎni,26
vrb,6
rbo,6
Dib,14
ibr,9
omj,9
̌d͡ʑe,26
exr,4
jub,21
lej,90
pʎi,20
pat͡s,21
jnu,23
eju,72
Kuc,4
its,35
Neo,1
eog,1
Ili,143
jne,64
kip,62
̌id,110
epɲ,5
pɲi,1
Slo,6
drs,64
gvo,27
̌um,73
ums,17
kug,44
ols,16
Gra,46
ept,4
t͡sil,27
ezr,58
jef,1
eft,4
fti,1
Zaz,16
čm,29
̌me,13
xer,111
rd͡ʑa,65
d͡ʑav,79
deu,5
eur,5
lum,34
mie,20
Sur,15
Net,54
nel,17
Sua,6
uar,5
mix,33
xud,29
Gam,7
xsu,7
Gid,64
xie,24
Pag,5
gie,5
Deu,5
ibi,42
evt͡s,20
Nip,7
emj,47
oim,16
Lae,1
adz,25
dzo,16
rie,28
uok,55
Izd,13
žl,1
Kru,9
ud͡ʑa,41
opt͡s,9
Poi,1
irb,1
anp,15
npu,15
eot,2
enp,2
npr,2
Trb,2
duo,1
Ame,26
rea,30
eat,14
itv,102
Umr,17
ʎag,11
uvo,11
Dvo,13
dɲo,1
ajc,28
Mrt,5
rpi,16
Daɲ,6
́uc,27
Tab,22
oxl,11
dik,18
diɲ,1
prO,8
rÓ,15
MÓ,1
stO,2
Kux,2
Gɲe,4
ʎas,70
uop,10
uxn,11
žv,9
Kib,6
taa,5
omn,16
Usk,8
ipj,4
mua,4
kur,10
̌af,126
Jef,16
efu,31
fun,16
Jig,4
xos,32
alt,41
lti,23
Raf,12
afu,6
fuo,1
Sus,10
Gem,6
Set,1
Mik,83
kae,1
axb,3
xbi,1
Vof,1
ofs,1
fsi,2
Geu,1
vrd͡ʑ,106
Tal,11
oan,13
udv,8
Iš,48
gep,8
anr,9
nre,9
eɲi,20
ukc,3
kč,3
̌ue,10
prk,15
orm,10
rme,39
ʎnu,3
bdr,7
ups,5
ukn,30
unt,12
nto,13
ćs,4
́st,4
soʎ,6
Óo,9
́ot,1
ips,9
Ić,5
prl,5
Ata,27
ims,58
bid͡ʑ,19
rpʎ,23
Obo,16
Ije,4
jeA,3
eAb,3
Aba,12
Arn,23
ɲiz,88
Vax,1
Suf,6
ufe,2
giɲ,9
Aru,5
okʎ,1
ubl,9
Bam,4
isg,8
sge,7
Six,38
axz,3
xze,2
juj,10
sad͡ʑ,26
Tes,20
Nof,1
ofa,18
fax,4
Jaz,13
Edr,8
Bal,67
ruʎ,6
eam,79
́it,19
kaɲ,18
mka,43
sot,4
otB,1
tBa,3
jɲi,1
xri,38
Sof,8
ofi,8
fim,3
Uxo,3
xni,10
odz,60
dzv,3
Peo,14
t͡sav,13
Aga,12
gag,7
Tvr,9
ɲas,19
lt͡su,3
lua,2
tut͡s,5
luo,3
pin,10
gij,7
Ozn,2
Puv,2
Jez,11
Asr,5
sri,14
xef,13
Sel,24
lof,11
ofx,11
fxa,11
xla,24
fuf,3
ufa,14
fam,11
xuf,2
̌ux,22
mne,15
̌uu,19
ɲad,7
Muz,8
veɲ,11
rd͡ʑu,22
Evi,3
Ogɲ,3
Rat,10
Uja,1
mad͡ʑ,2
d͡ʑax,26
d͡ʑut,7
gil,27
eal,21
Bar,84
nee,11
src,37
Oga,19
roe,16
oer,16
Atr,4
̌of,3
Jog,4
ogb,2
gbo,2
box,4
Meo,7
ibm,5
bmu,2
Jai,17
air,17
Nob,9
orv,2
Dof,2
ofk,2
fki,1
fke,1
Alu,2
Rit,2
itm,3
Rim,22
Ris,11
akx,2
kxe,2
Mit,5
̌mo,4
Mos,10
Jaa,18
idg,2
Jot,30
otb,4
tba,4
Esi,2
Geb,29
Pun,7
Bro,4
odʎ,5
ʎik,11
Juz,5
Akr,3
Asm,3
Zif,15
ble,10
Aji,7
Kin,8
iob,5
lid,2
Kis,36
Buk,9
nie,89
Efo,1
fod,7
ift,31
xix,3
viu,3
iut,3
Zaj,4
dau,1
aut,1
vop,8
duu,2
uut,1
ufu,1
Tof,10
ofe,39
uos,3
Uć,2
rtj,3
Esj,5
sjo,9
apt͡s,24
ref,9
amz,3
mzu,1
seo,18
eot͡s,24
roʎ,12
Tuk,2
arg,4
gop,3
oki,43
rvs,1
erm,17
Sir,18
rjo,9
Sen,6
nir,5
sor,38
Rab,17
Ges,13
Upu,6
auc,84
kʎa,10
tma,7
Isr,1
vug,2
zro,13
Bez,47
Gol,17
Nau,14
rtn,40
Sli,18
xop,2
epl,23
Uni,15
Lik,2
znm,1
nmo,1
iɲs,29
ɲsk,62
tip,7
ezv,10
gox,35
trx,1
Gud,2
udg,2
miʎ,31
Srt͡s,25
riʎ,21
jst͡s,23
rtɲ,2
Uti,2
dag,8
Nud,1
ilg,45
lga,43
Sra,5
xum,28
umo,58
ʎne,2
ule,61
Ves,6
ujm,9
rnd,1
ant,5
nti,2
jej,1
rkn,8
emn,32
Dar,32
oml,14
srp,7
ut͡se,29
dot͡s,23
ut͡su,4
Dav,1120
iuc,1
imj,8
dle,10
goɲ,9
arb,27
psj,56
́ke,9
psa,21
kte,5
plu,3
ogʎ,1
gʎa,1
aog,9
ipi,9
Ož,5
rzl,5
xtu,2
ojt͡s,8
dgr,5
mt͡sa,11
Zat͡s,7
̌rv,4
ɲes,9
dbr,5
vɲi,3
sog,1
Dao,9
Kug,2
edʎ,6
tev,7
Vin,9
aɲs,66
ɲst,36
Ops,5
jme,5
eks,8
́ut,20
bnu,11
isj,11
Zau,11
rox,28
oxt,5
avk,10
vka,7
zgn,78
Oxr,7
Óe,13
́ed,1
Sna,7
Ot͡sa,29
jag,36
Ude,1
seɲ,89
Tud͡ʑ,6
ʎat͡s,15
Odn,4
Nev,7
Van,5
Gin,7
eup,2
oum,8
umʎ,14
ɲin,36
sod,6
ijs,57
st͡sj,7
aos,10
Kli,21
put͡s,41
lmi,7
trl,14
Ogu,2
jor,12
art,24
abs,6
bsk,3
uʎk,11
Ski,6
Vic,9
mez,5
Zab,35
abd,9
Klo,4
suv,5
Kle,6
brɲ,9
pku,7
Aje,1
Aju,5
Gib,96
krp,11
als,6
Kef,7
Jea,20
ems,102
Ado,47
niS,5
iSe,5
xox,2
Pir,7
uts,5
fij,8
Udr,6
etx,28
txo,20
Aze,7
zek,145
ked,16
d͡ʑam,28
Lak,27
Gez,13
Egl,15
Aks,7
Dor,8
fot,2
uʎt͡s,14
ʎt͡si,19
zos,11
šd,23
̌do,23
ges,7
urs,8
maa,17
gez,3
ged,4
rms,1
Tap,8
pua,8
fec,1
onm,1
nme,1
afs,2
fsk,1
aac,1
meg,3
gid,12
ids,4
Ekr,20
Git,7
Afe,8
fek,8
Leb,6
Mef,4
faa,3
xap,3
sgu,1
LoD,1
oDe,1
afo,35
Žd,6
nei,21
Dio,4
kai,5
etA,7
tAr,3
Box,2
Gel,2
dum,3
EnS,2
nŠ,2
EnR,1
nRo,1
gel,7
enx,32
nxi,2
onk,23
toa,2
oax,64
etS,13
tŠ,21
̌ik,8
abn,6
ksu,7
Otn,8
Doɲ,9
Kab,6
bse,4
Jag,4
Dim,2
Tel,14
Bea,2
etP,2
tPe,1
ual,6
Iji,1
Elt,5
lto,2
Sik,16
nsa,1
bao,17
elx,1
lxi,5
aol,7
Sor,14
Zan,7
noa,34
Gan,3
xae,19
aen,1
Sok,7
̌aa,13
aar,18
Ged,44
alG,1
lGa,1
Dil,1
ean,9
tee,2
axm,22
xma,3
itl,16
etD,2
tDa,2
Dag,16
Ete,3
Jif,31
Nes,16
sib,4
Kei,15
eil,17
Akz,3
kzi,4
Jat,7
Jan,6
num,2
etT,1
tTa,1
umt,1
mta,1
Sio,115
ior,1
Mao,8
Jut,4
Jiz,46
ree,47
okd,1
kde,1
dea,1
xak,23
bea,4
alx,2
tSu,1
tAn,4
Ano,1
not,5
lte,3
koa,6
Kul,4
Tat,5
Sek,2
nib,1
bš,115
EnG,3
nGe,3
elL,1
lLu,1
jaf,1
afl,4
fle,6
ikm,14
Taa,2
emt͡s,42
bie,13
Jib,9
EnD,2
nDo,2
Meg,9
jiz,7
tAv,1
Ave,6
otA,2
tAd,1
txa,8
Eme,2
Ofr,8
Ofn,1
fni,10
Gab,7
Jir,4
irp,1
pee,1
tul,2
kab,25
etL,1
tLe,1
uxe,12
Dab,4
Nee,1
axE,1
xEl,1
Elu,3
Kat,1
xaf,1
̌jo,7
Rem,14
nGa,2
Enx,3
tPa,1
Ala,2
aem,1
Nei,5
eie,13
Abd,16
bdo,9
Saa,2
Azn,1
xuk,11
kok,5
Utv,9
sid,11
Rak,2
lEl,1
Jex,95
neB,1
eBe,1
atR,3
tRi,3
atS,12
tSe,2
eut,5
atA,3
Tan,8
eis,11
six,7
Gaa,15
aas,48
bei,8
alt͡s,4
lol,1
elb,3
lbe,8
Afi,2
fik,1
arx,17
rxe,4
alb,5
lbi,3
Bok,6
baa,68
Kla,6
Exu,12
dez,23
dou,4
amg,2
mga,2
Voj,276
Sis,25
Lap,1
pid,1
Jae,6
t͡sur,2
urk,6
̌dj,2
kut͡s,10
xrl,21
Kne,20
fru,16
tpl,8
Top,1
zmr,6
jÓ,1
́ad,8
jmu,3
ʎax,49
fre,1
Joa,260
oas,68
deo,51
jux,2
veM,1
eMi,1
fri,6
apt,8
apc,4
Pur,10
trʎ,9
lMe,1
etB,2
Ore,9
Zee,5
eeb,5
lmu,16
kul,55
oxe,6
krl,6
rle,15
alB,2
lBe,3
etM,4
tMi,3
biɲ,10
eln,6
rum,10
ElB,1
Trg,5
Pue,1
ead͡ʑ,15
jš,20
Gri,10
Tob,25
ojv,44
jvo,44
lbo,13
teo,24
Min,3
Ugl,13
itj,15
t͡sku,8
́at͡s,1
Ibs,2
oud,1
xil,41
erd,1
Toj,1
mso,42
imɲ,2
mɲa,6
lor,1
adb,19
zud,2
exi,33
Opk,7
Del,14
Var,3
lba,5
Usp,11
zig,7
Tis,12
egd,6
Laj,7
Skr,6
etR,1
tRe,1
Jon,170
Tas,1
beu,13
krm,7
Vaʎ,10
Izj,4
kax,40
Doi,50
smn,1
Sij,10
t͡ses,22
oem,24
xlo,7
Kiʎ,3
iʎo,5
ʎon,3
Orp,2
Rut,15
Boa,29
oaz,28
dzi,11
xit,88
ekj,13
kju,2
Jel,8
rbn,14
Umi,5
pem,1
zuo,1
Obe,37
ufo,3
fov,38
Tox,1
xof,5
ofn,4
Anu,4
Otr,5
rsi,18
Lom,2
Ner,36
buɲ,11
uɲi,2
upk,31
aez,3
iot͡s,27
mki,8
Ika,2
roɲ,4
ojx,1
Jek,17
Une,1
Joe,23
oel,21
ioc,3
Uos,1
jdr,5
but,3
arf,48
rfe,16
Otu,2
Skl,10
jab,9
ipe,10
žm,3
kma,12
sox,8
tub,24
Peɲ,2
utɲ,11
Zad͡ʑ,2
Sob,8
kiS,5
iŠ,5
Abn,64
jov,1
ɲt͡se,7
Dog,13
ɲš,4
rfu,12
fes,1
nts,3
Zva,9
t͡sig,10
vob,6
ndz,4
́ko,4
pse,4
ejc,2
imb,24
Adr,5
ćm,5
́ma,5
Bol,8
zjo,7
kua,1
umk,6
dap,8
Mom,2
Doe,6
oeg,6
Aki,23
mob,1
lud͡ʑ,28
Ebj,33
Doc,20
ifu,3
ife,8
fej,6
kil,3
eng,2
nga,2
Eng,1
Lit,1
big,17
irz,2
xme,12
mee,10
Uko,4
ilb,8
boi,7
rer,6
umɲ,6
mɲi,3
ebj,15
ifm,2
fmo,1
drt,3
bou,1
aʎk,26
vju,3
Luk,1
ʎup,28
Usr,8
Smr,18
Asa,105
trk,8
ʎka,38
ɲeɲ,4
Amn,30
Kil,1
eab,1
Abs,114
olm,1
git,5
tja,14
Uje,4
Bax,8
Pao,2
ibx,6
bxa,6
eeʎ,2
̌ep,12
Axj,6
xjo,5
rfa,14
ʎki,3
Uzu,5
edE,15
dEd,15
Uis,27
sop,7
Tou,4
ouo,1
Joj,119
nun,10
jvr,4
Bat,12
iam,5
ajz,3
jž,1
ajx,4
jxr,4
did,5
jut͡s,2
Zaʎ,1
Lez,6
Kud,3
kou,6
koe,5
tof,34
Uro,3
oxi,22
Gic,2
Juc,2
tɲo,5
Kid,9
Arc,4
xaɲ,2
ɲuc,6
ovk,5
vku,3
arz,13
ang,2
ngu,2
Eti,24
Trc,3
jud,295
uzj,5
Kim,4
imx,5
mxa,5
rd͡ʑi,15
Bik,11
Arm,1
Gob,2
ibk,4
bka,4
Elx,4
Pje,41
uji,24
dze,55
drm,8
msa,4
tɲe,22
ujn,14
srz,3
esp,18
Nog,13
zix,10
§iz,1
avA,2
vÄ,2
Äi,13
akm,3
kmo,6
Axo,6
xoa,2
Tro,7
sɲe,8
jzn,2
Ike,2
bej,10
xid,3
Azm,9
Eʎa,2
xba,3
xia,2
Axa,208
asb,2
sba,2
Paa,1
gea,1
Ban,15
Gar,4
Veo,7
rau,8
aun,10
oox,1
Rei,1
Zox,3
zbe,9
skʎ,5
Upl,2
Dek,3
Taf,10
Mek,3
okm,2
mea,5
Arg,2
Ido,9
rua,1
nkr,4
fse,1
Mud,42
Ezr,32
ard,13
gma,7
Nam,13
emp,20
mpr,20
nor,7
Ziv,2
xek,27
Ula,17
lme,12
Ure,5
Bul,1
d͡ʑev,2
ʎiʎ,18
taʎ,3
Oso,1
goi,2
toz,7
dsm,38
viz,13
onG,4
tmj,2
lok,12
pau,5
zge,6
Koe,3
afn,8
fne,3
Ses,3
Gen,5
nub,3
Rez,4
zon,3
boa,146
erv,1
Rob,47
Uxv,10
psi,17
Opo,3
Opʎ,2
ivr,6
vrz,16
xez,2
ezj,1
Asu,8
Ijo,3
tMa,1
xuu,8
Ars,1
rse,5
Tib,7
Ize,21
zeb,31
Etb,1
Seg,3
Gav,1
́ic,1
Sak,11
igi,5
esɲ,6
Odj,7
Rev,5
orʎ,5
rʎi,18
zae,24
msi,3
ize,153
zej,148
oɲu,7
mrk,18
Umo,2
Mix,39
xej,31
iml,4
idk,65
dki,64
ibɲ,12
Azu,7
Srd,4
zji,17
Ozd,2
d͡ʑus,2
Kon,8
́ar,1
Gex,13
dzd,1
ixn,7
jus,2
Usu,3
naʎ,3
arp,5
ekm,2
Ofe,7
ɲos,6
mš,11
jɲu,1
Bid,1
dka,1
Gur,3
jdo,2
Eke,3
ʎic,3
Sat,17
Pʎe,2
ikc,11
oɲs,7
ibj,4
́oj,6
Joz,16
mtr,1
oad,7
sji,9
sju,4
Uga,3
axj,16
xju,3
rji,18
Tif,1
ifn,1
fna,1
Pul,3
Pek,18
xja,9
Arj,6
xje,2
atP,3
tPi,3
erɲ,11
Eze,142
̌ee,6
Sou,1
̌ei,4
Goz,7
Kut,1
erg,7
Nib,1
sef,5
d͡ʑix,4
Nex,15
anx,17
nxe,15
Sno,2
Uzd,12
xac,12
aij,48
irx,3
eft͡s,2
ft͡se,2
Ive,2
ujd,4
vet͡s,30
Ove,1
krA,2
rÄ,8
Äu,2
̈un,2
unA,2
nÄ,16
Sac,3
upɲ,10
akB,1
kBa,1
efs,1
siB,1
iBa,1
Obn,8
tbe,1
xik,19
uld,2
ldi,2
Tik,2
ikv,2
vke,5
Osk,5
Uzv,11
egv,2
Rum,1
Eln,8
Jox,39
nxu,2
aaz,10
tod,3
Rau,1
Kel,10
Ose,2
iot,11
šx,17
̌xu,16
koi,3
Jad,7
ajl,3
jla,2
Axb,1
Afa,2
faj,10
Axl,2
rxi,4
Efl,2
fla,2
mju,3
ifo,2
tSa,1
zez,2
oxd,1
xda,1
Reg,2
gem,2
Fel,3
aaf,2
akb,8
kbe,1
etG,1
tGa,1
Rea,5
eaj,5
jea,1
Puc,1
šr,1
̌ra,1
aoʎ,1
fac,5
Sim,1
eac,1
jle,1
fal,1
Oxe,1
kja,9
Jus,1
abx,1
bxe,1
dji,4
Nea,3
joe,10
oen,10
Azr,9
vja,4
Aku,8
kub,8
elp,1
Fen,2
Etn,2
beb,1
sea,4
Tex,1
Jom,1
Rin,1
Til,1
enZ,1
nZo,1
Lek,1
Lad,8
Tok,2
mle,1
sie,4
̌ox,2
Ziz,3
ifi,4
Alo,1
tjo,1
Gog,9
Jei,12
Zij,1
roa,1
axd,2
xdo,1
Itu,2
̌ej,1
xdi,1
Toa,1
Abj,2
kje,2
abj,20
Ams,2
mou,1
Ale,28
Fua,1
xji,3
dia,5
iae,5
Iri,1
Zet,4
Iro,1
Axe,1
ket,3
̌xo,1
xlu,1
ikx,1
kxi,1
nia,1
tmu,2
rza,20
Bim,1
Rox,1
oxg,1
xga,1
xub,1
nef,1
lš,3
Fis,1
Uli,1
Axr,1
Nox,1
bju,7
akj,3
irm,1
Elp,4
paa,3
Lod,4
xiz,1
izk,1
zki,1
ilt,3
Ant,1
ifd,1
fde,1
Bin,11
Imr,2
nui,2
Ibn,2
Mok,1
bji,3
Bak,6
kba,3
tun,17
mji,8
tkʎ,1
xre,2
šG,1
̌Gi,1
Ake,1
Ila,1
toɲ,5
boɲ,1
Giz,1
zoɲ,1
gej,5
lip,16
Ezb,1
itɲ,2
ert͡s,1
eaʎ,1
ruf,1
oez,1
orx,1
xiɲ,2
Elz,2
Adn,4
dae,1
nod,6
kji,6
tju,5
ifl,2
Dic,5
ʎuʎ,17
xuc,6
fak,2
xmi,5
Orn,11
vle,16
irt͡s,14
Zin,1
bue,3
d͡ʑat͡s,10
Seo,1
Mij,7
lgu,1
bae,3
exd,2
xde,2
Ibr,1
iat,1
Rom,2
tiE,2
iEz,2
Isa,1
Peu,1
eul,1
fae,1
̌uf,1
ufi,5
amx,1
mxu,1
xut,1
eld,3
fme,1
dud,3
Edl,1
ziz,3
Uvi,4
kso,11
ʎil,5
Koi,1
Drv,2
bÓ,4
́ez,3
Opt,3
Kri,48
ktu,1
inA,4
Äa,48
stA,2
tÄ,5
Sop,1
jiv,4
Aso,1
ded,4
kau,1
meo,3
dju,2
iad,1
xoz,4
Meu,3
euɲ,2
rue,1
Lad͡ʑ,2
t͡sri,7
eiz,12
Ogl,3
Paʎ,6
mte,2
Rav,1
ʎod,1
lst,3
Gub,3
Gim,1
imz,1
mzo,1
Miɲ,3
zox,10
ibʎ,7
okx,1
kxa,1
agɲ,11
Oka,5
naS,1
aSv,1
erz,37
Ree,1
Big,9
igv,6
gva,7
tji,6
Pax,6
atM,5
tMo,5
tuo,4
Beb,6
Azg,4
Ate,5
agb,1
gbi,2
vji,1
ixi,3
suf,2
Sia,1
iax,2
Fad,2
gab,3
Fas,3
Asn,1
eun,7
fus,1
kbu,5
kuf,2
sia,1
Sot,15
sof,1
Esa,1
Kse,2
rks,19
Art,17
kse,17
Bis,2
kev,1
Suz,26
t͡sar,49
mox,2
Ekb,1
veʎ,1
eʎo,1
sif,3
fji,2
fje,1
nki,5
xzi,1
Azi,1
Atl,1
aad,2
Tug,3
anb,10
nba,10
Zma,3
Sme,6
Ovc,4
Mea,2
ain,4
eoɲ,1
maf,1
Pec,3
olx,2
loa,3
Azb,1
tsu,1
kei,2
Bav,1
Oru,1
́nu,3
Zal,9
Tij,6
Gas,1
̌mu,1
̌ʎo,3
ʎot,3
Zid,3
lul,1
Raa,1
mjo,1
rif,2
Uku,1
irt,6
pev,2
gir,2
jog,2
rdd͡ʑ,1
dd͡ʑu,1
Led͡ʑ,2
agp,1
gpi,1
dua,1
zea,1
oed,1
Iti,3
Axz,1
xza,2
ukj,3
Gis,1
sui,1
lgi,1
due,1
aaj,1
Trz,1
est͡s,7
krn,2
Ind,2
ndi,2
ajf,8
jfi,6
def,1
Biz,1
igt,3
gti,2
agt,1
ivl,3
Mem,10
ʎoj,2
xeg,4
Est,50
šg,1
okc,1
bud͡ʑ,2
gta,2
Sko,2
srt,7
Siv,1
rge,5
ikt,12
alf,1
lfo,1
Asp,1
agm,4
oʎt͡s,5
xai,1
ail,1
Brb,1
Mra,2
Zli,6
faɲ,8
Rik,2
url,3
Lav,11
Dax,5
moʎ,20
ʎt͡se,1
olc,4
lč,4
Ned,4
at͡sj,1
Bic,4
Koʎ,1
zuʎ,10
sxl,2
azt,1
zte,1
PÓ,1
unk,1
Zel,4
Dus,27
Ori,3
ezd͡ʑ,1
zd͡ʑa,1
Ugr,1
t͡suj,18
sxr,6
xrv,8
jt͡sr,2
brb,5
Gus,1
obm,9
bma,12
Umu,8
sap,9
dÓ,5
Vaj,1
pʎo,1
Sru,4
itʎ,1
krg,11
́us,2
̌op,2
́ud,4
Rug,5
rkl,11
amɲ,5
mɲe,6
epk,6
pɲa,12
d͡ʑil,2
zbʎ,4
ɲeo,1
drʎ,5
ipt͡s,1
́ev,1
xoj,3
Sum,1
bZa,1
Zor,2
emr,1
rzu,5
Rud,1
Zvi,4
̌du,1
gaʎ,5
Krs,17
Glo,1
Lob,1
̌uk,1
Url,2
soj,1
Gnu,2
Muk,1
rtl,3
Utr,3
Sig,1
kee,2
Las,1
goʎ,3
̌t͡se,4
Odi,4
Ću,1
eim,1
ɲio,2
opj,4
tut,7
uɲu,7
Muɲ,2
esx,5
atʎ,3
brl,9
́ur,1
DÓ,1
aʎo,2
But͡s,1
Lut,3
epc,2
jic,1
xrz,1
kec,1
ɲus,1
ćA,2
́Ä,2
Bex,1
ćj,1
́ju,1
zod,1
xrb,1
sʎu,1
Zub,4
Zgo,1
t͡sre,2
egb,1
gʎi,10
Äe,11
Obz,1
Äo,4
̈om,1
Psa,58
Mrz,11
Pak,2
$AL,8
ALE,15
LEF,8
$BE,8
BET,8
$GI,8
GIM,8
IME,8
MEL,8
̌t͡sa,3
$xE,16
$VA,7
VAU,7
$ZA,8
ZAJ,8
AJI,16
JIN,16
xET,8
$TE,8
TET,8
$JO,8
JOD,8
$KA,8
KAF,8
$LA,8
LAM,8
AME,15
MED,8
$NU,8
NUN,8
$PE,8
$AJ,8
ZÓ,1
́ab,1
$KO,7
KOF,7
$RE,8
RES,8
EŠ,8
$Š,8
ŠI,8
̌IN,8
$TA,8
TAU,8
anA,4
uzʎ,1
Udi,2
Grl,1
n§i,1
§it͡s,1
it͡sA,4
t͡sÄ,4
Trp,2
pez,9
Uʎe,2
nid͡ʑ,4
$DA,7
DAL,7
LET,7
$ME,7
MEM,7
$SA,14
SAM,7
MEK,7
SAD,7
ADE,7
Mrs,7
adA,6
dÄ,20
tvd͡ʑ,1
vd͡ʑa,1
adʎ,15
d͡ʑit͡s,10
rfi,2
ETT,1
TTr,1
Bli,12
mig,4
Gre,5
ɲij,1
Ist͡s,5
dʎe,2
Miʎ,2
lur,2
mbe,4
rfo,4
fom,3
tet͡s,9
saʎ,4
Oš,2
Uzl,1
Sxv,4
Muc,2
Mre,2
́od,2
dbA,1
bÄ,3
̈at͡s,1
́ob,2
Zlu,1
omɲ,2
Snu,2
pÓ,5
asA,2
sÄ,2
̈an,1
́ox,1
odA,13
nÓ,2
opA,1
pÄ,2
bɲi,2
ɲic,3
Ukr,3
rst͡s,1
ot͡st,4
t͡sto,4
evk,1
vko,1
Sic,1
apɲ,14
ozr,5
plO,1
lÓ,3
bur,7
Grm,1
epn,2
grO,7
vep,2
ujo,2
Zda,2
Pʎa,4
Zbr,1
Čv,5
Jac,1
Tla,3
́uk,1
Pep,2
Bre,8
Spu,4
arA,3
̈od,3
mux,3
Puk,1
Ot͡si,5
alA,1
lÄ,2
ʎko,6
Mrm,1
́ov,1
̌d͡ʑi,1
Tet,1
́um,1
žA,2
̌Ä,2
ort,1
Sja,2
Drs,4
Umn,9
Dra,12
beʎ,1
xrd͡ʑ,5
Srz,1
́eo,1
jaa,1
ʎex,4
Kum,1
Rus,2
avg,1
vge,1
uɲo,1
akc,1
dun,6
uln,1
dsp,2
Bru,1
ajr,3
jra,3
arʎ,8
xrc,1
Laz,15
ɲil,3
Lud͡ʑ,7
grt͡s,1
Nag,6
Zao,1
nut͡s,2
Izo,2
Glu,4
ivc,1
xot͡s,1
mbu,5
Taʎ,2
Unu,4
Uvr,1
Los,1
Pam,2
Trɲ,2
out͡s,3
prx,1
rxn,1
Trn,1
Ugʎ,1
mbo,1
ɲt͡si,3
gul,3
Agu,1
keo,1
Uka,2
arc,1
Lem,2
pur,10
urp,5
rpn,1
rʎe,2
š§,1
̌§i,1
§ij,1
Tom,9
Ugi,1
eml,1
olt͡s,4
Igr,1
̌et͡s,1
t͡sip,1
nge,1
Smo,3
ptr,1
jkr,1
afr,2
Sul,2
Pup,1
Vid͡ʑ,7
rd͡ʑo,2
rpo,4
Der,1
et͡sk,1
Oć,1
sev,1
giz,5
ɲag,2
jap,5
ved͡ʑ,1
Ote,1
Paɲ,1
bJo,1
Ema,4
rxɲ,3
xɲe,3
Baz,2
Naz,23
Kuj,2
klu,6
b§i,2
§io,1
Vuk,2
jiɲ,6
sxo,1
Rje,1
agʎ,6
§il,1
t͡san,3
dib,2
Jau,5
Lux,2
rsj,2
Sez,1
nuz,2
soa,1
emf,8
mfi,8
Zbu,1
olɲ,1
lɲa,1
Oml,1
ijm,2
Lis,3
mop,1
Opu,13
grk,1
Pot͡s,1
edz,3
zee,4
NIj,1
jbj,1
grb,4
krx,3
glA,1
̈ed,1
edA,1
Sma,4
upA,1
amb,6
brc,2
Lil,1
Sʎe,1
aut͡s,2
orA,1
uʎo,2
Oto,3
erʎ,1
vli,2
Vij,6
Isu,470
Ute,1
Kʎa,1
uob,1
Nez,1
Prt,1
Vad,1
jki,3
Vrt,1
jsj,1
neʎ,1
Umj,3
Psi,1
muʎ,1
Pip,1
mum,1
duv,1
eoc,2
Doj,3
rʎu,4
Vru,1
mze,2
prɲ,1
obA,1
̈aʎ,1
iʎn,1
rpl,1
usx,1
sxi,1
ntn,1
eug,4
ivd,1
rvɲ,2
Bʎu,1
ut͡sn,3
t͡sne,1
efr,2
Goi,1
Kup,6
dee,1
ous,1
dsv,1
Juk,1
edM,6
dMe,6
oɲk,1
ɲke,1
zux,1
Ud͡ʑo,5
arE,3
rEs,3
inM,1
nMa,1
̌az,1
ofʎ,1
fʎa,1
ʎto,1
ofr,1
jbr,1
Api,1
odx,1
dxr,1
sik,1
Osr,1
ebs,1
kaf,1
sml,2
̌ve,2
̌vu,3
fao,1
vj§,1
j§e,1
§et,1
Utj,2
duk,1
anl,1
nle,1
Rž,1
dgu,1
xru,4
uEu,1
Buc,2
okA,4
kÄ,8
zuc,1
st͡sv,1
jdu,2
giv,7
̌ad͡ʑ,1
ikA,3
Vre,5
Keb,8
ukt,1
orp,1
Jet͡s,2
ebɲ,2
bɲo,2
Uzo,2
tau,2
krt͡s,4
eub,2
pɲo,2
prt͡s,2
Blu,1
Kaʎ,1
Omi,1
t͡snu,2
Imu,1
̌oa,1
Koa,1
́ot͡s,1
t͡skA,1
Grd,1
lar,4
kuɲ,1
krʎ,2
Sev,2
opx,3
pxr,3
jok,7
PiB,1
iBe,1
Oja,2
ebl,1
Ut͡sv,1
jʎu,1
Una,2
tpj,3
Mli,1
Ovt͡s,2
nGo,2
Osn,1
brt,1
Vaɲ,1
ijA,1
jÄ,1
kto,1
Uvo,1
ɲt͡su,3
xau,2
aur,2
erA,1
šf,2
̌fe,2
Zvj,1
Prs,1
rxk,1
xko,1
Dur,1
jda,5
aɲo,1
kti,1
zrj,2
enʎ,2
nʎi,2
eoz,1
Grc,2
Sup,1
kʎe,2
Jug,12
Nen,3
Vix,1
vɲo,1
ʎt͡sa,1
dbj,1
Buj,2
Ora,1
Loz,1
Krd,2
ut͡sk,1
Ska,1
Gum,1
Grt͡s,1
rxl,1
igɲ,1
jsr,1
Ric,1
t͡saʎ,1
jgl,1
ukɲ,4
kɲa,4
Mrk,1
Kev,1
Rod͡ʑ,1
Pst,1
Jur,1
Kot,1
rnt͡s,1
Uzn,1
bʎo,2
eaf,1
saa,1
akz,1
zip,1
Ovr,1
Sut͡s,1
Liz,2
jmr,1
Put͡s,1
Nat͡s,1
Nan,1
Moc,1
bEv,1
Zre,1
Rid͡ʑ,1
emM,1
mMe,1
jgu,1
jsu,1
irA,1
eʎA,1
ʎÄ,1
Goe,1
zaf,2
biu,2
iud,2
Azo,2
Ud͡ʑu,1
Arx,1
Iva,107
Grn,2
dut͡s,9
t͡sej,9
Ðav,4
And,10
d͡ʑeʎ,19
nsj,2
d͡ʑac,1
ait,1
Ot͡su,6
Kut͡s,2
iʎt͡s,2
Alf,4
lfe,4
elz,7
lze,7
Trs,2
aig,4
tsa,6
sai,6
aid,6
uls,2
ruo,1
t͡sez,2
stP,1
tPo,1
arS,1
rSt,1
rkv,3
noo,2
ook,2
rdɲ,1
Osu,2
etf,3
tfa,3
fag,3
abb,4
bbi,4
jva,1
Bdi,7
ɲex,4
vlu,1
jfe,2
ipn,1
rso,3
tse,2
oid͡ʑ,2
t͡sir,3
olg,2
lgo,2
Lub,3
goc,2
Uno,1
Maɲ,1
Grk,1
rof,1
Eff,1
ffa,1
Abb,1
bba,1
Got,1
Ruf,1
nud͡ʑ,1
loi,2
isc,1
sč,1
rsl,1
Teo,1
eof,2
Aug,1
Kvi,1
Uvj,1
sex,1
Jod,1
Elm,1
Ero,1
Nai,1
dmn,1
Osj,1
Apo,2
etd,2
tdv,2
Tov,1
Uzr,1
xmu,2
bzo,1
dbʎ,1
ott͡s,1
tt͡sj,1
kej,3
adt͡s,1
dt͡sa,1
Mna,1
xod͡ʑ,1
Vuc,1
Tmi,1
mau,1
txz,1
atx,1
ixc,1
xč,1
