nat͡ɕʲ,787
at͡ɕʲa,742
t͡ɕʲalʲ,609
alʲe,319
sot,424
otv,240
tvo,5489
vorʲ,2096
orʲi,1651
rʲil,713
boɡ,2407
neb,213
ebo,153
zʲem,2314
emlʲ,2290
mlʲu,618
mlʲa,535
bɨl,1692
ɨla,376
bʲez,537
ezvʲ,12
zvʲi,17
vʲid,1183
idn,25
dna,902
pus,1268
ust,1172
sta,4482
tʲma,23
nad,1277
ezd,108
zdn,152
dno,947
nou,649
dux,198
boʒ,597
oʒi,1266
ʒiи,165
iй,2272
nosʲ,455
osʲi,894
sʲil,512
ilsʲ,798
lsʲa,1407
vod,537
odo,1434
dou,169
ska,4117
kaz,3627
aza,4217
zal,2803
budʲ,2246
udʲe,3126
dʲet,2216
svʲe,356
vʲet,788
tal,670
als,2
lsvʲ,1
uvʲi,550
vʲidʲ,977
idʲe,1088
dʲel,3113
t͡ɕʲto,4598
xor,344
oro,3945
roʂ,303
otdʲ,109
tdʲe,112
dʲelʲ,528
elʲi,2114
lʲil,320
tʲmɨ,20
naz,281
azv,231
zva,371
val,1216
dne,609
nem,972
tʲmu,15
not͡ɕʲ,295
ot͡ɕʲu,131
vʲet͡ɕʲ,622
et͡ɕʲe,684
t͡ɕʲer,325
ɨlo,812
utr,217
tro,806
dʲenʲ,985
odʲi,2624
dʲin,933
tvʲe,1439
vʲer,1407
erdʲ,140
pos,2729
osrʲ,54
srʲe,352
rʲedʲ,560
edʲi,728
odɨ,514
elʲa,287
lʲae,212
aet,1844
ona,1699
odu,1082
soz,91
ozd,235
zda,252
dal,815
kot,3527
oto,4643
tor,3752
ora,1003
raa,412
pod,4026
odt,6
dtvʲ,5
rdʲu,7
alo,901
tak,1717
bom,90
vto,124
roи,306
oй,5380
sobʲ,146
obʲe,426
bʲerʲ,255
erʲe,2138
rʲet,186
etsʲ,776
tsʲa,1969
oda,2797
odn,2166
mʲes,993
est,2066
sto,2455
javʲ,189
avʲi,3237
vʲit,629
itsʲ,533
suʂ,47
uʂa,798
uʂu,173
mlʲe,839
lʲeu,96
sob,721
obr,1092
bra,1809
ran,1071
ani,2128
nie,2297
morʲ,239
orʲa,640
rʲamʲ,50
amʲi,2689
eto,1524
oʂo,91
pro,3009
roi,567
oiz,249
izr,2280
zra,2339
ras,879
astʲ,488
stʲi,2482
tʲit,297
zʲelʲ,30
elʲe,1602
lʲenʲ,18
tra,846
rav,853
avu,355
sʲeu,350
euɕː,81
uɕːu,32
ɕːuu,31
sʲemʲ,833
emʲa,479
dʲerʲ,255
rʲev,574
evo,410
plo,342
lod,372
dovʲ,42
ovʲi,876
ito,226
toe,88
prʲi,4270
rʲin,1044
ino,1204
osʲa,152
sʲaɕː,76
aɕːe,1041
ɕːee,66
rod,3492
svo,3721
voe,3662
oem,1012
emu,2559
rom,530
jeɡ,6302
eɡo,10080
izvʲ,173
zvʲe,618
vʲel,375
ela,2780
jee,964
trʲe,1217
rʲetʲ,370
etʲi,575
tʲiи,82
bud,1015
udu,1040
dut,898
vʲetʲ,181
tʲil,553
ila,799
rdʲi,128
nebʲ,246
ebʲe,1762
bʲes,338
esn,544
sno,406
noи,509
dlʲa,1423
lʲen,2218
eni,4270
nia,2221
ot͡ɕʲi,568
zna,1023
namʲ,639
amʲe,455
mʲen,2684
niи,303
vrʲe,554
rʲemʲ,731
emʲe,639
neи,613
eй,5609
ɡod,755
dov,895
oni,2637
tʲilʲ,395
ilʲn,358
lʲni,601
nik,2434
ika,928
kamʲ,332
tob,1927
obɨ,1533
tʲitʲ,340
dva,501
vʲelʲ,1042
lʲikʲ,166
ikʲi,562
kʲie,372
ilo,974
bolʲ,528
olʲʂ,254
lʲʂe,80
ʂee,74
upr,43
pra,1318
avlʲ,619
vlʲe,429
mʲenʲ,99
enʲʂ,31
nʲʂe,7
vʲez,78
zdɨ,42
ost,2651
tavʲ,742
vʲil,1010
vlʲa,471
lʲatʲ,237
t͡ɕʲet,443
etvʲ,137
ert,1218
rtɨ,54
tɨи,278
ɨй,2447
vʲedʲ,468
edʲe,718
prʲe,3309
rʲes,724
esm,37
smɨ,51
mɨk,34
ɨka,107
kau,71
auɕː,617
uɕːi,836
ɕːix,382
ixsʲ,103
xsʲa,102
duʂ,565
ʒiv,619
ivu,186
vuu,215
ptʲi,104
tʲit͡s,100
it͡sɨ,226
polʲ,390
olʲe,1804
lʲetʲ,42
etʲa,37
tʲat,101
rɨb,26
lʲʂi,54
ʂix,571
vsʲa,547
sʲak,294
aku,101
kuu,210
ivo,318
vot,1247
otn,229
tnɨ,185
nɨx,841
orɨ,2279
rɨx,352
it͡su,169
pʲer,427
ern,368
rna,120
nat,191
atu,146
tuu,65
bla,1124
laɡ,959
aɡo,1235
ɡos,6756
osl,1239
slo,1491
lovʲ,1574
ɡov,2326
ovo,3151
lodʲ,119
dʲitʲ,685
itʲe,2077
tʲesʲ,362
raz,1490
azm,72
zmn,33
mno,1049
noʒ,363
oʒa,173
ʒaи,41
aй,2052
йtʲ,958
̆tʲe,858
nap,377
apo,542
pol,1301
oln,658
lna,174
naи,310
rʲax,26
ʒau,60
aut,787
utsʲ,378
pʲat,144
atɨ,469
sko,1879
tov,406
ɡad,165
ado,498
vʲerʲ,283
rʲeи,606
emn,227
mnɨ,114
vsʲe,4175
sʲex,819
exɡ,2
xɡa,2
rʲim,135
t͡ɕʲel,1042
elo,1493
ovʲe,3278
vʲek,1127
eka,430
azu,273
naʂ,848
aʂe,589
ʂem,202
dobʲ,50
obʲi,313
bʲiu,26
mui,161
vla,344
lad,197
adɨ,138
dɨt͡ɕʲ,24
ɨt͡ɕʲe,42
t͡ɕʲes,613
stv,1721
tvu,639
uut,129
ɨba,8
bamʲ,83
mor,190
ors,72
rskʲ,142
skʲi,1505
kʲimʲ,81
imʲi,998
it͡sa,492
t͡samʲ,135
snɨ,142
nɨmʲ,162
ɨmʲi,366
tom,1462
emʲi,401
ada,591
damʲ,121
ɕːimʲ,48
mʲisʲ,29
isʲa,70
ʒiu,46
muʒ,427
uʒt͡ɕʲ,55
ʒt͡ɕʲi,56
t͡ɕʲin,198
inu,429
ʒen,1890
enɕː,229
nɕːi,232
ɕːin,233
obl,278
daи,292
jeu,51
vuи,47
uй,223
sʲakʲ,210
akʲi,465
kʲim,336
nɨm,429
ɕːim,134
imsʲ,65
msʲa,89
vam,486
kak,2480
aka,429
kaa,209
jes,1540
estʲ,1800
sʲeи,858
ako,1765
koe,324
roɡ,668
oɡo,4049
drʲe,105
rʲevʲ,117
evʲe,371
vʲes,579
nɨи,682
ɕːiи,386
sʲie,182
pʲiɕː,122
iɕːu,126
sʲem,804
erʲa,89
rʲam,90
t͡sam,120
kom,750
omu,1530
uɕːe,414
ɕːem,126
musʲ,19
usʲa,39
vko,23
iva,597
vaa,249
vsʲu,121
avn,256
vnu,183
nuu,298
vʲesʲ,710
esʲm,113
sʲma,139
ʂes,420
toи,260
sovʲ,338
erʂ,302
rʂe,108
ʂen,710
enɨ,497
voi,2793
oin,121
ins,97
nst,152
rʂi,189
ʂil,239
sʲedʲ,252
edʲm,110
dʲmo,110
mom,153
dnu,191
rɨe,902
lal,1159
pot͡ɕʲ,193
t͡ɕʲil,240
dʲmɨ,1
mɨи,37
oix,1275
moи,892
osvʲ,238
svʲa,1469
vʲatʲ,232
atʲi,1374
ibo,1659
onɨ,172
sozʲ,13
ozʲi,94
zʲid,10
ida,418
ois,37
isx,51
sxo,194
xoʒ,66
oʒdʲ,230
ʒdʲe,405
dʲen,572
eba,195
mlʲi,658
orʲe,620
rʲen,463
nii,605
koɡ,2157
oɡd,1785
ɡda,1868
osp,6446
spo,7062
podʲ,3656
kʲiи,688
lʲev,1317
voи,1641
kus,89
tar,167
arn,81
rni,97
jeɕː,321
eɕːe,457
evu,154
ros,782
sla,1044
osɨ,141
sɨl,110
doʒ,103
ʒdʲa,37
voz,1771
ozdʲ,27
zdʲe,220
elɨ,160
lɨv,23
ɨva,881
van,495
par,52
dni,1084
nim,996
ima,589
mal,242
alsʲ,526
oʂa,89
ʂal,330
lʲit͡s,806
it͡se,566
rax,256
axa,421
noɡ,1543
vdu,101
dun,19
unu,11
nul,172
dɨx,76
ɨxa,58
xan,334
ʒiz,225
izn,269
zni,185
uʂe,180
ʂeu,71
vou,721
nas,1007
asa,567
sadʲ,97
adʲi,521
dʲil,779
raи,93
jedʲ,106
dʲemʲ,8
vos,845
tokʲ,40
okʲe,14
pomʲ,152
omʲe,487
tam,548
rʲia,373
iat,85
atn,285
tno,221
noe,652
oʂe,992
iɕːi,64
poz,212
ozn,327
nan,392
dob,428
zla,132
dʲem,221
ema,259
vɨx,932
ɨxo,136
xodʲ,1193
rʲek,334
pot,1109
azdʲ,77
lʲal,182
ala,1249
lasʲ,375
etɨ,293
tɨrʲ,226
ɨrʲe,224
rʲekʲ,119
ekʲi,427
imʲa,469
fʲis,5
iso,63
son,195
obtʲ,9
btʲe,11
tʲek,46
kae,54
xavʲ,21
ɡdʲe,238
zol,392
olo,2280
lot,482
bdo,2
dol,735
ola,270
lax,129
iks,13
ɡix,86
ixo,249
xon,93
kuʂ,45
etʲe,907
tʲeи,319
xʲid,6
iddʲ,10
ddʲe,38
dʲekʲ,65
ekʲe,57
kʲelʲ,1
rotʲ,666
otʲe,455
rʲed,2087
assʲ,400
ssʲi,318
sʲirʲ,239
irʲi,430
rʲie,44
ieu,68
rta,95
taa,68
jev,90
evf,22
vfr,22
fra,43
rat,375
vzʲa,652
zʲal,391
posʲ,258
osʲe,531
sʲelʲ,453
sad,198
adu,272
ems,30
msk,92
vatʲ,628
xra,538
nitʲ,454
zap,492
povʲ,902
vʲed,590
eda,603
eku,173
eva,793
dʲeʂʲː,446
jeʂʲː,102
neɡ,1066
rɨи,838
vku,39
kusʲ,20
usʲi,70
sʲiʂʲː,16
smʲe,383
mʲer,993
ertʲ,234
rtʲu,23
umrʲ,95
mrʲe,104
rʲeʂʲː,36
bɨtʲ,249
nom,692
jem,1218
pom,497
omo,694
moɕː,42
oɕːn,30
ɕːni,60
soo,42
oot,8
otvʲ,486
ets,299
tst,235
stvʲ,458
vʲen,1435
enn,2727
nno,952
azo,250
zov,66
ova,2214
evɨ,829
it͡sn,2
t͡sne,2
rʲivʲ,225
ivʲe,354
dʲetʲ,688
zovʲ,45
narʲ,108
arʲe,743
rʲet͡ɕʲ,228
jeи,159
imʲe,960
ena,2806
ota,612
amp,24
mpo,8
vɨm,312
aʂl,27
ʂlo,88
losʲ,422
obn,259
bno,247
navʲ,287
avʲe,1075
krʲe,371
rʲep,289
epkʲ,24
pkʲi,32
usn,45
snu,80
ulv,1
lvzʲ,1
rʲeb,688
ebr,290
zak,874
akr,42
krɨ,610
rɨl,178
lotʲ,153
otʲi,746
tʲiu,35
zʲat,61
ato,374
toɡ,1216
enu,252
kos,189
ostʲ,1778
stʲe,998
moi,1744
moe,1302
oeи,881
azɨ,366
zɨv,309
atʲsʲ,358
tʲsʲa,611
eno,460
ata,315
uʒa,294
ott͡s,825
tt͡sa,492
oeɡ,1719
matʲ,263
rʲilʲ,238
ilʲe,1361
lʲepʲ,59
epʲi,154
pʲit,152
ene,438
bɨlʲ,494
ɨlʲi,555
oba,61
naɡ,118
aɡi,84
dam,347
stɨ,642
tɨdʲ,46
ɨdʲi,12
dʲilʲ,255
ilʲi,3344
lʲisʲ,1155
zmʲe,121
mʲeи,140
xʲit,62
itrʲ,8
rʲee,153
odlʲ,104
dlʲi,143
lʲin,354
inn,170
eʂʲːtʲ,63
ʂʲːtʲe,71
rau,103
mʲeu,81
moʒ,325
oʒe,886
ʒem,47
tolʲ,396
olʲk,373
lʲko,371
roe,491
rʲik,263
kas,39
saи,43
umʲe,631
mʲerʲ,147
net,815
nae,357
sʲitʲ,241
otk,359
tkr,261
kro,820
rou,123
out,73
ɡla,846
laz,343
vaʂ,930
aʂi,963
oɡi,451
nau,343
ɕːie,376
bro,508
zlo,531
ono,597
lʲaɡ,4
aɡl,10
voʒ,109
dae,289
jel,149
akʒ,173
kʒe,176
uʒu,24
rɨlʲ,66
nix,852
obo,733
boi,82
uzn,169
nalʲ,260
alʲi,3764
sʂi,32
ʂilʲ,102
smo,336
mok,41
oko,1097
kov,1399
ovn,229
vnɨ,129
nɨe,804
lʲis,340
istʲ,584
stʲa,251
sdʲe,1328
lalʲ,304
sʲebʲ,714
opo,213
poa,133
oas,143
san,263
usl,393
slɨ,615
lɨʂ,495
ɨʂa,417
ʂalʲ,168
ɡol,648
los,563
oɡa,1000
odʲa,270
dʲaɕː,222
ɕːeɡ,224
rox,115
oxl,14
xla,21
skr,129
ɨlsʲ,22
mʲeʒ,408
eʒd,758
ʒdu,532
evʲa,122
vʲamʲ,59
ozz,79
zzv,49
amu,335
ubo,193
boa,151
oal,87
kto,920
tʲebʲ,2316
aprʲ,48
oru,595
ruu,260
mne,1185
olʲs,28
lʲstʲ,19
rok,760
oklʲ,180
klʲa,401
lʲat,188
tamʲ,127
vɨmʲ,102
t͡ɕʲrʲe,287
niʒ,72
iʒi,15
vra,1303
raʒ,454
aʒd,539
loʒ,870
oʒu,111
bou,478
oim,757
por,723
aʒa,164
ʒatʲ,96
ebʲa,1611
lov,1596
ovu,401
ʒalʲ,186
lʲitʲ,229
umn,223
ʒaa,19
kor,359
orbʲ,83
nos,552
lʲez,136
ezn,114
roʒ,174
oʒd,58
ʒda,282
datʲ,283
lʲet͡ɕʲ,63
t͡ɕʲen,439
ods,157
dst,375
vov,474
slu,1254
luʂ,454
osa,312
zav,234
rbʲu,2
ita,515
tatʲ,147
nee,339
tʲer,325
vol,297
olt͡ɕʲ,137
lt͡ɕʲt͡s,5
t͡ɕʲt͡sɨ,4
avo,373
potʲ,43
xlʲe,451
lʲeb,486
dok,288
kolʲ,1188
ozv,661
zvr,489
ratʲ,1166
tʲiʂʲː,38
iʂʲːsʲ,64
ʂʲːsʲa,103
atʲe,623
tʲerʲ,202
erʲu,16
vuɕː,111
odʲe,1185
dʲeʒ,364
ʒdɨ,440
koʒ,105
ʒan,80
anɨ,299
naa,407
tʲepʲ,186
epʲe,272
pʲerʲ,808
rukʲ,649
ukʲi,618
ʒitʲ,768
et͡ɕʲn,194
t͡ɕʲno,293
vɨs,445
ɨsl,104
izɡ,119
zɡn,86
ɡna,199
nal,485
ama,728
xʲer,73
eru,737
ruvʲ,148
vʲim,185
pla,352
lamʲ,171
nnɨ,1069
mʲet͡ɕʲ,307
raɕː,269
aɕːa,202
ɕːau,87
йsʲ,267
̆sʲa,264
oxr,164
ana,1377
natʲ,266
putʲ,503
zat͡ɕʲ,122
t͡ɕʲal,314
rodʲ,601
kai,38
ain,50
ina,1328
rʲio,75
iob,74
obrʲ,180
brʲe,241
rʲel,217
pas,405
ast,555
vʲet͡s,138
lʲedʲ,95
lʲet͡s,66
spu,73
ustʲ,819
nes,583
esk,193
ine,666
dar,228
erv,218
rvo,78
vor,545
dnɨ,336
tad,109
tuk,143
uka,401
rʲiz,214
izrʲ,183
zrʲe,245
sʲilʲ,413
lʲno,234
ɡor,1668
ort͡ɕʲ,42
rt͡ɕʲi,11
pon,167
ikl,51
klo,351
ot͡ɕʲe,693
t͡ɕʲem,288
ott͡ɕʲ,48
tt͡ɕʲe,37
t͡ɕʲeɡ,522
eslʲ,1162
slʲi,1296
lae,337
aeʂʲː,330
mae,66
dvʲe,447
ɡrʲe,648
rʲex,479
lʲeʒ,197
eʒi,179
ʒit,175
elʲu,99
oss,175
sst,206
ubʲi,630
bʲil,251
azvʲ,169
rovʲ,509
vopʲ,29
opʲi,218
pʲie,21
iet,18
nɨn,235
ɨne,492
erz,159
rzl,5
tan,913
ane,867
lʲee,323
dav,324
ava,1077
ilɨ,72
ann,565
nni,1281
iko,835
komʲ,13
omʲi,173
kʲit,27
talʲ,324
alʲt͡s,12
lʲt͡se,27
t͡sem,370
nak,239
zan,340
neʒ,143
eʒe,173
ʒelʲ,265
sne,123
oʒn,149
ʒno,313
sɡo,14
ɡon,202
ousʲ,19
ovs,16
vst,621
strʲ,697
ubʲe,207
bʲet,110
otm,39
tms,18
mstʲ,41
ero,282
ikt,135
tʲiv,861
ivʂ,324
vʂi,652
ʂisʲ,65
poʂ,640
ʂel,1179
nod,11
tok,308
jen,75
nox,27
oxa,59
str,1117
oil,181
sɨn,4142
ɨna,977
ira,584
rad,530
mʲexʲ,9
exʲi,91
xʲia,43
iae,18
aelʲ,2
maf,51
afu,47
fus,8
usa,638
sal,362
mʲex,38
exa,156
t͡sil,5
ill,13
lla,64
iav,47
tʲet͡s,203
ʂat,159
atr,110
iuv,2
uva,55
iɡr,33
ɡra,385
ɡus,35
uslʲ,26
slʲa,31
lʲax,67
svʲi,153
vʲirʲ,14
irʲe,88
rʲelʲ,105
tuv,18
alk,16
lka,55
vat͡ɕʲ,20
at͡ɕʲo,3
t͡ɕʲom,99
rudʲ,128
udʲi,609
dʲiи,25
mʲedʲ,64
eza,176
sʲes,364
nam,749
ʂaи,216
exo,136
xov,78
ovɨ,742
vni,290
maи,49
jaz,256
zvu,61
otr,166
oka,573
anu,328
emʲdʲ,106
mʲdʲe,106
dʲesʲ,663
esʲa,985
sʲat,411
ekl,74
kla,112
sʲif,243
ʒil,477
dru,604
ruɡ,759
uɡo,538
ɡoe,38
mʲav,3
avmʲ,1
vmʲe,318
ifa,118
izɨ,48
dos,401
vʲie,136
trʲi,751
rʲid,251
idt͡s,171
dt͡sa,893
t͡satʲ,652
lʲet,624
vosʲ,171
emʲs,55
mʲso,55
ɨno,1597
nov,1543
dot͡ɕʲ,422
t͡ɕʲerʲ,314
amo,411
mov,337
dʲevʲ,154
atʲs,51
tʲso,105
pʲatʲ,485
ifo,36
fov,72
adt͡s,589
vʲan,35
ano,785
tna,152
malʲ,122
lʲelʲ,16
lʲei,22
eil,46
sor,233
sʲatʲ,231
stʲdʲ,51
tʲdʲe,154
iarʲ,36
onu,391
numʲ,3
ɡom,273
rʲis,226
ist,1179
ion,290
utʲe,184
tʲeʂ,81
eʂi,298
ʂit,132
rab,1058
abo,408
botʲ,29
ʂeи,101
tru,382
rud,98
uda,814
dax,187
ruk,655
noa,40
sʲim,90
xam,67
iafʲ,35
afʲe,54
fʲet,19
eta,380
lʲudʲ,449
erʲi,546
ɨnɨ,438
ʒii,50
eskʲ,142
kʲix,411
kra,366
rasʲ,45
asʲi,302
sʲiv,65
ivɨ,402
ibr,8
ralʲ,148
izb,307
zbr,119
ral,237
uxu,30
ebrʲ,122
rʲeɡ,152
eɡa,154
ɡae,119
aem,277
emɨ,66
mɨm,16
tod,6
odv,22
vad,302
isp,436
olʲi,574
inɨ,488
oso,205
bʲen,112
vxo,188
lʲnɨ,247
izd,48
zdrʲ,21
evlʲ,25
lav,538
lʲik,360
ɕːen,1137
eko,181
mɨs,103
ɨslʲ,60
omɨ,195
mɨʂ,164
ɨʂlʲ,175
ʂlʲe,84
sʲer,871
erd,824
rdt͡s,695
ask,76
aal,172
ssk,65
rbʲe,15
bʲel,66
dt͡se,534
eblʲ,206
blʲu,314
ot͡ɕʲa,208
t͡ɕʲamʲ,99
itʲi,61
tʲie,134
ravʲ,492
edn,511
nep,280
epo,252
rot͡ɕʲ,321
ot͡ɕʲn,227
t͡ɕʲnɨ,190
stlʲ,14
tlʲi,47
iim,22
lni,197
nil,357
dʲea,163
ean,228
iamʲ,260
zzrʲ,15
tlʲe,31
nna,168
izv,188
kon,826
one,461
net͡s,160
koи,661
rʲiʂ,742
iʂe,416
laи,271
ovt͡ɕʲ,234
vt͡ɕʲe,264
ɡofʲ,3
ofʲe,76
fʲer,43
eɡe,26
osm,127
molʲ,229
mol,257
lou,77
nut,294
utrʲ,121
sna,131
nar,2054
aru,181
ruʒ,194
uʒi,379
lok,242
oktʲ,144
ktʲe,109
ʂirʲ,50
atʲdʲ,103
ɨso,225
ers,167
rstʲ,99
kotʲ,40
vvʲe,126
erx,178
rxu,44
bok,37
oku,146
iʒn,129
ʒne,124
ʒilʲ,392
edu,304
top,100
rʲebʲ,340
ebʲi,259
bʲitʲ,212
esa,225
samʲ,100
lʲiʂ,70
iʂi,50
tav,713
vlʲu,143
zavʲ,406
йdʲ,838
̆dʲe,537
novʲ,1111
ovʲa,575
voa,377
parʲ,19
uʒe,558
ʒes,426
ens,65
nsk,231
йd,205
̆du,201
vozʲ,339
ozʲmʲ,273
zʲmʲi,175
kou,231
tau,100
idlʲ,3
iɕːe,389
ɕːeu,26
lʲel,242
̆dʲi,291
йs,880
̆st,213
edo,353
t͡ɕʲis,814
ɡoa,12
net͡ɕʲ,480
et͡ɕʲi,271
sox,104
plʲe,617
lʲemʲ,264
rʲez,376
izlʲ,45
zlʲi,163
lʲiv,339
t͡ɕʲeи,56
suɕː,24
ɕːes,256
uuɕː,144
tʲis,25
voʂ,135
opa,181
tɨx,152
oʂlʲ,400
ʂlʲi,806
iʂlʲ,294
otɨ,287
oev,92
mʲesʲ,261
sʲat͡s,234
mna,209
t͡sat,112
at͡sa,159
rzlʲ,4
tot͡ɕʲ,238
t͡ɕʲni,116
nikʲ,462
okn,35
kna,206
sam,561
amɨ,108
nimʲ,372
iesʲ,118
lat,52
tɨe,96
ʂed,95
edʂ,104
dʂi,100
ʂie,251
nskʲ,130
zat,52
atv,124
olʒ,583
lʒa,37
ʒal,267
nav,382
nen,406
zvɨ,125
vɨsʲ,59
ɨsʲi,37
rxn,53
xno,16
ezv,9
vɨt͡ɕʲ,7
ɨt͡ɕʲa,27
t͡ɕʲaи,49
йn,390
̆no,108
pok,1068
okr,720
sokʲ,17
okʲi,138
kakʲ,82
dvʲi,109
vʲiʒ,67
iʒu,58
ʒuɕː,6
uɕːa,61
ɕːaa,61
aasʲ,68
asʲa,21
olz,5
lza,8
zau,25
mʲel,152
uxa,151
noz,11
drʲa,10
erl,40
rlo,21
vsp,100
omn,181
mni,231
taxʲ,7
axʲi,318
t͡sax,64
sʲab,1
abɨ,338
bɨv,244
ɨvʂ,104
vʲilʲ,348
pʲen,57
ɕːal,97
ubɨ,42
ont͡ɕʲ,87
nt͡ɕʲa,45
t͡ɕʲan,26
tʲidʲ,49
at͡se,49
ara,671
rar,15
ats,82
tskʲ,107
toa,280
oan,103
rvɨ,107
vɨи,305
zalʲ,399
erxʲ,8
rxʲi,14
tvʲi,374
vʲii,147
lan,199
kno,25
vɨp,54
ɨpu,8
ron,940
vɨlʲ,40
ɨlʲe,17
tʲev,145
otlʲ,34
osu,219
uʂi,333
olu,213
lubʲ,52
ubʲa,55
soʂ,67
oʂl,119
ʂla,147
koa,30
muv,8
uku,228
mʲed,172
edlʲ,77
uɡi,176
opʲa,131
rne,43
vʲeʒ,31
mas,180
aslʲ,202
lʲit͡ɕʲ,218
it͡ɕʲn,120
rtu,11
stʲs,55
voɡ,151
vom,307
issʲ,16
ssʲa,34
akl,31
rov,779
ovlʲ,283
mot,297
otrʲ,470
obs,50
bso,2
vɨvʲ,199
ɨvʲe,202
zoи,61
dʲat,260
atsʲ,275
vɨʂ,502
ɨʂe,320
eesʲ,33
ʒer,908
rtvʲ,505
eso,368
soʒ,419
oʒʒ,341
ʒʒe,345
ikʲe,101
bon,17
ɡou,142
oux,41
klʲi,119
jun,96
uno,125
atʲv,4
tʲvsʲ,1
sʲeɡ,674
vprʲ,26
sʲea,189
ʒat,117
tva,482
xol,102
zno,169
zʲim,25
ekr,93
atʲa,275
raʂ,156
aʂa,147
rʲepʲ,165
pʲeɕː,77
eɕːu,53
ɕːut,36
vas,683
iʒe,72
ʒet,416
ɨbɨ,12
otd,326
tda,310
dan,555
ʒivʲ,98
dau,205
ovʲu,63
vzɨ,108
zɨɕː,23
ɨɕːu,11
aʂu,71
iznʲ,87
rolʲ,49
sku,234
uko,174
asp,258
spr,234
lʲau,155
vamʲ,231
oms,83
mst,62
ʂim,231
oslʲ,393
slʲe,897
ʂimʲ,123
blʲe,246
opu,165
toʂ,114
avsʲ,38
eɡd,81
aɡa,283
ɡau,86
duɡ,7
uɡu,86
mou,214
lakʲ,25
akʲe,47
iem,368
lak,243
uɡa,197
mnu,31
ebu,61
йmʲ,7
̆mʲe,7
oui,5
otʲu,17
aan,159
sʲii,339
nasʲ,44
asʲe,323
vʲin,713
oɡr,184
adn,219
vɨpʲ,9
ɨpʲi,8
pʲil,253
pʲan,26
nel,10
eʒa,285
bna,57
naʒ,69
aʒe,675
atrʲ,46
ɡot,228
otu,140
̆dʲa,10
ass,243
dvu,172
vum,16
tʲam,84
zʲalʲ,137
zad,95
dom,1877
dalʲ,402
spa,484
pal,232
nʲʂi,19
ʂiи,220
bov,183
imo,256
nit,214
lʲit,254
ɨxx,1
xxa,1
aro,2644
ɡomʲ,13
maɡ,17
ɡoɡ,109
mad,14
fuv,4
mʲeʂ,133
eʂe,127
ʂex,14
fʲir,49
era,405
askʲ,32
skʲe,30
kʲen,31
rʲif,13
fat,96
foɡ,2
ɡar,36
arm,42
rma,14
jelʲ,527
isa,541
far,379
arsʲ,22
rsʲi,43
sʲis,49
ittʲ,38
ttʲi,45
tʲim,403
dod,11
sʲix,92
lʲilʲ,111
kaʒ,1054
dɨи,239
zɨk,122
ɨku,72
xuʂ,25
mʲit͡s,23
it͡sr,4
t͡sra,5
rai,2293
aim,98
fut,3
sʲev,139
sav,277
avt,56
vta,6
aam,270
avtʲ,2
vtʲe,8
tʲex,76
ʂev,23
dʲed,28
imr,18
mro,10
rol,28
rʲitʲ,392
itʲsʲ,207
t͡sar,554
ars,578
rst,430
vna,126
sos,303
lʲalʲ,77
vavʲ,258
lon,722
akk,32
kka,26
kad,13
xal,109
aln,4
lne,81
sʲen,261
aar,363
ssu,94
sur,41
nin,387
nevʲ,138
evʲi,480
vʲiu,42
vofʲ,5
ofʲi,23
kal,189
rʲesʲ,57
esʲe,519
axo,266
xom,57
izo,135
zoʂ,64
ludʲ,27
dʲim,59
mʲim,51
lʲeɡ,77
ɡavʲ,9
naf,250
aft,7
ftu,2
tuxʲ,9
uxʲi,42
xʲim,38
pat,17
rusʲ,34
asl,72
luxʲ,11
tku,52
kud,132
fʲilʲ,352
imlʲ,227
lʲan,382
kaf,12
fto,7
torʲ,17
sʲid,58
ido,258
don,259
ervʲ,128
rvʲe,115
xʲet,65
iev,101
vusʲ,37
usʲe,86
ɡer,37
erɡ,172
rɡe,7
ɡesʲ,19
jevʲ,54
vʲeи,377
arkʲ,15
rkʲe,3
kʲeи,6
sʲin,68
arv,10
rva,33
vadʲ,24
adʲe,669
dʲeи,642
marʲ,161
lʲed,329
eds,260
ans,157
ssʲe,162
ealʲ,19
eev,339
ɡaz,20
otsʲ,46
tsʲu,34
sʲud,90
ɡam,167
orrʲ,94
rrʲe,102
admʲ,40
dmʲe,133
t͡sev,190
imu,110
laʂ,35
kam,369
arʂ,54
ʂeɡ,357
lam,168
asu,70
arf,13
rfa,13
fak,9
aks,16
ksa,38
lud,78
ram,478
xul,5
ɡefʲ,20
efʲe,70
maʂ,11
alu,69
falʲ,62
lʲek,128
iok,19
okt,6
kta,6
alm,44
lmo,27
mod,13
dad,75
lʲef,8
efa,129
xat͡s,13
mavʲ,13
vʲef,48
ier,707
dor,254
uza,50
dʲik,12
klu,2
mai,105
ail,130
ilu,169
iov,68
vav,73
sʲef,4
nilʲ,172
isʲn,1
sʲna,4
t͡ɕʲie,89
nuv,30
uvʂ,37
aʂlʲ,47
nadʲ,160
kʲir,46
irpʲ,10
rpʲi,37
pʲit͡ɕʲ,10
it͡ɕʲe,188
oɡn,299
ɡne,595
it͡ɕʲi,164
amn,251
baʂ,48
aʂn,103
ʂnu,17
tou,94
rʲeʒ,264
eʒdʲ,188
sʲee,105
eem,158
emsʲ,27
oilʲ,70
latʲ,305
ots,149
dum,89
uma,143
soи,43
eʂa,113
ʂae,129
nne,81
eal,36
ott,96
ttu,95
tud,170
oitʲ,91
alɨ,75
raɡ,375
ɡav,77
rux,31
nax,321
arr,49
rru,13
rrɨ,11
vʲat,420
rra,41
avr,249
arrʲ,9
tt͡se,10
urʲe,84
aldʲ,69
ldʲe,90
̆sk,382
sar,150
mʲil,448
ilk,14
ilkʲ,14
lkʲi,95
iskʲ,12
epl,30
ezdʲ,50
etn,169
nuk,12
stk,20
izu,51
zur,3
ura,83
idtʲ,107
dtʲi,107
doи,74
xar,103
nao,7
aon,329
poи,562
zdo,67
oma,704
aʒu,195
ozvʲ,175
it͡ɕʲu,14
vʲaɕː,919
aɕːi,523
ibl,14
mʲidʲ,30
sʲei,57
eimʲ,2
mʲelʲ,154
sʲixʲ,63
ixʲe,97
xʲem,65
dub,47
ubr,32
avɨ,207
йzʲ,3
̆zʲe,3
nei,73
sʲiu,75
ulsʲ,35
ɡorʲ,319
vʲefʲ,60
efʲi,120
ilʲa,378
ʂatʲ,185
rsv,1
apa,141
pad,199
ɡaи,41
juɡ,51
eɡi,679
ɡipʲ,346
ipʲe,363
pʲet,423
poʒ,119
mut͡ɕʲ,55
ut͡ɕʲt,18
rʲib,120
iblʲ,59
blʲi,325
lʲiʒ,122
iʒa,88
ɡip,276
ipt,113
ptu,5
sarʲ,18
asn,232
iptʲ,163
ptʲa,112
tʲan,719
idʲa,194
ʒut,72
ubʲu,12
bʲut,16
avʲa,63
aʒi,386
dab,129
radʲ,153
moa,525
elʲm,24
lʲmo,28
rao,267
pox,99
oxv,12
xva,237
valʲ,508
elkʲ,65
kru,434
rup,107
upn,107
pnɨ,31
bɨn,26
ɨni,88
loʂ,9
ʂakʲ,1
erb,61
rblʲ,69
lʲud,214
udɨ,205
razʲ,299
azʲi,320
zʲil,178
tʲaʒ,96
aʒkʲ,13
ʒkʲi,23
ramʲ,135
udʲa,64
dʲam,60
vodʲ,219
ɡob,12
pta,132
t͡ɕʲenʲ,65
ɡat,120
sʲerʲ,384
xod,212
lʲem,193
trɨ,63
tʲelʲ,1320
elʲn,155
lʲna,55
muɕː,72
moɡ,451
oɡlʲ,84
ɡlʲi,152
stu,878
tux,16
xamʲ,19
fʲerʲ,28
rʲezʲ,42
ezʲe,243
zʲei,4
azd,196
dup,6
upa,391
oimʲ,359
apr,117
itɨ,206
okrʲ,39
stn,193
ior,239
ord,241
rda,211
sod,40
orr,14
sʲiɡ,48
iɡo,193
tsk,278
kvo,17
kʲin,327
mskʲ,118
zlɨ,40
rʲeʂ,313
eʂn,68
ʂnɨ,28
sʲevʲ,92
idʲi,402
dʲiʂʲː,100
vʲekʲ,110
lau,241
pʲes,128
sok,381
ost͡ɕʲ,13
st͡ɕʲi,207
t͡ɕʲit,208
sot͡ɕʲ,11
ot͡ɕʲtʲ,21
t͡ɕʲtʲe,20
tʲen,403
tanʲ,130
olɡ,79
lɡo,77
ʂir,25
iro,203
rot,309
mam,24
amrʲ,11
xʲev,79
evr,122
vro,88
amr,18
mra,81
rafʲ,17
fʲel,41
t͡sarʲ,2524
arʲa,752
rsk,127
arʲi,833
iox,20
ell,17
las,296
kʲed,96
orl,15
rla,32
lao,7
aomʲ,5
ams,77
fʲid,2
ɡoi,57
ims,132
bʲer,51
erɨ,49
bʲir,130
irʂ,17
rrs,6
ʂin,270
adm,9
dmɨ,3
ʂemʲ,17
mʲevʲ,1
soe,39
oedʲ,39
ini,430
dolʲ,243
ddʲi,10
solʲ,31
boɕː,6
oɕːe,40
ozm,54
zmu,36
mutʲ,35
utʲi,239
tɨr,38
ɨrn,38
zʲilʲ,66
rʲef,51
fai,52
aʂtʲ,3
ʂtʲe,7
rof,29
ofk,1
fka,4
kar,57
nai,66
aimʲ,11
zuzʲ,1
uzʲi,20
ɡamʲ,84
ʂavʲ,18
kʲirʲ,42
iaf,75
afa,550
eirʲ,7
elf,10
lfa,6
tɨn,363
iku,251
mʲiʂ,15
iʂp,2
ʂpa,2
kadʲ,81
dʲes,129
kʲitʲ,28
itʲa,361
t͡sat͡s,4
at͡so,9
t͡son,2
onf,4
nfa,5
fam,97
tupʲ,373
upʲi,447
pʲilʲ,137
sra,231
mʲiv,15
rʲem,394
lom,752
oxo,253
olʲa,150
jam,31
bʲeɡ,125
eɡs,8
ɡst,8
palʲ,211
alʲn,600
bʲeʒ,297
pobʲ,177
bʲedʲ,18
uʂlʲ,16
mʲan,36
vʂe,150
domʲ,309
ut͡se,37
t͡selʲ,94
evʂ,53
evrʲ,39
rʲea,63
eʂk,21
ʂko,21
kol,218
ner,37
sou,54
ouz,36
ʂav,64
sro,22
voo,79
oor,64
eprʲ,111
iatʲ,58
lʲeи,497
avs,113
et͡ɕʲu,104
elxʲ,6
lxʲi,30
xʲisʲ,3
isʲe,888
dʲek,12
salʲ,602
lʲim,451
vɨn,52
ɨʂn,42
ʂne,40
dɨkʲ,11
ɨkʲi,15
ʂni,90
itv,122
t͡ɕʲas,268
arʲu,342
mau,37
oɡu,493
ɨkʲe,16
daʒ,97
itkʲ,11
tkʲi,74
obu,70
buvʲ,11
ozʲm,41
zʲmu,41
ɡatʲ,80
romʲ,101
sʲje,70
rokʲ,44
adlʲ,114
dlʲe,193
ʒaɕː,49
ɕːeи,64
mrʲi,18
rʲiи,203
mut,47
olʲu,95
isʂ,28
sʂe,41
vʲiи,27
isk,242
boи,134
ɕːit,99
aɡr,39
dɨk,25
daʂʲː,27
ausʲ,36
porʲ,32
rʲadʲ,10
tot,669
lʲie,92
iezʲ,52
zʲer,104
mot͡ɕʲ,27
t͡ɕʲadʲ,3
dʲet͡s,4
esl,74
von,137
taи,102
ʒeʂʲː,87
st͡ɕʲe,101
bʲap,5
omk,49
mko,39
ladʲ,293
exlʲ,3
tnu,17
koz,116
ozu,15
tne,66
orlʲ,40
rlʲi,95
doɡ,128
sʲek,43
pop,64
ɡoи,142
upɨ,76
xʲiɕː,37
iɕːn,38
ɕːnɨ,18
otɡ,23
tɡo,19
zax,229
sol,461
lnt͡s,124
nt͡sa,181
ʒas,109
rak,59
omkʲ,28
mkʲi,33
ʂelʲ,87
elʲt͡s,217
lʲt͡sa,160
otʲa,142
uɡn,57
sud,346
mʲirʲ,109
poɡ,428
oɡrʲ,199
rto,49
ezz,216
zza,238
dosʲ,16
zaʂ,14
nt͡se,221
dɨm,36
pʲet͡ɕʲ,142
amʲa,117
sʲet͡ɕʲ,19
aklʲ,196
klʲu,156
lʲut͡ɕʲ,131
ut͡ɕʲi,349
nezʲ,7
zʲee,20
edm,3
dmo,4
mon,511
ettʲ,50
ttʲe,54
tʲee,40
luʒ,475
ank,65
nka,83
ɡarʲ,28
ankʲ,26
nkʲe,14
mʲetʲ,55
arɨ,78
nku,33
tʲet͡ɕʲ,69
ebɨ,82
dʲev,145
ezʲi,56
zʲir,62
bʲidʲ,6
ouv,4
ned,81
edr,122
dro,329
sudʲ,237
dʲeu,95
kax,135
neu,268
totʲ,20
tʲes,182
anɡ,96
nɡe,100
ɡel,108
oɡe,105
uru,7
iʂl,50
eɡu,92
tʲisʲ,50
korʲ,152
rʲisʲ,7
nelʲ,32
elʲzʲ,27
lʲzʲa,23
t͡ɕʲeʂʲː,27
izm,34
zma,37
udʲmʲ,38
dʲmʲi,38
dʲikʲ,13
sʲel,127
vae,418
bʲee,27
eer,22
xaи,9
йr,6
̆ro,3
dʲit,432
som,120
barʲ,2
ɨnu,198
osʲmʲ,14
sʲmʲi,13
emo,235
ɡuɕː,80
tt͡so,154
t͡som,66
bʲao,3
aot,11
spl,43
mka,12
vue,69
ueʂʲː,25
lʲux,1
oblʲ,197
lʒn,315
ʒnɨ,175
ezɨ,28
vaи,226
̆nu,82
mla,61
kup,112
uplʲ,95
nib,90
ibu,100
nop,70
oplʲ,148
neo,78
eob,40
̆ne,48
bʲit,259
ruʂ,264
ssmʲ,10
mʲea,105
euʒ,70
xotʲ,194
saa,136
aak,116
ailʲ,2264
ozr,59
aɕːu,78
nazʲ,196
azʲe,111
zʲeи,80
osʂ,10
̆na,30
old,5
ldo,2
sʲidʲ,135
vʂa,18
nev,346
evn,150
vno,205
vzɡ,40
zɡlʲ,41
ɡlʲa,86
oat,58
okl,152
volʲ,218
aba,221
esu,124
sut,57
tdo,8
dox,24
oxn,17
xni,15
odk,43
dkrʲ,27
pʲitʲ,197
йt,11
̆ta,1
rʲiʂʲː,52
ospʲ,97
spʲe,183
pʲeʂ,135
osk,197
zamʲ,137
esʲi,131
sat,22
lut͡ɕʲ,265
ut͡ɕʲʂ,139
t͡ɕʲʂe,115
mukʲ,50
enk,48
eʒn,123
rʲiɡ,152
tovʲ,105
vʲitʲ,323
et͡ɕʲa,422
mʲai,1
sza,14
zadʲ,42
tax,147
onn,150
bɨk,9
ɨkn,8
tarʲ,212
„ne,82
udn,113
azn,121
at͡ɕʲe,258
duu,139
puɡ,26
ɡal,279
otp,309
tpr,151
uta,27
xot͡ɕʲ,82
dɨzʲ,1
ɨzʲe,1
tʲem,238
avd,280
vop,154
rʲexʲ,72
xʲix,4
ʒel,137
trʲu,17
tup,397
pau,64
ixv,8
xvo,20
osx,121
doʂ,91
ɡubʲ,90
bʲiʂʲː,25
poɕː,34
oɕːa,92
ɕːadʲ,59
dʲia,191
epr,90
ɕːaʒ,4
pʲepʲ,17
pʲel,43
tat,118
atk,59
tko,59
ɕːeo,1
eod,5
mav,6
ixʲi,40
darʲ,86
zaи,36
t͡ɕʲuи,7
umo,65
anʲtʲ,27
nʲtʲe,30
pou,75
t͡ɕʲue,13
uem,20
ulʲi,126
ʂiv,94
ons,197
nsdʲ,3
ɡoɕː,6
ispʲ,17
pʲek,9
eɡlʲ,10
patʲ,85
dskʲ,56
omlʲ,50
ont͡s,101
nt͡so,33
t͡sov,252
vɨz,30
ɨzv,5
zapʲ,83
apʲe,79
nit͡ɕʲ,279
xuʒ,11
pʲim,14
vɨl,4
erlʲ,49
lʲep,45
loɡ,87
lʲʂo,110
ʂoɡ,30
t͡ɕʲilʲ,80
kav,52
zʲatʲ,66
bʲim,30
tʲamʲ,133
bʲad,3
dʲis,4
ʂutʲ,7
vzo,90
zarʲ,90
ropʲ,58
vux,182
ɡib,109
ibn,67
bnu,36
nutʲ,53
vne,143
lʲad,25
dɨv,49
niɡ,97
iɡdʲ,1
vlʲi,44
satʲ,42
zas,122
tʲiɡ,93
iɡl,49
bʲed,339
nis,79
rɡn,85
ɡnu,131
rʲidʲ,189
ɡonʲ,118
ula,129
oza,67
tol,295
olp,27
lpo,9
oɡdʲ,1
blʲa,79
bav,76
aamʲ,9
edɨ,112
rɡa,53
ɕːerʲ,36
rʂa,74
ʂaa,62
adʂ,30
dʂe,29
bɨt͡ɕʲ,107
t͡ɕʲau,62
poi,65
espʲ,16
spʲi,68
eɡl,36
etu,124
dʂa,5
oav,260
oavʲ,123
ammʲ,25
mmʲi,31
amm,147
mmo,162
uro,85
rarʲ,47
vʲimʲ,69
lʲex,105
exu,43
mʲee,68
eet,117
bʲiʂ,3
lsʲi,5
dʲer,277
erʒ,289
rʒa,114
dop,26
osn,163
utʲsʲ,11
ror,348
tɨb,7
ɨbu,8
ɡalʲ,63
soɡ,169
idu,352
ʒia,121
oeu,165
elk,81
lko,78
pno,67
bovʲ,20
bɨnʲ,14
ivʲi,71
tɨsʲ,454
ɨsʲa,454
sʲat͡ɕʲ,473
at͡ɕʲu,59
sʲik,142
iklʲ,145
klʲe,121
rɨv,253
opr,122
vda,96
ist͡s,76
st͡se,48
dʲiv,137
osʲm,32
sʲmo,59
ɨʂi,111
ormʲ,31
rmʲi,67
mʲitʲ,123
ɡru,74
udʲu,5
vɨr,45
ɨro,21
ʂoи,51
pʲir,90
nkʲi,53
laa,240
aav,13
asmʲ,8
xae,10
vɨɡ,35
ɨɡo,22
due,73
uet,225
rt͡ɕʲa,14
ovsʲ,43
aakʲ,1
alx,13
lxlʲ,1
tpu,144
zab,171
abl,75
blu,103
vʲir,79
irs,95
rsa,53
savʲ,60
exʲe,35
ɨst,150
luk,93
rtʲi,169
dʲezʲ,48
fʲix,3
oen,158
nisʲ,33
nusʲ,28
uprʲ,12
lɨx,37
aɡn,131
ɡni,31
nit͡s,531
ibɨ,31
elʲs,99
lʲst,151
vɨk,111
ɨko,60
kop,52
vʲia,204
tut,29
roɕː,46
oɕːu,33
ɡie,87
lʲubʲ,189
nesʲ,255
sʲed,72
edl,47
dla,26
dvo,206
lol,28
ozl,185
tt͡su,92
usm,13
rʲit,846
ɡnt͡s,101
azl,19
vʲaz,61
oiʂʲː,34
apu,22
put,17
avʂ,313
t͡ɕʲaɕː,13
ieɡ,41
vai,24
airʲ,1
rʲit͡ɕʲ,112
lʲaa,20
ovl,59
dʲee,190
ut͡sa,9
ent͡s,155
vuz,18
kʲem,22
uil,188
kʲesʲ,5
xaz,68
ild,9
lda,16
daʂ,8
idl,1
laf,23
vaf,22
fui,11
ekk,28
sʲmʲe,13
ʒni,127
rʲeu,19
eum,4
vax,58
ɡax,39
xaʂ,37
maa,121
aax,24
axu,19
rrʲi,3
arbʲ,3
rɨd,32
ɨda,67
opl,33
kʲiv,48
bst,80
ɡro,160
rob,138
bɨm,5
ɨmn,2
rʂu,16
ʂuu,34
balʲ,16
tka,123
oɡl,92
rosʲ,274
jef,282
efr,28
fro,17
t͡sox,5
ɕːer,35
max,100
axpʲ,9
xpʲe,11
elu,58
olʲn,75
lʲnu,31
t͡sen,95
tʲea,22
vsl,38
lux,70
toi,88
oit,122
obʲj,156
bʲja,149
upt͡s,23
pt͡so,6
pʲelʲ,35
vok,121
taɡ,29
abu,106
lʲav,13
emt͡ɕʲ,8
mt͡ɕʲt,5
tʲeɡ,48
eɡn,15
ɡno,19
zʲmʲe,98
mʲeʂʲː,20
uis,4
lʒe,237
ɡisʲ,16
ɕːaи,47
lʲir,7
„po,37
eʂʲːs,1
ʂʲːsv,1
vob,49
bodʲ,47
tvɨ,233
udo,229
vʲiɕː,85
iɕːa,263
sop,38
mʲiu,39
ezʲa,36
erp,28
rpa,24
vʲit͡s,89
„na,9
kuv,33
napʲ,191
apʲu,2
pʲusʲ,1
„pʲe,2
pʲeи,25
at͡ɕʲi,230
ɨʂl,30
tt͡ɕʲa,24
pʲut,13
kko,12
ezʲu,15
rpn,5
pnu,10
zum,163
umlʲ,26
lt͡ɕʲa,36
iiʒ,1
zumʲ,120
erʲɡ,13
rʲɡu,2
olsʲ,7
apʲa,8
pʲas,6
t͡ɕʲev,45
orm,29
rmu,13
ot͡ɕʲlʲ,8
t͡ɕʲlʲe,16
eos,10
stʲu,150
tʲin,188
prʲa,101
ekkʲ,9
kkʲi,12
vɨbʲ,24
ɨbʲe,19
umɨ,56
mɨtʲ,44
dlo,36
rʲiv,191
mus,13
usɨ,12
ʒup,1
upo,297
ous,15
nus,13
ʂau,82
rʲɡi,7
zatʲ,185
ɕːusʲ,15
oprʲ,150
xud,85
brʲa,89
rʲan,122
vʲeɕː,227
eɕːi,62
kkʲe,6
rkʲi,21
pob,31
rʒi,119
йo,11
̆ot,5
vʲem,19
kku,20
mʲilʲ,32
bʲat,34
lʲiɕː,251
ɕːamʲ,17
poe,105
oex,10
xalʲ,61
zmɨ,28
ozlʲ,178
zlʲu,80
ett,5
tur,7
okʂ,4
kʂa,5
ʂan,97
madʲ,69
ian,173
iʂb,3
ʂba,14
bak,9
ʂua,14
uax,12
ʂurʲ,1
urʲi,100
tuʂ,16
eumʲ,3
umʲi,141
jefʲ,35
eld,5
daɡ,19
urɨ,4
tos,51
t͡ɕʲnu,17
lɨи,37
asɨ,166
sɨɕː,58
ɨɕːe,25
znu,49
nɨa,2
ɨav,1
aio,18
iof,34
adbʲ,3
dbʲe,4
eel,6
ivs,7
vsa,55
iʂm,8
ʂma,7
ssa,189
xad,6
fʲem,27
nafʲ,10
afʲi,50
fʲiʂ,4
dma,5
sutʲ,7
iax,106
kot͡ɕʲ,7
t͡ɕʲevʲ,4
vʲax,13
pto,8
rʲii,165
mʲii,118
robʲ,32
azlʲ,22
lʲne,46
eed,4
lʲiz,92
zne,220
et͡sɨ,12
sma,58
mat,74
eklʲ,26
ʒasʲ,3
iak,332
otkʲ,18
dʲit͡ɕʲ,12
usu,67
sva,27
varʲ,77
oes,15
roz,76
jed,90
mʲir,346
t͡ɕʲet͡ɕʲ,4
lnu,30
uvsʲ,4
oap,2
bʲilʲ,193
rae,91
edv,36
sov,123
kupʲ,102
jat͡ɕʲ,28
at͡ɕʲmʲ,28
t͡ɕʲmʲe,28
t͡ɕʲiv,68
pax,16
xot,12
ɨxp,7
xpo,8
sɨp,44
ɨpa,42
vdo,86
pan,25
tʲemʲ,23
rɨmʲ,45
jesʲ,41
sʲit,127
itn,18
vof,7
ʒim,30
xuz,2
zaf,5
lʲimʲ,204
jas,36
t͡ɕʲim,24
nulʲ,49
ɡudʲ,5
dʲif,19
ifu,61
vasʲ,10
tʲaɡ,34
itu,32
lʲub,133
ublʲ,98
umr,29
mru,33
йɡ,7
̆ɡo,4
zlʲe,34
oʂi,94
sʲeʂʲː,16
adkʲ,20
dkʲi,19
ɕːup,6
pae,45
йi,36
obm,54
bma,51
man,401
anɕː,1
ɕːik,32
vʂu,13
uuu,1
adk,26
dku,18
blo,120
ʒeu,11
zlʲa,3
vus,12
tɨs,11
ɨsk,41
sʲadʲ,26
oeʂʲː,10
bɨb,2
ɨbl,3
pot͡s,16
ot͡se,93
t͡sel,55
luи,29
ɕːutʲ,2
dɨe,27
ɨeɡ,5
tpo,7
das,156
vox,4
oxlʲ,12
orʲkʲ,7
rʲkʲi,7
itr,28
apn,21
apl,38
tobʲ,1
svɨ,10
et͡ɕʲo,111
tʲivʲ,31
vʲiʂʲː,28
neʂʲː,23
vɨi,10
rɨm,133
lat͡ɕʲ,108
rozʲ,5
zʲit,47
uto,68
jar,105
ʂlʲu,49
ʂitʲ,139
̆skʲ,273
mʲet,169
ofo,48
zɡo,91
lʲes,240
tni,295
sae,43
ʒiʂʲː,25
vut,58
utv,13
niʂʲː,39
orʲu,82
ksʲe,48
isu,258
uts,5
ʂno,64
pamʲ,78
mʲat,63
luz,9
etʲsʲ,7
rue,6
ʒav,37
zʲai,14
aetʲ,135
zdr,64
dra,210
raxʲ,82
xʲilʲ,52
ovt͡s,46
vt͡sa,32
pasʲ,261
rut,45
alʲa,90
kovʲ,22
onr,22
nra,28
lʲia,272
̆ra,3
lab,19
dʂu,2
adr,34
̆tʲi,100
lʲiu,45
zʲel,34
lfu,2
lʲii,108
zar,158
vɨd,36
nt͡ɕʲi,75
nedʲ,5
dadʲ,9
uʒb,43
ʒbu,31
all,64
llu,44
uzrʲ,7
mʲar,1
sʲimʲ,64
mʲeo,52
eon,118
erʲt,4
rʲto,4
lʲevʲ,360
sxv,63
alʲu,13
iud,192
lar,1
azɡ,81
borʲ,15
orʲb,2
rʲbo,1
bor,81
zmo,34
nef,62
eff,77
ffa,82
iin,156
iba,55
bavʲ,160
mʲaɡ,12
aɡu,37
laʒ,82
sʲir,91
pʂe,75
and,13
ndr,8
vɨe,158
jab,49
lokʲ,16
avl,11
eʂʲːsʲ,40
lʲaʒ,27
ozmʲ,10
mʲez,11
zdʲi,27
dʲie,95
iss,162
sax,81
vul,57
ulo,142
ozo,96
zor,82
iosʲ,273
stm,3
tmn,3
rʲimʲ,43
lsk,2
iltʲ,5
ltʲe,7
rʲix,230
bot,300
rapʲ,22
apʲi,240
pʲin,18
rnu,53
rnɨ,186
vʲam,29
ʒix,13
pru,28
rutʲ,8
mʲin,307
ind,13
nda,17
jav,66
vɨxʲ,3
ɨxʲi,5
vɨrʲ,18
lɨe,39
bʲelʲ,77
znɨ,55
utʲa,76
tʲax,58
ezk,1
zko,34
̆nɨ,100
rɨt,76
ɨta,82
jaɡ,30
kpʲe,1
rno,230
bɨи,5
tɨm,90
dumʲ,46
nɨv,27
ils,3
vʲiv,41
t͡ɕʲuʒ,80
tae,152
poxʲ,16
oxʲi,26
xʲitʲ,25
aad,130
uvʲe,42
ʒie,95
ukr,82
imp,22
mpa,39
lʲamʲ,52
zvo,147
ezr,19
ukʲe,106
netʲ,66
erpʲ,54
rpʲe,31
tʲel,232
lʲuʒ,1
bɨs,32
vt͡sɨ,44
ozɨ,27
vɨkʲ,6
kʲid,35
idɨ,17
rza,37
bɨt,20
ɨto,27
zɨs,39
ɨskʲ,16
rop,79
tomʲ,30
ʒar,13
tuʒ,5
etʲmʲ,10
tʲmʲi,10
nabʲ,7
abʲe,50
olm,52
olmʲ,13
lmʲe,24
saɡ,6
duf,3
ufa,15
it͡sp,6
t͡spa,4
adzʲ,28
dzʲi,27
adt,3
dto,22
rtv,568
lt͡ɕʲe,57
lʲusʲ,25
eir,28
olɨ,38
smu,36
padʲ,109
bʲetʲ,5
ɡodʲ,71
zba,189
ist͡ɕʲ,171
islʲ,207
dʲit͡s,6
ʒerʲ,7
tʲvo,1
bam,25
ʒdo,177
doe,46
lʲaи,95
ivlʲ,29
zʲav,20
vbr,2
nek,72
ekt,12
pov,223
ovrʲ,32
puɕː,23
nue,14
uel,7
xro,17
oet,112
edʲa,71
vʲebʲ,1
ovʂ,1
sni,387
nok,75
vpʲe,42
odx,27
dxo,27
kalʲ,91
bɨp,7
ɨprʲ,10
t͡ɕʲax,109
t͡seb,2
skl,30
mʲem,30
ikr,11
enʲt,2
nʲto,1
omrʲ,5
jap,5
okx,20
kxo,20
xof,20
osdʲ,3
ɡop,39
ut͡ɕʲn,43
emm,22
vʲea,29
azʲa,120
dt͡su,30
imn,40
est͡ɕʲ,68
spɨ,81
pɨl,36
ilʲu,67
esp,38
pav,18
sʲia,133
ʂlʲa,71
ʒetʲ,24
at͡ɕʲtʲ,9
ʂoe,24
bʲav,4
noʂ,375
vaʒ,24
ʒae,66
lʲam,59
irn,110
olk,47
zɡr,17
rabʲ,64
abʲi,47
too,8
oobʲ,1
vʲis,120
t͡seu,50
osʲtʲ,6
sʲtʲe,8
ʂax,14
elvʲ,1
lvʲe,6
dʲisʲ,9
mup,5
raf,28
afɨ,14
bab,9
abk,5
bka,8
non,78
vʲif,46
iflʲ,47
flʲe,52
adɡ,2
dɡr,1
bnɨ,98
ɡadʲ,11
llo,17
vab,2
llɨ,5
lfɨ,3
var,111
arb,16
rbu,3
dut͡ɕʲ,10
lʲivʲ,22
t͡sivʲ,11
vʲeo,18
ofa,110
lʲif,21
faz,17
ɡui,15
eus,17
ɡlo,80
ɡuu,20
ixn,15
xne,34
mʲeɕː,12
eɕːa,147
mar,96
t͡sef,15
efo,100
ɡaf,13
zua,3
uam,2
xaf,31
ʂam,47
mma,22
mʲiz,11
iza,33
йʂ,206
̆ʂi,196
ʂov,15
alt͡s,5
lt͡si,1
dʲiʂ,12
iʂo,8
ʂon,7
et͡se,26
t͡ser,21
iʂa,55
xorʲ,21
ɡem,10
alv,6
lva,6
ʂef,19
aia,115
tʲep,15
plɨ,5
emd,3
mda,3
eʂb,8
ban,7
ifr,5
ilɡ,14
lɡa,53
ɡan,27
zaa,8
kan,126
eor,10
inɡ,3
nɡa,21
vot͡s,175
ot͡sa,183
aml,8
asrʲ,8
sau,440
aul,409
baa,26
lxa,15
axb,11
xbo,7
mʲeɡ,21
ɡet,3
vʲee,47
eelʲ,53
zaɡ,83
fʲim,23
ietʲ,3
tʲef,2
ivt͡s,25
aɡdʲ,4
ɡdʲi,3
dʲii,35
iil,142
iam,147
not͡s,17
ot͡svʲ,14
t͡svʲe,89
ubn,19
vʲaʒ,18
opɨ,56
lun,32
una,47
xʲemʲ,8
uʒd,76
ɕːeʂʲː,10
dof,6
fan,304
lʲizʲ,38
izʲi,52
bʲem,6
̆ni,21
eubʲ,2
ilʲtʲ,247
lʲtʲa,246
tʲir,74
ksu,13
alʲz,10
lʲza,11
zam,108
eztʲ,8
ztʲi,8
olʲz,41
lʲzɨ,20
aʂp,1
ʂpl,1
pt͡sɨ,15
vɨt,14
taɕː,9
ɕːilʲ,4
rvu,4
orvʲ,6
zod,40
odr,79
lolʲ,25
ɨma,6
erʲsʲ,1
rʲsʲj,1
tʲiɕː,31
oii,8
rʲei,86
eis,74
ptʲe,60
tʲif,4
ort͡s,32
rt͡su,6
lox,53
ɡoo,5
ood,3
oll,11
xʲir,71
nea,56
ivzʲ,2
xʲezʲ,4
zʲivʲ,3
dao,8
iru,30
nt͡su,16
iudʲ,665
euɡ,56
stkʲ,13
tkʲe,26
tʲet,27
itʲv,1
ʂui,4
iɡu,39
lʲeʂʲː,16
t͡ɕʲatʲ,66
vʲazʲ,16
ɨvzʲ,1
eatʲ,19
vpa,13
akt,3
ktɨ,1
orɡ,54
eɡr,6
farʲ,21
itʲu,2
rʲet͡s,78
et͡sf,1
t͡sfa,1
fom,12
uspʲ,49
ilv,3
pʲex,25
eʂu,46
jeʒ,8
ʒed,4
ʒisʲ,19
lvo,1
ikn,38
knu,58
akrʲ,19
krʲi,127
it͡ɕʲa,83
ut͡ɕʲe,135
sʲav,6
pʲiи,5
bod,57
rt͡se,21
pʲia,10
pʲiu,14
ifs,1
fsk,15
loz,24
lozʲ,7
ozʲe,61
ozrʲ,18
t͡ɕʲaʂ,91
vɨʒ,13
ɨʒa,2
sʲet,215
niu,285
omʲa,29
orzʲ,25
rzʲi,27
zʲin,28
ʂet,22
ett͡ɕʲ,9
t͡ɕʲat,91
izdʲ,26
karʲ,20
luɡ,210
pʲii,12
sʲifʲ,18
ifʲe,30
tut͡ɕʲ,49
toɕː,36
oɕːi,38
tʲeb,6
etr,46
oʒr,13
ʒra,12
lnɨ,32
olx,15
lxv,13
mud,297
udrʲ,31
et͡so,31
sbɨ,13
vʲeʂ,14
iɡsʲ,1
ɡsʲa,6
eeʂʲː,30
dur,4
urn,10
takʲ,75
emʲk,1
mʲko,1
ton,115
onkʲ,7
izʲj,7
zʲja,7
tosʲ,5
ome,1
met,1
zobʲ,21
ovt,7
vsk,32
udr,271
tʲix,47
ɡut,83
olʲr,1
lʲra,1
tʲenʲ,24
sso,108
t͡sepʲ,14
ozɡ,97
zɡl,74
t͡saf,7
afn,16
fna,10
afp,1
fpa,4
eax,10
efu,12
tʲifʲ,4
ʒrʲe,103
et͡sa,26
lʲio,21
iop,25
lʲsk,85
kopʲ,75
st͡ɕʲa,39
efrʲ,140
frʲe,148
pʲetʲ,29
lʲebʲ,13
onv,2
nva,1
ɡimʲ,16
udt,18
dat,20
tai,17
ɨsm,20
pɨt,80
sodʲ,72
vʲezʲ,13
zʲitʲ,53
nʲʂo,3
odt͡ɕʲ,6
dt͡ɕʲi,8
t͡ɕʲik,19
eʂkʲ,19
ʂkʲi,28
eʂo,7
ʂok,6
aso,177
lus,2
usv,10
tʲii,26
ʂka,19
ʂkʲe,7
alʲs,50
aev,44
ɨelʲ,1
avʲtʲ,57
vʲtʲe,64
tvv,1
vva,5
ʒna,59
uzʲe,32
iuvʲ,3
uzl,2
bʲeи,43
ixs,7
xsɨ,3
nodʲ,9
ezlʲ,27
ssp,6
mɨv,49
ɨvs,1
bue,15
ɡok,13
ksɨ,2
taʂ,1
aʂk,1
vdv,15
ovvʲ,1
oldʲ,19
idr,4
abs,43
ɕːae,138
upkʲ,8
nez,60
udʲtʲ,39
dʲtʲe,43
mɨlʲ,5
omv,10
mvɨ,2
oskʲ,4
kʲipʲ,19
katʲ,104
nnu,98
skrʲ,68
alp,17
eamʲ,28
rzo,90
zos,94
dʲivʲ,5
vpʲa,2
uvmʲ,2
ssvʲ,12
paи,60
vat,59
oʂu,35
йt͡ɕʲ,7
̆t͡ɕʲe,2
mop,1
vdɨ,75
nun,4
t͡ɕʲix,23
axn,14
xna,15
ʒet͡ɕʲ,12
et͡ɕʲt,17
et͡slʲ,1
t͡slʲu,1
aʂt,2
ʂto,3
alʲtʲ,4
lʲtʲe,6
etv,25
rmlʲ,14
bni,49
niɕː,61
rʲat,130
lavʲ,161
avʲu,10
vʲut͡ɕʲ,11
ut͡ɕʲtʲ,1
mlu,1
vau,307
t͡ɕʲʂi,22
rʲip,14
ipa,28
sorʲ,14
orʲtʲ,1
rʲtʲe,6
euzʲ,3
isl,149
nut͡ɕʲ,1
t͡ɕʲek,16
йp,12
̆prʲ,4
vʲae,1
aeɡ,9
fal,20
xʲet͡s,9
et͡sr,9
t͡sro,8
armʲ,39
iaxʲ,7
xʲin,22
uls,2
lsɨ,2
ɡir,42
rso,43
aaf,52
esr,14
mul,17
fol,8
axlʲ,22
t͡sifʲ,1
ifʲi,12
fʲio,29
xaɡ,8
aɡɡ,12
ɡɡi,10
ʂun,7
uni,87
et͡sb,2
t͡sbo,2
jerʲ,3
iʂv,3
ʂva,3
iʂvʲ,3
ʂvʲi,3
brʲi,18
xʲevʲ,12
alxʲ,23
xʲii,41
bʲexʲ,6
aʂbʲ,5
ʂbʲe,7
uppʲ,2
ppʲi,3
xup,1
ard,89
axt͡s,4
xt͡se,4
t͡sei,11
ɡun,6
iet͡s,5
illʲ,11
llʲe,15
rʲaɡ,16
ɨex,2
tt͡sɨ,79
et͡sm,3
t͡smo,6
etp,4
tpa,9
paʒ,12
iɡlʲ,17
amsʲ,6
msʲe,11
nab,62
abʒ,2
bʒa,2
ebn,171
nurʲ,7
ɕːil,8
ʂadʲ,2
zʲemʲ,22
batʲ,8
ut͡ɕʲa,152
zasʲ,24
sklʲ,62
t͡ɕʲaa,17
iʂʲːmʲ,1
ʂʲːmʲe,1
luzʲ,1
ottʲ,3
ɨtʲi,49
tʲia,76
evs,15
vsv,3
odvʲ,53
ont,11
nta,10
orb,21
rbn,4
ɡot͡ɕʲ,52
eim,6
ɡrʲa,35
rʲad,95
duɕː,71
buʂ,2
skvʲ,83
kvʲe,84
nidʲ,2
obɕː,180
bɕːi,4
rʲerʲ,6
epa,12
xrʲe,16
ebtʲ,2
ixp,5
ɨt͡ɕʲi,33
lʲvʲi,13
iidʲ,5
orn,130
ivʲa,20
tʲaɕː,18
zub,38
upl,3
aspʲ,13
pʲid,11
uaz,7
zvlʲ,17
moɕːʲ,43
eusʲ,9
lpa,19
iʂk,10
inf,2
usk,68
lʲt͡sɨ,21
ɨʂt͡s,53
ʂt͡sɨ,9
ɕːno,13
rdɨ,78
dɨn,38
lub,72
ubl,7
ost͡s,21
st͡so,12
mʲis,35
isv,12
ɨt͡ɕʲu,43
ɕːan,14
rat͡ɕʲ,51
t͡ɕʲam,9
idv,3
onm,11
enɡ,13
ɡaa,43
aat,2
tadʲ,2
ius,4
usp,42
koi,65
maxʲ,28
sʲetʲ,89
vʲeɡ,8
zro,12
urʲa,16
rʲalʲ,14
pʲif,3
oop,2
nuʒ,50
orʲk,24
rʲko,17
aʒk,18
ʒko,16
ʂif,4
fua,2
ablʲ,89
erɕː,39
rɕːv,39
ɕːvlʲ,39
abkʲ,3
bkʲi,5
oalʲ,63
vʒi,2
tʲedʲ,1
ɨmb,1
mba,1
roa,29
oɡʂ,2
ɡʂi,5
ink,8
asf,2
sfa,3
alʲt,1
lʲto,1
ɨtʲsʲ,22
uʒn,58
sʒa,5
lai,28
oisʲ,775
bʲiʒ,21
bʲeʂʲː,4
zaɕː,47
ɕːitʲ,31
̆to,8
uxo,202
eeɡ,9
sʲep,25
epf,10
pfo,10
for,37
uʒo,26
ʒoи,15
ialʲ,1
ieи,7
rbʲi,49
esmʲ,4
evxʲ,1
vxʲe,7
nudʲ,3
epk,51
pko,38
t͡ɕʲudʲ,50
ɨes,3
esdʲ,4
tɨmʲ,43
daa,79
ɨpr,8
sosʲ,24
edkʲ,3
ʂixʲ,5
ʒez,71
ezl,77
paz,13
zux,6
zuxʲ,3
aopʲ,1
oaz,18
zɨt͡ɕʲ,29
ɡlu,209
zrʲa,8
rʲat͡ɕʲ,10
epɨ,14
pɨm,8
aut͡ɕʲ,81
ut͡ɕʲu,17
elsʲ,25
t͡ɕʲitʲ,95
mʲia,96
iot,16
rut͡ɕʲ,91
йpʲ,1
̆pʲe,1
tɨʒ,31
ɨʒe,24
euv,1
isdʲ,7
tvlʲ,4
uba,65
ikrʲ,23
niv,51
ɨpo,31
zopʲ,26
ʒid,28
„bo,2
„ɡo,22
izp,16
zpo,16
iɡa,92
ʂt͡se,18
ʂiu,1
ivn,75
mʲei,25
afo,75
it͡sɡ,13
t͡sɡa,13
zʲii,60
xlʲi,25
muʂ,10
etk,47
mua,4
uaa,1
nefʲ,23
fʲeɡ,23
zʲix,12
ixrʲ,42
xrʲi,23
sai,68
elt͡s,4
lt͡sa,5
ifrʲ,7
frʲi,9
aas,68
lʲea,131
eaz,72
ias,23
saf,175
futʲ,2
fʲin,47
ees,25
its,109
onb,4
nbr,1
t͡ɕʲud,24
t͡ɕʲar,14
xvɨ,6
ies,56
vtr,54
erzʲ,16
ɨmʲe,15
rdʲe,11
ʒab,13
kʲiʂ,4
kva,28
ilʲs,224
lʲskʲ,156
t͡ɕʲez,45
bax,31
eɡt͡ɕʲ,11
ɡt͡ɕʲe,7
rʲiʒ,56
rsmʲ,1
moʂ,5
oʂk,4
oʂkʲ,2
dʲax,14
ʂek,9
ooʒ,1
vʲisʲ,62
pʲesʲ,9
mux,9
bal,11
tvr,68
obʲu,10
muxʲ,3
ʒka,2
lno,37
pʲep,12
pɨlʲ,19
oatʲ,58
iap,1
̆da,2
йk,13
̆ka,4
ɕːuv,1
olb,100
lba,21
aɡt͡ɕʲ,10
ɡt͡ɕʲi,11
smʲi,83
ant͡ɕʲ,47
nt͡ɕʲu,8
bʲje,7
tuɕː,3
bne,37
ɨɡn,16
oel,10
zdvʲ,25
vʲiɡ,74
iɡn,52
erm,41
rmn,25
vʲiz,9
sʲaz,4
zae,13
ɕːax,58
aznʲ,5
nuʂ,29
ʂevʲ,4
ueɡ,8
odʲo,3
dʲoʒ,1
bɕːe,160
imb,3
mblʲ,1
ast͡ɕʲ,17
nolʲ,55
maʒ,28
kosʲ,13
mʲas,76
muu,16
ɨmx,2
mxlʲ,1
dopʲ,4
opʲe,72
oʒɡ,42
ʒɡi,15
ɡitʲ,29
soxʲ,1
–pa,1
asx,48
sxa,19
mʲatʲ,76
nuи,20
it͡ɕʲt,65
toʒ,36
oʒtʲ,5
ʒtʲe,10
nokʲ,11
ʂii,5
iiz,10
akv,2
rʲir,6
sxu,19
put͡ɕʲ,7
ut͡ɕʲo,2
t͡ɕʲok,4
bmo,2
ipo,60
aʒtʲ,3
lso,1
otpʲ,7
tpʲe,4
ɡosʲ,42
vskʲ,3
kʲis,47
bob,3
ttɨ,2
exs,12
xso,11
bdʲe,9
asxʲ,22
sxʲi,31
niz,93
mʲio,4
tto,11
vʲivʲ,3
mur,3
expʲ,1
azkʲ,7
zkʲi,35
izk,33
zka,11
obvʲ,35
bvʲe,13
ɨnn,10
famʲ,3
olpʲ,9
lpʲe,13
at͡ɕʲn,47
otl,35
tlu,8
pʲiɡ,3
ɡaxʲ,9
mʲiɡ,10
iɡd,4
ɡdo,4
lt͡se,3
fon,51
йz,3
̆za,3
otb,27
tbo,25
rofʲ,15
nɨi,6
ɨiz,4
stʲm,3
ieʂʲː,5
vslʲ,41
sblʲ,4
pao,1
aoɡ,2
topʲ,42
dʲeɡ,1
esnʲ,56
essʲ,73
bʲin,37
izl,36
alɡ,47
lɡn,1
sɨtʲ,31
ruzʲ,36
t͡ɕʲtʲi,37
jal,12
unɨ,23
nɨlʲ,2
t͡ɕʲia,26
nemʲ,14
eut,55
oiv,10
ivl,9
t͡ɕʲit͡s,6
vpu,7
err,3
errʲ,2
eib,3
rʲka,5
opt,28
dko,13
ɨtɨ,55
tɨv,33
tlo,27
sɨt,24
ʒdʲu,3
stʲn,1
tʲna,3
ivt,1
lʲku,2
opɕː,4
pɕːe,2
ɕːetʲ,7
iʂn,5
rvʲi,3
sub,88
ubb,89
bbo,91
pʲekʲ,3
sbʲe,20
ukl,65
uso,32
efɨ,36
utʲs,1
tʲsv,1
rʲefʲ,5
fʲidʲ,5
dʲimʲ,3
rʲal,10
rʲae,29
ʒaʒ,42
iis,257
sus,257
ʒeи,64
isr,4
zʲisʲ,2
lma,41
odl,4
oddʲ,33
pʲiʂ,33
kni,120
ranʲ,6
vza,22
zai,42
pat͡ɕʲ,11
t͡ɕʲae,75
suʒ,22
ɡim,46
iobʲ,3
t͡ɕʲiʂʲː,15
oaɕː,62
avdʲ,71
vdʲi,26
rɨs,15
ɨstʲ,8
aʒn,16
t͡ɕʲei,1
otx,27
txo,25
vɨb,25
ɨbr,24
ɨlʲa,31
ɨmo,18
oʂvʲ,5
ʂvʲe,6
rub,103
vuk,26
ɨmɨ,25
une,30
dɡo,6
oʂv,5
ʂvɨ,8
dɨmʲ,13
kumʲ,19
zob,34
rʲaɕː,47
bʲaɕː,34
bʲiv,61
nir,86
ɨmʲa,4
mʲaɕː,6
uusʲ,17
elt͡ɕʲ,8
lt͡ɕʲt,1
vsx,6
upʲe,35
pʲiʂʲː,15
stʲv,1
tʲvɨ,2
bru,81
ʒom,6
sup,3
oum,15
stʲp,2
tʲpo,4
bʲiи,89
йt͡s,79
̆t͡se,15
kul,4
alkʲ,9
ovk,3
ʂib,19
xozʲ,58
ozʲa,20
vt͡su,13
dka,12
kap,18
apɨ,6
pɨv,6
ʒoe,1
ɨʒʒ,3
opn,3
iuk,2
vt͡se,11
ɨtʲd,1
tʲdo,2
bvʲi,33
oez,8
йm,31
̆mɨ,17
enʲɡ,5
nʲɡi,5
ɡit,2
ʒei,4
iut,6
ɨʂu,28
atkʲ,44
ɡum,29
vt͡so,19
t͡sou,1
emʲd,1
mʲdn,1
psa,108
obb,1
bbɨ,1
duи,35
aʒb,16
ʒbɨ,20
paa,22
aʒbʲ,2
ʒbʲe,13
zvʲu,1
eop,7
pɨmʲ,4
lʲip,17
iprʲ,32
xnu,24
olt,14
ltv,2
eam,53
zʲea,8
azr,120
zru,118
ruʂʲː,8
lbɨ,32
ɕːatʲ,73
tɨl,10
ʂer,60
rʂn,5
evx,1
vxa,8
lop,19
etʲu,15
pʲis,259
iai,27
lʲt͡so,52
uʂn,18
sap,12
apfʲ,7
pfʲi,7
dɨo,1
ɨob,2
oad,13
ubu,4
buu,4
pur,81
urp,39
rpu,39
rvlʲ,35
kozʲ,23
ozʲu,4
bar,15
maz,117
kurʲ,92
fod,51
rsn,26
zʲet͡s,2
ktʲa,37
lto,17
olʲt͡s,48
utvʲ,97
ixu,8
xuɡ,5
uɡl,54
vlo,35
rɨʂ,30
ɨʂk,22
ʂku,23
ɨʂkʲ,9
imɨ,54
mʲip,1
utlʲ,1
enkʲ,26
donʲ,7
ʒek,3
uʒkʲ,5
̆svʲ,1
ʂet͡ɕʲ,21
et͡ɕʲkʲ,10
t͡ɕʲkʲi,55
bʲie,23
tvʲa,12
vumʲ,29
umʲa,46
tʲimʲ,9
ɕːip,7
ipt͡s,6
ant,51
azt͡s,3
zt͡su,3
etlʲ,31
krʲu,24
rʲut͡ɕʲ,24
ut͡ɕʲk,10
t͡ɕʲko,9
t͡ɕʲka,22
loe,58
ut͡ɕʲkʲ,14
sdr,1
rɨtʲ,33
rus,588
ʂip,7
adv,7
lʲt͡su,18
ovd,4
vdlʲ,2
vkl,7
szo,2
msvʲ,2
esɨ,51
uzo,8
lbo,46
ɡolʲ,85
edʲu,9
orʂ,27
rʂkʲ,3
ɨsɨ,9
etkʲ,12
akp,7
kpu,2
isvʲ,3
zʲamʲ,20
йv,19
̆vɨ,3
ɨbʲi,6
zaʒ,23
ʒiɡ,42
drɨ,101
tʲit͡ɕʲ,5
ezt͡ɕʲ,4
zt͡ɕʲi,4
uxk,1
xka,1
t͡sep,28
ot͡ɕʲkʲ,30
pʲadʲ,7
rubʲ,103
bun,3
unk,2
jax,10
zolʲ,8
ɡoz,12
vdʲe,52
somʲ,1
mʲef,14
epʲa,15
nur,10
tum,8
ummʲ,7
ɨxu,2
obʂ,15
bʂi,16
ivk,9
vka,9
nto,45
doɕː,4
ɕːet͡ɕʲ,4
et͡ɕʲk,7
t͡ɕʲku,16
„svʲ,1
t͡ɕʲelʲ,18
mɨx,27
lʲekʲ,16
ekp,1
kprʲ,3
oaʂʲː,13
ukrʲ,119
iadʲ,6
sʲekʲ,20
kur,14
urdʲ,5
dʲuk,5
ɡlɨ,14
trʲa,111
rʲas,41
vru,12
eep,2
t͡ɕʲiɕː,107
ɡio,4
ios,94
ksvʲ,2
ɡin,25
omp,3
mbo,4
tas,2
asdʲ,2
rʲipʲ,1
end,4
lʲai,3
ais,13
movʲ,2
rʲit͡s,65
kasʲ,4
uss,8
muo,2
uon,3
aktʲ,1
ktʲi,1
ixa,49
ʂis,2
tʲik,8
olkʲ,9
xʲis,32
ʒeb,15
bʲeo,1
nua,5
vɨnʲ,1
ɨnʲtʲ,1
obdʲ,7
ezt͡s,4
zt͡so,4
–ʒe,1
ɡibʲ,58
ibʲe,110
otmʲ,38
tmʲe,42
ɡub,28
йj,10
̆ja,7
bʲei,10
eix,11
pʲisʲ,156
isʲmʲ,12
ʂumʲ,15
ouɕː,5
plʲa,67
lʲas,21
azbʲ,79
zbʲi,77
sʒe,38
ʒeɡ,55
ssɨ,24
buи,11
buz,10
uzd,12
osr,61
amlʲ,43
iɡi,25
vpʲi,11
sʲeɕː,33
zrɨ,11
utu,14
ɕːuɕː,44
„ja,34
bɨa,2
vɨv,13
ɨvo,15
axt,1
xtv,1
luu,17
vɨtʲ,9
ɨtʲe,7
iʂu,13
ɨet,5
rɨsʲ,2
ɨsʲe,28
ɡotʲ,21
ɨen,2
oam,159
uʂʲːtʲ,4
ɨru,7
dodʲ,19
vua,4
t͡sea,3
eavʲ,1
edmʲ,110
dmʲi,17
mɨe,23
dʲiu,23
evkʲ,16
vkʲi,17
rʲaʒ,12
mʲev,14
zʲuʂ,1
ɨxk,3
xku,1
tasʲ,1
uux,1
t͡see,1
kat͡ɕʲ,19
mos,29
vap,4
t͡sut,1
ɨsdʲ,3
sdv,1
atʲl,2
tʲlo,2
izʲa,5
zʲaɕː,2
aɕːn,5
adz,16
dzo,16
pʲiv,30
ntu,1
t͡ɕʲit͡ɕʲ,1
kpo,6
ɨtʲa,4
bɨmʲ,3
kso,5
izz,20
zzo,16
ols,4
lst,3
nt͡ɕʲe,9
iir,2
iiv,3
juʒ,27
ivsʲ,10
ozp,1
zpu,1
kut,32
vɨt͡s,2
ɨt͡se,2
t͡sedʲ,2
adl,7
lomʲ,37
mʲit,49
t͡ɕʲna,21
muk,24
uskʲ,6
rʂk,3
oei,3
eiz,15
ɨtv,6
xpl,2
evv,1
vvɨ,8
ɨsu,1
zʲerʲ,18
ot͡ɕʲk,13
ʒɡu,20
esʲk,1
sʲku,1
ebt,2
bto,2
̆vn,2
ibkʲ,11
bkʲe,11
ixlʲ,4
lʲib,57
tt͡ɕʲt,5
ipu,2
edɡ,3
lʲut,45
ilp,3
lpu,4
dʲez,1
ɡiʒ,1
vuv,1
mun,14
upu,8
vup,1
aɡrʲ,16
ʂei,9
lʲid,15
kʲet,1
ɡas,24
vʒe,2
brɨ,84
rɨz,5
ɨzɡ,3
zɡa,21
t͡ɕʲun,1
sux,23
xoe,3
tvsʲ,8
tʲip,4
pʲaɕː,7
aee,2
mulʲ,6
uun,4
mɨl,9
elɡ,3
itʲʒ,1
tʲʒe,2
iuʒ,1
kʲii,96
kʲev,3
evsʲ,6
dʲadʲ,17
dʲir,7
itk,10
esvʲ,15
tɨi,3
zvsʲ,2
zdv,11
bokʲ,8
azrʲ,31
ʒue,8
ʒva,11
at͡ɕʲk,13
ʒuu,9
uʂk,2
̆t͡sa,28
at͡ɕʲkʲ,3
pam,8
t͡ɕʲeʂ,6
ɡoʒ,8
ɡrʲi,5
aus,12
йkʲ,8
̆kʲi,7
ɨbo,4
bol,7
ibʲi,2
bʲis,2
sʲip,2
t͡sap,3
aplʲ,12
plʲi,13
pɨrʲ,2
ɨrʲa,9
tʲeu,7
arɡ,9
rɡo,16
ɡab,3
lap,4
mɨʂʲː,1
jaɕː,10
lʲeo,5
xomʲ,4
inʂ,1
nʂe,4
vʲeɕːʲ,6
zbʲe,65
t͡ɕʲaɡ,2
ktr,2
oelʲ,5
йlʲ,11
̆lʲi,8
ɨtʲo,2
tʲodʲ,2
ttr,1
t͡ɕʲne,18
uxɡ,1
xɡo,7
pux,14
xolʲ,11
ʂai,9
vʲei,7
izmʲ,57
emvʲ,1
mvʲi,1
ast͡s,15
st͡svʲ,15
ʒub,1
ond,1
ndo,6
rɨvʲ,2
oʒo,7
ʒoɡ,11
lʲibʲ,1
noo,3
ook,1
elt,5
ɕːet,55
nobʲ,1
etʂ,13
tʂi,3
lʲeʂ,9
lɨs,1
sɨи,2
lɨsʲ,3
enb,2
nbɨ,2
edk,6
ɨedʲ,1
jamʲ,7
emv,8
̆pa,2
kob,7
azk,6
zku,7
sɨpʲ,9
ɨpʲa,2
ett͡s,4
tt͡svʲ,2
kazʲ,3
daz,2
ien,14
uulʲ,1
env,2
nvɨ,2
plʲu,35
lʲun,6
ozk,2
jex,8
etd,5
osv,22
asv,18
tst͡ɕʲ,5
ɨxɡ,3
mɨt,2
kuɕː,27
sɨv,22
iot͡ɕʲ,1
bʲii,4
xax,13
irʲa,36
rʲaи,7
tuzʲ,10
mʲet͡s,13
ent͡ɕʲ,7
nt͡ɕʲt,3
vuɡ,11
utn,7
̆ma,12
bʲebʲ,1
ɨtʲn,1
aedʲ,2
sopʲ,6
oxu,12
ɨmp,2
tʲei,6
odʲb,5
dʲbo,4
ʒin,8
odbʲ,14
dbʲi,13
lɡi,9
lʒi,55
xoɡ,11
tkn,30
lob,30
nor,11
esv,20
xak,3
ortʲ,10
ezo,59
dat͡ɕʲ,5
at͡ɕʲt,7
ɨzɨ,13
olʂ,19
lʂe,19
ʂeb,19
art͡s,26
rt͡sa,33
ɡirʲ,5
ɕːulʲ,1
eue,1
ues,1
ɨln,2
oot͡ɕʲ,3
nid,4
rʒe,69
iur,2
rba,5
bat,14
suxʲ,6
jat,7
tɨnʲ,9
sʲad,6
kt͡ɕʲe,1
oadʲ,4
t͡ɕʲad,3
dt͡sɨ,3
azmʲ,12
orv,15
nozʲ,16
emt͡s,14
mt͡se,3
ouɡ,28
ɨed,1
nʲta,1
sɨr,8
ɨrɨ,10
oeb,1
ebl,4
ovʲtʲ,7
mɨmʲ,10
axv,27
alʲm,18
xko,9
dsvʲ,1
atʲx,1
tʲxlʲ,1
xulʲ,18
kat,8
mt͡sa,11
ɨra,13
atvʲ,10
sʒi,3
jubʲ,26
itʲs,2
tʲsp,1
pʲeu,2
nt͡sɨ,34
doz,8
izkʲ,19
upɕː,1
pɕːi,1
loи,17
aʒdʲ,37
bsk,1
ixk,9
stsʲ,7
adʲa,24
sst͡ɕʲ,3
vɡl,4
zom,36
oɡv,3
ɡva,8
ʒdʲi,22
otʲb,2
tʲba,1
zop,31
tsɡ,1
utɨ,22
zrʲu,6
uzɨ,38
ezrʲ,45
zrʲi,53
akt͡ɕʲ,1
kt͡ɕʲt,1
axl,17
xlo,12
ouvʲ,1
rdo,130
izʲe,6
nʲʂa,3
tmɕː,21
mɕːe,30
oetʲ,3
eplʲ,106
zorʲ,87
bos,10
ʂum,41
lʲuɕː,2
oʒrʲ,14
rpʲa,3
rʲatʲ,12
uttʲ,1
ixɡ,2
xɡn,1
ɨtʲpʲ,1
tʲpʲa,2
tʲsʲi,1
tsvʲ,2
not,15
upʲa,13
itp,1
poo,5
t͡sur,20
ʂedʲ,5
eur,5
lumʲ,9
t͡surʲ,7
ʂad,10
add,35
dda,38
t͡sua,5
uar,5
xʲel,57
pʲed,6
dat͡s,6
at͡su,7
ɡidʲ,5
dʲeo,50
xʲie,19
paɡ,13
ɡii,5
autʲ,4
kst,4
̆po,4
nip,6
uud,1
ɨnl,1
nla,1
ael,6
auʒ,1
ɨeu,3
eup,2
vʲix,25
xai,19
nɨs,2
uxs,1
uʒbʲ,11
nakʲ,9
baɡ,11
iii,4
obʲa,6
bʲaz,5
utt,5
vudʲ,1
uxʂ,1
xʂi,1
etʒ,1
tʒe,1
mʲinʲ,41
rʲku,2
ierʲ,219
uxn,2
dot,7
uks,6
onp,11
npo,6
vdr,8
etl,15
tlɨ,6
lɨm,16
lue,16
kʲik,3
zokʲ,1
ozkʲ,5
zkʲe,1
ʒba,6
et͡sv,11
t͡svo,11
irɨ,11
atʲz,1
tʲzo,1
tprʲ,6
upʂ,1
sʲio,114
iod,54
ʂiʂʲː,24
xsʲe,1
ɨxt͡ɕʲ,2
xt͡ɕʲt,3
sxʲe,2
nuo,1
uos,2
sʲas,7
etrʲ,11
tʲeo,2
eot,10
vomʲ,20
ut͡ɕʲrʲ,5
eɡz,2
ɡza,2
ɨplʲ,13
dai,36
onʲɡ,1
nʲɡo,1
ɡur,8
urt͡s,4
rt͡sɨ,12
ept͡ɕʲ,4
pt͡ɕʲa,1
usʒ,1
nanʲ,3
anʲk,3
nʲka,3
bʲeɕː,26
t͡ɕʲut,9
tʲprʲ,2
ʒusʲ,19
tɨu,6
ɨuvʲ,1
sbu,10
ʒam,10
rʲibʲ,45
abr,73
akɡ,3
kɡn,1
kʲib,5
tɡa,12
att,21
tta,21
zou,7
mɨp,2
lup,135
uua,1
mmu,6
akx,7
kxu,5
xur,25
ief,45
altʲ,30
ltʲi,30
fue,1
uev,8
addʲ,4
susʲ,7
allʲ,26
llʲi,34
fur,3
mʲix,47
axbʲ,2
xbʲi,1
ofsʲ,1
fsʲi,2
ɡeu,3
eui,4
ʒnu,8
lot͡ɕʲ,13
emʲu,9
t͡soa,7
esx,4
okv,20
tɨp,6
aiv,17
olv,12
lvu,14
oed,11
ee–,1
sʲan,7
pɕːu,2
odʲj,4
dʲje,4
iuz,1
mvo,3
emr,2
ezu,50
zus,2
ɡiv,44
rzn,4
rmɨ,3
txlʲ,1
ibk,4
sxlʲ,1
bku,5
zuo,1
uod,1
rzk,7
our,2
eksʲ,4
edb,1
dbo,1
daf,18
oob,24
bɕːn,9
izbʲ,63
vsɨ,4
ɨpʲtʲ,1
pʲtʲe,1
mɡn,13
lɨmʲ,2
rzʲe,15
zʲet,2
lʲiʂʲː,33
tsʲe,12
zlu,9
bae,9
ɕːam,5
̆ʂe,7
ttv,1
izs,4
zsk,1
eɡrʲ,1
rɨʒ,1
ɨʒu,9
bvʲa,7
aot͡ɕʲ,2
dɨd,1
ɨdlʲ,1
sprʲ,51
prʲu,2
eʂlʲ,27
lʲup,2
ʂou,1
kɡo,3
jad,17
̆je,3
jea,1
eav,5
iɡe,61
vaɡ,11
aɡe,14
ɡeb,2
sufʲ,1
ufʲe,24
rxo,3
xovʲ,5
ʂebʲ,1
mof,64
fas,11
asɡ,11
sɡi,10
iaa,18
aat͡s,11
at͡sɨ,8
rdʲa,3
rmo,42
nof,7
ofɨ,4
iazʲ,14
edrʲ,14
erʲv,1
rʲvsʲ,1
pʲef,2
ark,16
rka,13
zʲam,29
eetʲ,12
vpr,22
uzk,3
ommʲ,2
mmʲe,13
t͡sup,1
jez,39
ɨt͡ɕʲk,1
ixt,4
xto,4
itʲtʲ,2
tʲtʲe,5
afx,2
fxu,1
xut͡s,1
ut͡so,2
t͡sof,4
itt͡ɕʲ,26
tt͡ɕʲu,9
kuz,10
rod͡ʒ,1
od͡ʒi,1
d͡ʒivʲ,1
omʒ,1
mʒe,2
ebs,7
oʒb,1
ʂaɕː,15
sstʲ,8
saʒ,45
evz,4
ɡaɡ,12
ʒir,23
dʲeb,4
splʲ,12
isɨ,25
„xo,9
ɨix,5
alfʲ,5
lfʲe,6
enʲn,1
nʲna,1
̆lʲu,2
imm,22
onzʲ,17
nzʲi,15
nko,7
imrʲ,11
omm,2
mʲie,24
lua,1
eai,5
ivɡ,2
vɡo,4
jaxʲ,2
ɡia,5
folʲ,16
uvɨ,21
fuvʲ,1
iaʂ,23
ʂuv,13
uvo,4
sʲaɡ,6
xʲelʲ,17
srʲi,4
ʂexʲ,4
mʲid,14
xʲefʲ,12
irt͡s,18
fuf,3
xuf,2
ʂux,3
sʲap,6
iek,7
evp,7
vpo,24
atʲo,1
tʲod,1
lt͡ɕʲi,39
sʲeo,3
eobʲ,11
ʒee,3
bʲaɡ,4
vɨdʲ,9
ɨdʲe,22
atʲt,2
tʲtɨ,3
ʒɡlʲ,21
ovx,1
danʲ,22
todʲ,3
nupʲ,1
boz,15
vt͡ɕʲi,5
oer,12
ofʂ,1
fʂo,1
ʂof,1
ioɡ,4
oɡbʲ,4
ɡbʲe,4
bʲef,71
efn,4
fni,17
efɡ,8
fɡa,5
almʲ,4
ivm,2
vmu,1
iimʲ,5
air,15
enʲpʲ,2
nʲpʲe,1
xofʲ,2
ofu,13
ofkʲ,2
fkʲe,2
fkʲi,2
aavʲ,6
vrʲi,32
ifmʲ,1
fmʲe,2
ifm,3
fmɨ,1
vkʲe,4
kʲeɡ,5
lafʲ,10
ʂafʲ,2
vma,3
makʲ,12
kʲel,20
lofʲ,4
lof,10
xafʲ,1
axʲe,37
vmʲi,1
mʲif,16
ifkʲ,2
aʂm,2
ʂmo,3
vmo,1
mosʲ,2
vbʲe,2
eaa,3
ɡid,21
idɡ,2
dɡa,2
vafʲ,4
et͡si,23
t͡sio,7
onɡ,10
jet͡s,10
pun,2
ondʲ,2
ndʲi,4
bʲefʲ,8
fʲie,4
ieʂ,12
aix,3
mmn,2
ixb,3
xbu,2
ɡat͡s,14
at͡sm,3
t͡sed,1
t͡sif,1
nerʲ,5
uup,2
lʲue,4
uelʲ,2
azʲu,2
buk,12
ukkʲ,7
ift,3
fta,4
azz,3
xʲiu,8
erʲtʲ,5
kʲuʒ,2
ʒiɕː,65
̆t͡su,10
lkn,13
kne,29
̆t͡sɨ,25
suf,3
tofʲ,33
dʲiz,4
dorʲ,6
sslʲ,25
ssl,15
labʲ,20
iib,1
pt͡ɕʲe,8
oar,5
mamʲ,9
mlo,1
mɨa,1
ɨam,4
amz,1
mzu,1
avvʲ,10
kʲedʲ,19
atʲtʲ,1
jaa,1
ixʂ,3
xʂe,3
euk,4
omt͡s,3
jer,13
odrʲ,18
ɡes,15
urs,8
axs,12
xskʲ,1
lʲumʲ,1
pku,9
effʲ,11
ffʲe,14
zok,19
tɕːa,11
ɨtʲtʲ,1
rap,9
ɨvɨ,3
bʲev,15
eltʲ,3
oɡnʲ,4
tʲezʲ,46
mʲit͡ɕʲ,3
dʲatʲ,1
bʲet͡s,8
aadʲ,22
rʲaa,5
vɨu,9
ɨut͡ɕʲ,1
̆t͡ɕʲt,2
oɡɡ,1
ɡɡo,2
vovʲ,105
„vo,35
anʲsʲ,8
nʲsʲa,10
aui,2
uim,1
ipr,14
ɨɕːa,41
uɡv,2
uuɡ,2
„t͡ɕʲt,15
„ra,5
adf,1
dfa,1
isʲi,61
zʲiʂʲː,7
ixz,1
xza,2
as–,1
oeo,1
nibʲ,1
ʂt͡su,11
smʲa,21
tʲsʲe,3
odp,5
dpa,2
tʂa,10
uxl,1
oasʲ,8
aaz,25
orpʲ,6
pʲio,6
„mo,9
ouu,10
ot͡ɕʲt,10
„kt,18
amɡ,5
mɡo,8
rɡʂ,2
elp,5
ltɨ,1
ofbʲ,1
fbʲe,2
mozʲ,1
ɡud,5
udɡ,2
eʒtʲ,2
̆sʲi,1
oɡt,5
ɡtv,5
vak,6
ɨuk,3
akm,1
kma,1
oae,13
̆va,2
rʲizʲ,9
ɡev,16
ukv,2
ɕːalʲ,24
iuɡ,2
etɡ,4
dua,9
uai,1
„ka,11
ksl,1
ovr,16
ɨnm,2
nma,2
omr,9
ɨɕːi,8
loɕː,36
ipn,3
pne,2
oep,4
̆vo,5
lanʲ,4
mt͡su,2
sʲikʲ,15
kʲer,19
davʲ,1116
dmn,1
oʒmʲ,2
ʒmʲi,2
uʒdʲ,31
„prʲ,8
abdʲ,1
bdʲi,2
ildʲ,1
oamʲ,7
ezmʲ,6
iovʲ,1
lʲus,15
et͡st,1
t͡stv,1
omb,5
sʲeb,1
lʲzu,8
zuu,7
t͡ɕʲisʲ,2
rorʲ,6
ʒea,1
aatʲ,4
iit,3
й–,2
ɡovʲ,32
sru,18
rʲiɕː,20
itʲp,4
tʲpu,1
dstʲ,15
elʲl,1
lʲlo,1
svr,1
lʲzo,9
obkʲ,2
zuи,2
t͡ɕʲeu,18
йvʲ,3
̆vʲe,1
eʂʲːdʲ,1
ʂʲːdʲe,1
eei,3
oɡtʲ,2
ɡtʲi,2
tsɨ,4
udv,2
„sʲe,3
uen,2
uʒs,1
ʒsk,1
jaи,7
sbo,9
paʂ,11
vzv,6
bʲiz,2
zsrʲ,1
rtn,24
bʲai,6
tɨɡ,3
srɨ,3
isʲm,53
tʲvzʲ,1
ɨev,3
boe,11
„dʲe,1
„ta,11
zut,5
bʲuɕː,1
uvr,2
kʲisʲ,5
oakʲ,42
oak,1
lʲʂa,5
lvsʲ,2
̆iz,3
lʲuv,2
ɕːev,8
dasʲ,1
sbʲi,6
tʲeɕː,1
otɕː,4
t͡sae,6
iub,1
sotʲ,22
lʲix,11
xou,6
lʲaɕː,21
avt͡ɕʲ,3
sum,7
asʂ,18
ɕːupʲ,5
upʲu,6
otʲm,2
nixʲ,3
osmʲ,43
ʂiɕː,9
onz,3
nza,2
eln,12
koʂ,10
ezʒ,7
zʒa,10
ot͡ɕʲs,1
t͡ɕʲsv,1
eznʲ,7
„tɨ,19
lɨnʲ,2
emɡ,2
ʒezʲ,12
ʒarʲ,9
zbɨ,4
ɨtk,9
bʲeb,3
pna,3
mub,1
̆ko,6
oulʲ,1
vʲenʲ,3
optʲ,1
pɨи,24
zʲen,9
lstʲ,1
azʒ,4
zʒi,8
ʒirʲ,2
pni,37
̆sv,4
t͡six,2
sue,70
ess,181
ssm,14
rt͡ɕʲu,1
zvn,4
rʲav,4
kʲixʲ,2
ixʲa,2
xʲaɡ,1
stʲo,2
tʲon,2
erk,56
mɕːu,6
ɨt͡ɕʲn,24
ossʲ,24
ial,17
uue,1
utk,4
zbo,11
nipʲ,2
ipʲi,2
kun,3
ʂt͡sa,16
tox,7
eps,2
pst,2
popʲ,26
nuf,1
iia,1
edp,18
dprʲ,11
out͡ɕʲ,8
atʲb,1
tʲbl,1
zsɨ,1
sumʲ,8
erkʲ,6
dsk,61
evk,15
kok,3
sʲeʒ,1
vʲinʲ,2
inʲtʲ,1
mpu,3
akn,5
esʂ,12
art,65
uʂl,2
eʂl,2
„iz,2
xap,1
zʲeɡ,2
lʲiɡ,5
ɨzd,12
„ɡa,1
dʲasʲ,5
ersʲ,28
rsʲa,5
obx,10
bxo,10
t͡saи,9
boʂ,10
rui,28
ʒeʂ,1
avb,2
vbl,2
oon,5
atp,1
favʲ,4
mʲivʲ,1
„za,20
ilʲp,3
lʲpo,1
nprʲ,2
kui,1
lʲʂu,7
ixl,2
dʲiɡ,1
„bʲe,1
aʒɡ,7
duvʲ,1
nɨɡ,1
ɨɡa,10
asr,3
pʲem,17
vao,212
etxʲ,2
txʲi,2
etx,2
txa,3
xaa,6
xoи,7
„mɨ,11
kʲefʲ,4
fʲia,31
izt͡s,1
zt͡sa,1
iar,11
muf,6
ufs,3
jafʲ,1
fʲiu,4
laxʲ,26
fskʲ,8
sskʲ,11
̆on,2
zʲek,8
„st,5
rʲai,1
aie,5
iix,12
dɨʂ,20
lpr,2
eii,2
ɡazʲ,15
eet͡ɕʲ,2
out͡s,1
ɡoʂ,7
iavʲ,36
xsa,5
afs,10
fof,15
ofd,2
fdo,4
isrʲ,2
ofm,2
fma,9
it͡sf,6
t͡sfɨ,5
zotʲ,7
efs,41
lxo,27
xsk,2
tus,2
uɡe,30
eevʲ,2
vʲevʲ,1
tap,11
app,9
ppu,9
pua,8
fʲek,22
ʂar,6
onmʲ,5
nmʲe,6
faa,18
idd,22
ddo,24
faf,16
afd,2
jek,16
azs,2
zskʲ,2
zot,13
ɡef,28
ear,4
evl,1
ɨer,1
sʲur,1
aaxʲ,12
ofv,1
fva,7
aalʲ,11
efv,4
t͡serʲ,4
efʂ,3
fʂa,1
jemʲ,4
mʲek,3
ads,64
avv,12
vvo,15
afmʲ,1
fmʲi,1
sʲesʲ,1
stʲsʲ,8
„zʲe,1
ɨem,1
rbɨ,6
eeu,7
vvʲi,5
t͡sin,15
efx,5
fxo,4
ɡlʲe,5
enʂ,3
enr,3
nro,2
nɨrʲ,1
eft,3
oax,45
iea,2
earʲ,7
kʲes,2
fsa,35
ʂik,2
ʂeʂ,11
afsʲ,5
fsʲe,4
sʲefʲ,5
xsu,4
ɡof,23
avt͡s,8
iaɡ,4
ifn,2
zʲif,13
t͡sor,14
orx,2
rxa,12
xʲeʂ,3
eʂm,1
efp,3
ual,4
vʲizʲ,1
zʲio,4
iofʲ,1
fʲea,36
lfo,2
t͡sik,3
nsa,1
aof,163
lʲixʲ,3
jeʂ,15
eʂt,5
ʂta,6
tao,8
aol,7
ʂna,11
aen,10
ɡedʲ,51
it͡sfʲ,2
t͡sfʲe,2
okfʲ,2
kfʲe,2
fʲei,13
ot͡sk,2
t͡ska,2
xab,2
abb,5
axm,13
xma,14
xʲif,1
flʲi,1
efd,2
fda,2
iff,3
fax,10
t͡siv,1
kʲei,18
axzʲ,5
xzʲi,3
zʲiv,8
ʂamʲ,16
attʲ,7
eʂtʲ,4
ɡil,27
num,1
xum,11
umt,1
mta,1
t͡siɡ,1
mao,10
jut,2
okd,1
kda,1
lxu,1
eft͡s,5
ft͡su,4
ɡed,12
afv,2
irmʲ,1
rmʲe,3
uzu,2
arxʲ,12
doa,2
aflʲ,5
fad,6
ixmʲ,2
xmʲe,10
sʲam,1
t͡sum,2
ent,2
fʲef,1
lʲefʲ,15
ʂut,3
ɡelʲ,5
kʲet͡s,1
t͡sit͡s,2
ofr,3
kʲef,1
mot͡s,6
irfʲ,1
rfʲe,1
ɡivʲ,15
eaf,4
ful,4
efm,6
rsu,2
eflʲ,1
ruxʲ,1
uxʲe,5
xʲen,15
afbʲ,1
dabʲ,1
bʲeʂ,1
off,2
fav,11
efxʲ,1
fxʲe,3
itt,4
kat͡s,2
at͡si,10
foa,1
taf,8
sul,3
ull,27
sun,6
ʂio,3
enx,4
nxa,3
pat͡s,1
t͡set͡s,3
ʂaɡ,15
t͡simʲ,2
fʲemʲ,1
eie,15
iel,34
xos,5
t͡ɕʲkʲe,2
umm,1
t͡san,13
nekʲ,1
kum,1
xuk,2
ukk,2
t͡sid,1
rʲeo,13
ifl,1
fla,4
tʲekʲ,1
ivvʲ,4
afrʲ,5
eia,4
rko,10
oppʲ,1
rɨxʲ,1
ɨxʲa,1
eef,1
fʂe,1
atʲɡ,2
tʲɡo,5
ɡezʲ,3
t͡sai,2
elfʲ,1
fʲekʲ,6
eeʂ,1
rfu,1
msv,5
emʒ,1
itʲɡ,3
bɕːa,7
bʲit͡ɕʲ,13
it͡ɕʲo,2
mva,19
tɕːe,13
emp,3
oek,3
msl,1
aaʂ,4
zʲekʲ,138
nivʲ,12
roxʲ,1
dap,2
fafʲ,9
ovʒ,1
elv,11
lvɨ,2
xʲerʲ,8
alvʲ,5
lvʲi,4
boxʲ,2
ukɡ,1
kɡr,1
uasʲ,3
lʲer,2
xus,28
safʲ,4
odʲs,5
dʲsp,1
lʲao,2
msp,1
aod,10
iemʲ,1
laɕː,4
aɕːo,2
ɕːom,2
tʲiʂ,7
tul,3
edd,9
ddvʲ,1
amk,5
mkn,5
tpʲi,3
oumʲ,4
exv,5
vut͡ɕʲ,4
asʲzʲ,1
sʲzʲe,1
fɡo,3
lapʲ,1
t͡saa,3
it͡si,4
zvʲa,3
xonʲ,3
onʲk,4
nʲko,5
rʲat͡s,2
t͡sau,4
uiz,3
zdʲa,8
zʲax,4
nex,27
exr,4
st͡sa,20
vt͡ɕʲa,1
ekʂ,5
kʂi,4
uvlʲ,17
ɨɡlʲ,2
skv,13
t͡ɕʲur,1
ɕːelʲ,10
vzʲe,2
ofrʲ,5
ioa,326
mku,3
uʒsʲ,1
ʒsʲi,1
ebk,5
rʂo,2
ʂokʲ,1
uot,1
dkʲe,5
ɕːiɕː,8
ɨʒi,3
stʲb,2
tʲbu,1
ordʲ,8
„pu,9
ʒeo,1
bɨi,1
lku,3
ɡvsʲ,3
azb,16
zbu,30
fʂi,1
elmʲ,5
tab,3
baf,1
iekʲ,1
evzʲ,2
vzʲi,13
zʲevʲ,13
ubt͡ɕʲ,4
bt͡ɕʲa,4
oos,4
ɨsp,3
ofs,4
vʲeu,16
iefʲ,11
ʂea,8
̆sɨ,1
rʲɡe,2
̆ib,2
stl,7
tla,17
rʲɡa,2
otz,3
tzo,1
fru,2
odm,1
lʲexʲ,10
zɨdʲ,3
xob,2
zʲev,20
ulu,63
ext͡ɕʲ,1
rumʲ,4
kapʲ,26
elm,4
sut͡ɕʲ,2
tʲevʲ,4
pka,14
aubʲ,1
uubʲ,2
rɡlʲ,13
faи,28
fau,5
aiz,6
̆ɡa,2
emmʲ,2
sʲuzʲ,1
mvsʲ,2
oerʲ,5
fae,1
ifɨ,12
nif,2
elʲkʲ,2
lʲkʲe,1
et͡ɕʲsʲ,2
t͡ɕʲsʲa,3
iie,2
xʲef,5
olʲtʲ,1
„sk,2
ibb,7
„sʲi,2
sʲib,1
eemʲ,14
mso,41
dut͡s,1
oixʲ,5
rɨk,9
lʲva,15
rupʲ,1
aeʂ,1
ixr,1
sʲivʲ,4
sʲit͡s,4
fakʲ,18
afʲa,12
fʲan,31
jet,4
dʲei,118
eʒu,7
lpɨ,6
t͡ɕʲuv,9
uvs,16
„is,4
usmʲ,4
tʲetʲ,9
ɨtn,11
pak,1
eʒʒ,1
bʲamʲ,1
kʲeʂʲː,1
kanʲ,2
ɡvo,12
npr,3
„lʲu,1
iʒd,4
asʲɡ,1
sʲɡo,1
pʲamʲ,7
vud,2
rʒdʲ,8
sdvʲ,5
ilʲɕː,11
lʲɕːi,14
mʲixʲ,48
etm,3
kdo,4
tʲus,2
atʲu,14
anʲʂ,1
mbɨ,2
t͡sus,1
tuи,1
t͡ɕʲumʲ,1
drʲi,16
alf,2
nɨxʲ,2
xʲiz,3
„opʲ,1
nuxʲ,6
adʲtʲ,3
mpr,2
oemʲ,23
orf,2
rufʲ,17
iln,2
noxʲ,3
ʒamʲ,10
„je,5
ufʲi,5
tsmʲ,2
ooz,28
ale,1
let,2
„bu,5
dʲip,1
emk,1
ɨutʲ,1
ɨnʲt,1
nʲtv,1
oxʲe,70
udʲs,1
aʒsʲ,2
ʒsʲa,2
ird,1
̆mo,2
bʲeu,2
jatʲ,2
imt͡s,4
mt͡so,1
t͡sofʲ,1
t͡suf,3
fʲen,4
iilʲ,3
lʲiи,25
ofn,6
buʒ,21
ɨtrʲ,4
rbʲa,3
ɡiz,3
mʲiʂʲː,4
okʒ,1
tʲatʲ,2
rzkʲ,3
vzvʲ,9
tdɨ,11
xau,7
ɡaɕː,4
tʲmʲe,18
zɡrʲ,9
rʲulʲ,2
ulʲu,1
noi,6
aeɕː,1
spʲa,5
fʲimʲ,11
ɨep,7
dpo,11
„do,4
odsʲ,4
dsʲe,4
mkt,1
zaz,7
nzn,1
aiʂʲː,1
ɨtʲp,2
tʲpr,3
vukʲ,12
rklʲ,2
avz,2
vzn,2
xav,116
„ot,18
ɡai,3
rtʲe,11
amdʲ,1
mdʲe,3
kaи,8
xop,1
uxpʲ,1
aɡlʲ,5
mɨt͡ɕʲ,3
uvu,1
vuvʲ,1
asʲt,1
sʲta,2
ʂom,8
onx,1
nxr,1
muɡ,5
fou,1
eex,1
dʲamʲ,13
ioi,30
nux,32
bʲex,1
nkr,1
oiɕː,9
ɨls,2
kʲifʲ,1
otʲsʲ,2
t͡saxʲ,1
tʲirʲ,32
oai,2
aib,2
lmu,4
osʲs,2
„t͡sa,3
ɨnkʲ,1
bozʲ,3
ɨek,1
„sa,3
axk,1
„so,7
akb,7
kbɨ,1
dʲso,1
ixm,13
masʲ,43
vɡi,1
t͡ɕʲiи,16
uus,3
„tʲe,6
aop,1
sua,9
ualʲ,3
tat͡ɕʲ,1
oʂn,3
irkʲ,1
erbʲ,1
ʒon,1
st͡su,12
bot͡s,2
sʲet͡s,26
„os,4
aor,1
eiv,3
omɕː,1
ulr,1
lru,1
„pr,7
ote,1
tet,1
lʲidʲ,2
imz,2
mzdʲ,1
sfʲi,58
sui,1
elx,25
ɕːad,3
dɨa,1
t͡ɕʲee,28
„idʲ,4
ouи,3
t͡ɕʲusʲ,2
uxv,10
̆odʲ,2
aulʲ,8
ulʲe,15
oib,4
iɡrʲ,2
fʲet͡ɕʲ,1
fʲes,7
esd,1
sda,5
mʲimʲ,4
nob,4
zɡe,1
ʂuи,2
̆t͡ɕʲa,2
mab,2
abt,3
btv,3
t͡sas,7
edvʲ,19
dʲai,1
umk,3
dʲib,2
aarʲ,5
orʒ,41
imv,20
t͡salʲ,6
run,15
iɡv,10
dak,2
uld,1
ldu,1
adrʲ,3
eɡk,10
ɡko,11
aeo,3
dus,3
usdʲ,1
map,1
ezp,2
zprʲ,1
tua,5
esʲdʲ,1
sʲdʲe,1
eodʲ,11
„da,7
ɨpɨ,1
ouk,3
arʲo,1
rʲobʲ,1
jai,3
alʲʂ,2
mvu,3
xʲimʲ,17
bʲep,1
ɡox,5
doi,9
oik,7
anx,22
nxu,23
–dʲe,2
slʲu,4
jur,1
oun,4
rt͡ɕʲe,16
tso,1
ozb,32
omvʲ,1
mvʲe,1
oikʲ,1
eilʲ,17
ulk,1
zʲifʲ,3
xʲil,8
kof,1
boo,1
pso,3
iʒkʲ,1
ʒkʲe,2
ɡea,17
„mʲi,7
lklʲ,1
aʂʲːtʲ,4
vblʲ,3
uɡr,6
ɨxzʲ,1
xzʲe,3
izʲu,4
zʲum,4
umu,11
uzlʲ,1
ɡee,4
aid,1
aiʂ,2
uin,12
oab,1
ɡot͡s,36
aox,2
surʲ,3
irzʲ,1
zabʲ,6
axmʲ,10
it͡ɕʲrʲ,1
stʲʒ,1
esʲt,2
sʲto,2
ooɡ,2
esʲn,3
kʲerʲ,4
uzʲa,16
mofʲ,7
fmo,7
eio,2
iumʲ,3
lʲvo,13
ubvʲ,14
ɨib,1
osfʲ,32
sfʲe,33
ʂur,4
fʲeu,8
oiɡ,1
toxʲ,1
fxa,2
at͡st͡s,3
t͡st͡su,1
lui,24
uia,23
ɡei,2
ɡif,6
fatʲ,13
fʲeи,23
–so,2
bat͡ɕʲ,3
ieɕː,3
xurʲ,6
„ru,1
bɨpʲ,1
ɨpʲe,3
enʲtʲ,1
oub,1
lobʲ,4
ofʲa,9
emfʲ,18
mfʲi,18
fʲiv,16
mɨ–,1
pɨe,7
ɨei,3
pɨx,19
pʲev,59
alpʲ,5
rat͡s,5
t͡sim,4
ɨlu,3
inʲsʲ,1
xʲio,5
muz,19
kʲip,16
t͡sit,18
efʲa,9
t͡ɕʲuɕː,11
lʲaʂ,1
ʂuɕː,2
t͡ɕʲiʒ,13
avzʲ,2
rʒu,16
„us,1
mʲefʲ,1
eɡɡ,2
ɡɡa,1
suv,12
foи,5
foe,1
uad,1
eepʲ,9
fʲelʲ,16
ɨee,2
t͡ɕʲeɕː,3
atʲmʲ,2
vvu,4
ɡulʲ,1
rʲiu,64
mdlʲ,2
enʲk,3
nʲku,2
ourʲ,1
ɨubʲ,1
uedʲ,1
„umʲ,1
ʂep,5
ept,5
ptɨ,2
ald,2
iedʲ,9
dʲidʲ,2
obʒ,3
bʒi,1
xudʲ,1
uuo,2
uodʲ,1
t͡sorʲ,6
et͡su,2
rɡsʲ,4
mɨsʲ,6
avʲsʲ,1
vʲsʲa,3
ɡasʲ,5
bɨz,3
ɨzn,2
dʲiʒ,2
ɨʒɡ,4
edt͡s,3
kt͡sa,1
odz,1
dzɨ,1
vkr,1
utt͡ɕʲ,2
tt͡ɕʲi,12
efmʲ,1
xat,8
dlʲu,1
orɕː,3
rɕːi,3
xusʲ,22
sʲiи,16
̆do,2
mat͡s,2
iubʲ,1
ɨlʲu,2
–t͡ɕʲe,1
„bɨ,1
alz,1
sʲiz,1
vɨa,2
ellʲ,12
dubʲ,2
̆sʲe,2
„sbʲ,1
kut͡ɕʲ,7
„pa,3
ivr,36
alr,1
lra,3
ivtʲ,4
ɨdʲa,24
nmo,3
tɨd,27
ɨdp,1
„osʲ,1
ilr,1
evt͡s,39
pʲevʲ,6
imɡ,4
mɡa,5
nizʲ,10
bʲix,9
amt͡ɕʲ,4
mt͡ɕʲa,1
msɨ,1
vbɨ,1
eɡsʲ,1
isʲr,2
sʲra,1
ʒad,10
t͡spɨ,1
ɡobʲ,2
rɡi,1
jalʲ,4
notʲ,21
uɡlʲ,15
sɡu,3
tɡr,2
exn,1
rʲazʲ,12
opt͡ɕʲ,7
pt͡ɕʲu,10
tʲeʒ,22
rʲau,16
zɨkʲ,14
isb,1
bosʲ,1
xoxʲ,5
ipl,1
vfʲi,1
fʲirʲ,58
kʲeʂ,3
fofʲ,8
mʲeb,2
unn,27
t͡sal,9
tof,13
alb,4
rxʲu,1
xʲumʲ,1
xba,4
jaʂ,1
lʲifʲ,6
xas,6
asb,1
sba,1
xatʲ,12
t͡sob,1
axtʲ,1
xtʲi,1
imx,1
mxo,1
odʂ,1
xʲivʲ,1
vzd,10
lʲutʲ,1
odd,6
zoxʲ,3
ɡifʲ,1
„sɨ,3
„ad,1
but,1
nsɨ,1
nbu,3
fʲee,3
„bl,2
osʲb,7
sʲbu,3
sʲsl,1
okkʲ,1
elr,1
„zn,1
lʲul,3
t͡set,2
ruи,8
lʒu,2
vsm,2
st͡sɨ,6
vuf,1
atʲp,2
endʲ,1
ndʲe,1
mak,1
albʲ,1
lbʲi,1
bʲimʲ,1
enxʲ,1
nxʲe,2
xʲesʲ,2
rʲub,1
bofʲ,1
naxʲ,14
iez,26
okmʲ,2
kmʲe,2
ɡevʲ,5
vɡa,1
rua,3
stbʲ,8
tbʲi,8
bʲiɕː,11
ɡak,7
ips,2
йl,3
ovv,2
duxʲ,3
izzʲ,3
zzʲe,3
̆ku,1
uɡx,1
ɡxr,1
bʲia,7
rt͡so,7
lʲmɨ,5
inkʲ,7
ezʲbʲ,1
zʲbʲe,1
bulʲ,2
axp,1
vtrʲ,1
ɨlʲt͡s,1
svn,1
urkʲ,1
puk,1
lʲadʲ,11
olɕː,5
lɕːi,3
auɡ,3
lʲvɨ,6
pʲit͡s,4
ouʒ,1
taz,5
rʲus,1
irx,8
rxr,2
ɨdvʲ,2
ovkʲ,2
ɕːap,1
omɡ,4
mɡlʲ,2
lɨʂʲː,66
itvʲ,12
iei,16
exb,2
xbl,2
pokʲ,12
dud,1
lʲasʲ,5
votʲ,10
elʲɕː,4
bʲesʲ,7
eizʲ,1
xst,2
bʲezʲ,3
zʲan,2
xmn,2
konʲ,7
tot͡s,1
artʲ,3
ilx,4
mumʲ,2
ilt,3
ɡen,2
zon,3
iad,19
avrʲ,2
kod,6
lsʲe,1
irʲu,2
sakʲ,7
tue,12
uetʲ,16
„ob,3
„otʲ,2
mʲizʲ,3
lɕːe,2
ʂeo,1
eotʲ,1
uiu,1
nui,7
ikʒ,1
usvʲ,1
ilt͡ɕʲ,1
oks,3
lʲvu,5
atm,1
tmo,3
enʲsʲ,1
ʂor,1
imdʲ,2
tbr,3
psɨ,15
lʲuu,4
tui,12
imtʲ,1
mtʲe,2
ovmʲ,1
upk,9
bɨo,3
ɨon,1
elbʲ,2
lbʲe,5
t͡spu,1
iuu,6
iua,11
amv,29
mvrʲ,28
rsɨ,2
xbɨ,1
nvzʲ,1
zʲaи,2
ʂak,20
„ilʲ,1
auk,4
etmʲ,4
nubʲ,1
dkl,5
ant͡s,3
ʒevʲ,3
aofʲ,3
rʲasʲ,18
iiu,53
iuи,39
iue,6
ɨza,2
eɡʂ,1
plu,2
izʒ,3
emt,5
mtɨ,2
xvmʲ,1
nio,3
mʲik,10
ja–,1
dxv,1
bʲalʲ,1
„stʲ,1
ukt,2
ktv,2
vufʲ,21
voɕː,2
tʲui,2
sdo,1
xʲeи,47
mvl,4
xʲee,6
kʲia,134
xʲea,32
ɕːekʲ,3
fuɡ,2
„vʲe,5
̆idʲ,1
bmɨ,1
zʲia,40
atʲlʲ,3
tʲlʲe,3
zuv,4
lʲzʲe,4
een,2
zakʲ,1
xarʲ,61
ʂetʲ,2
emb,2
mbu,3
zʲiu,8
zʲiи,13
auvʲ,2
„zd,1
ja„,1
a„n,1
mopʲ,2
vʲuɕː,1
bko,1
alʂ,4
lʂa,7
ebt͡s,2
bt͡se,3
vot͡ɕʲ,4
„om,1
otʲj,2
tʲje,1
ilʒ,1
erʲp,1
rʲprʲ,1
lɨl,1
omt,2
mto,4
lʲui,3
asʲp,2
sʲpo,1
kab,1
ne„,2
e„o,1
iʒmʲ,1
„ko,8
arʲv,2
rʲvs,1
„dvʲ,1
„uvʲ,1
zʲie,7
„vɨ,6
dso,5
msʲi,1
tɨɕː,3
iex,23
msz,1
bas,2
exvʲ,1
xvʲe,2
rɨn,1
tsu,1
atf,19
tfa,19
ɕːikʲ,1
ioz,11
eat,1
ʂomʲ,2
xazʲ,9
xʲeɡ,2
itʲpʲ,1
̆iu,3
oio,4
mafʲ,6
fʲii,13
afxʲ,2
lum,27
osʲt,1
kʲea,7
affʲ,3
oaf,15
kʲee,3
iao,4
aotʲ,5
zoɡ,5
odkʲ,1
neʂ,7
jezʲ,136
dvl,6
ʒev,3
йb,6
̆ba,1
mt͡ɕʲrʲ,1
tkl,8
suk,2
otbʲ,1
tbʲe,2
kutʲ,3
ivx,5
mt͡sɨ,4
dotʲ,2
uʂt,2
xʲirʲ,13
kʲiu,14
vso,3
bsa,17
sak,16
iakʲ,15
ikd,1
kdv,1
ɨup,1
imt,1
oiu,8
olʲɕː,11
lʲɕːa,12
„sp,4
arp,6
ivv,5
xsvʲ,2
aii,60
irɡ,2
ɡakʲ,2
ops,4
psk,2
tvzʲ,1
rʲenʲ,11
eas,7
ʂarʲ,6
ɨvu,1
dʲsl,1
nat͡s,2
xmo,4
ft͡si,1
t͡sib,1
xpr,1
odʲ„,1
dʲ„v,1
ɨtr,2
uzz,5
zzɨ,4
ʂul,26
ullʲ,1
rut͡s,1
atb,1
tbɨ,1
dʲid,3
ʂaf,29
xʲik,20
xʲei,2
ein,5
edpʲ,11
dpʲi,14
ikv,2
kvɨ,10
arx,4
vaz,1
nɨt,1
anmʲ,1
rurʲ,1
̆so,2
asvʲ,1
xao,9
tumʲ,2
t͡sɨe,2
zʲeb,1
udd,1
fʲed,8
rum,3
vʲun,1
rʲue,1
t͡seɡ,1
adʲu,2
vlu,5
aʂt͡s,1
oʒkʲ,4
iktʲ,1
olbʲ,3
йa,2
aiu,15
ism,32
xumʲ,1
ilmʲ,2
ʂue,2
luv,3
ɡo–,1
uii,1
ltr,1
ɡuv,3
aʂx,7
ʂxu,7
vun,5
jekʲ,1
vʲiʂ,6
ʂia,14
rxʲe,5
efl,2
eua,2
euи,2
orkʲ,1
ot͡su,4
zʲez,2
ɡeʂ,5
xbʲe,2
aitʲ,2
aolʲ,1
lmɨ,14
sofʲ,3
iabʲ,1
iat͡ɕʲ,1
iuʂ,2
avxʲ,6
ioe,12
vʲaɡ,1
eaʂ,1
idb,1
dba,2
at͡slʲ,2
t͡slʲe,1
axʂ,1
xʂu,4
aʂf,2
ʂfa,3
kot͡s,6
t͡sovʲ,1
vʲev,2
ouo,2
uox,1
ʂuxʲ,1
tʲexʲ,1
eʂfʲ,2
ʂfʲe,2
kufʲ,1
bʲifʲ,1
uuv,1
uvzʲ,1
fʲil,1
iaz,3
enz,1
nzo,1
aed,8
iokʲ,1
oaʂ,3
ʂuvʲ,1
ʂmɨ,1
lɡe,2
t͡semʲ,14
uilʲ,1
efbʲ,1
fbʲi,1
bʲirʲ,1
fokʲ,1
ioʂ,5
ʂivʲ,2
ʂox,1
zʲiz,5
ʂifʲ,1
ied,11
t͡ɕʲuu,12
dlɨ,1
ielʲ,1
omz,3
mza,3
ʂiʂ,1
axd,1
xdo,2
xok,1
iut͡ɕʲ,3
afr,4
mmɨ,2
amt͡s,2
mt͡si,2
t͡sia,6
uzzʲ,18
zzʲi,18
xprʲ,2
lɡl,1
iiʂ,1
iʂʂ,7
ʂʂi,7
udxʲ,1
dxʲe,1
zʲef,4
xʲiʂ,1
ʂupʲ,3
xupʲ,2
ʂerʲ,9
iʂɡ,1
ʂɡo,1
xlu,1
ikxʲ,1
kxʲi,2
ead,2
ixʒ,2
xʒi,1
irz,1
aif,1
aʂv,1
oxɡ,1
xub,1
bba,9
ilʂ,3
fun,15
axr,1
xoa,1
zzu,1
dʲeʂ,1
eut͡s,1
ʂaxʲ,1
irm,2
ʂaʂ,3
iʂf,2
iʂmʲ,1
ʂmʲe,1
ilf,1
ifdʲ,1
fdʲi,1
amʂ,1
mʂe,1
zʲexʲ,1
oia,13
ddu,5
box,2
xru,2
euʂ,3
ɨnɡ,1
immʲ,8
ii–,1
kba,2
kub,1
t͡ɕʲʂa,2
tafʲ,6
evmʲ,3
aer,2
asd,1
kofʲ,1
lkt,1
ixx,1
xxr,2
ɨrv,2
ɡaʂ,1
ezb,1
ʂiz,2
fʲit͡s,1
iasʲ,3
rʲifʲ,1
oezʲ,1
elz,2
llʲf,1
lʲfa,2
tʲav,1
aazʲ,5
iexʲ,17
aun,1
zazʲ,3
idvʲ,2
aiɡ,1
ɡrɨ,2
lʲeɕː,4
̆bɨ,1
sapʲ,1
lʲua,1
xmʲi,2
evd,1
aud,1
̆slʲ,1
itʲd,1
odʲm,1
bot͡ɕʲ,2
t͡ɕʲetʲ,2
it͡ɕʲtʲ,2
vui,4
ust͡ɕʲ,1
ɨxb,1
xbr,1
eorʲ,1
ɡapʲ,1
uix,4
̆ie,1
ivrʲ,3
tvs,1
vsvʲ,1
ɕːav,2
fap,1
amtʲ,3
mtʲi,2
oʂbʲ,2
bʲek,2
kaʂ,2
exd,1
but͡ɕʲ,1
it͡srʲ,1
t͡srʲi,1
eulʲ,1
ulʲf,1
xosʲ,1
aʂo,1
mɡu,1
ɡuf,1
ikkʲ,1
na–,1
ɨnxʲ,1
izʂ,1
zʂe,1
exdʲ,2
xdʲi,1
nifʲ,1
ifʲa,1
exx,1
ekv,1
ɨtu,7
rdn,4
rds,2
dʲet͡ɕʲ,6
sʲax,10
ozʒ,12
kʲiɡ,3
evɡ,2
ezʲb,2
zʲbu,1
jaf,2
zʲeʂʲː,1
ɨlz,1
lzo,1
ʂʲːsʲe,1
dns,1
kmo,1
fsu,1
mprʲ,2
it͡ss,1
t͡ssv,1
ldv,1
adb,2
dbr,1
ieb,1
tʲudʲ,1
ukxʲ,1
eap,1
ddɨ,5
bʲau,2
aup,2
odt͡s,1
t͡sfu,1
pʲee,3
mzd,4
avp,1
bʲam,1
eddʲ,1
iozʲ,1
uds,10
emʲlʲ,1
mʲlʲe,1
eox,1
stʲt,1
niʂ,1
uovʲ,1
atd,3
tdv,1
t͡ɕʲav,3
urv,1
eun,3
lmn,1
lukʲ,8
sʲasʲ,1
alt,5
lta,6
kut͡s,1
bɨx,2
mzo,1
ldvʲ,1
sdʲi,2
eoʒ,5
ɡiи,6
ɡao,1
vat͡s,3
okp,1
kpr,2
ɨdo,11
̆la,1
ɡeo,2
odʲv,2
jau,3
ɨbn,4
xoz,1
ɡuz,1
avkʲ,2
ulʲa,2
enʲt͡ɕʲ,1
nʲt͡ɕʲt,1
ivʲsʲ,1
aoi,1
axɡ,2
ids,23
rʲapʲ,1
ɕːex,2
bat͡s,6
doxʲ,62
isf,1
bʲiɡ,7
afm,6
kxa,2
aɡbʲ,1
ɡbʲi,1
xadʲ,3
t͡sixʲ,2
ufɨ,4
bao,2
fʲisʲ,1
kbu,5
kuf,2
at͡sl,1
t͡slu,1
luf,1
t͡st͡se,2
baи,4
̆im,2
bad,2
okpʲ,1
kpʲa,1
iau,1
̆lʲe,1
„xv,1
„sl,10
„ib,2
rʲikʲ,2
aʂvʲ,1
aksʲ,44
rks,43
tabʲ,1
imʂ,4
mʂa,4
–dʲi,1
arpʲ,1
exʲa,1
xʲan,1
imd,1
ɡɡe,2
ɡeи,1
rbo,6
saxʲ,2
ekb,1
„dlʲ,3
rʒkʲ,2
iab,1
̆of,1
nʲpʲa,1
zut͡ɕʲ,3
bbu,1
oarʲ,1
ɨdn,4
iux,1
̆blʲ,1
nuvʲ,1
mob,1
iapʲ,1
ɨxn,2
iɡʂ,4
ɡʂe,3
edz,3
dza,1
ʒdlʲ,2
fʲik,1
avf,2
vfa,2
paf,3
faxʲ,1
aff,3
ffu,3
zʲis,1
abv,2
bva,2
afl,1
atfʲ,1
tfʲi,1
fʲifʲ,1
suz,20
naɕː,15
rʲup,1
skd,1
ekz,1
kza,1
nɡo,2
amkʲ,5
kaxʲ,1
luo,5
uok,5
aʂʂ,4
ʂʂu,4
loxʲ,2
efk,2
dʲan,7
orfʲ,1
rfʲi,1
ifk,1
aodʲ,2
sʲai,3
xvu,1
loo,1
iʂʲːt,1
ʂʲːtɨ,1
ɨdu,2
lul,1
ouzʲ,2
uupʲ,1
isfʲ,1
iʂsʲ,1
ʂsʲi,1
t͡slʲi,1
ruv,1
aʂb,3
eak,2
irt,3
ɨsʂ,3
uxlʲ,2
lʲuo,1
mtv,5
odpʲ,3
aɡpʲ,1
ɡpʲi,1
ʂez,2
ʂovʲ,1
nɨd,1
ɨnfʲ,1
nfʲe,1
aʂs,1
ʂsa,1
axz,1
bukʲ,3
ɡiʂ,1
enrʲ,1
nrʲi,1
mufʲ,1
oaxʲ,1
muи,1
aai,1
t͡sɨv,1
aaи,1
tʲipʲ,1
olʲkʲ,1
lʲkʲi,2
ruz,1
enʲs,1
nʲsu,1
avk,1
indʲ,2
iopʲ,8
lʲap,2
bum,1
tʲinʲ,10
izfʲ,1
zfʲe,1
iɡfʲ,1
ɡfʲe,2
aɡfʲ,1
omd,1
rsʲe,2
pkʲe,1
ɡeɡ,4
esfʲ,56
irr,9
rro,4
̆vzʲ,1
lʲɡo,1
ɕːed,16
xʲeu,10
t͡sad,1
sʲba,5
lut͡s,3
omsʲ,1
oud,4
atdʲ,1
evm,1
osʲbʲ,2
sʲbʲe,2
esʲtʲ,1
antʲ,2
ntʲi,2
aob,2
ʂfu,1
t͡sao,2
att͡ɕʲ,2
purʲ,5
nso,1
̆t͡ɕʲi,1
t͡ɕʲii,7
rksʲ,1
sof,8
tʲmo,8
rkn,3
ɕːiv,1
osxʲ,10
nuɕː,4
bau,12
ɡut͡ɕʲ,4
dɨb,1
pt͡sa,7
lupʲ,3
pʲet͡s,3
iio,1
zvk,1
ait͡ɕʲ,1
lkʲe,2
lʲda,1
mʲaʒ,1
lt͡ɕʲu,10
ort,14
rvʲa,3
ɨlʲn,1
vstʲ,2
bur,6
sɨx,6
bop,1
vplʲ,2
atmʲ,2
ɨtkʲ,2
eɡkʲ,1
ɡkʲi,2
drʲu,1
rʲusʲ,1
ismʲ,2
abvʲ,4
ubʒ,1
bʒe,2
drs,5
kʂe,3
ldn,1
tɨk,10
ɨsv,1
obd,8
bdu,8
lʲerʲ,2
tʲaz,14
t͡ɕʲikʲ,1
xuu,2
ʂeʂʲː,1
zʲje,1
pʲenʲ,1
t͡ɕʲua,1
prɨ,8
oevʲ,3
pʲuɕː,3
advʲ,1
udʂ,1
sbr,5
it͡so,8
ʒeɕː,3
ɕːek,1
lʲezʲ,2
rʒd,10
rvʲu,1
tlʲa,4
zat͡s,2
uvʲa,10
ekn,1
bʲid,6
ltʲm,1
ʂlɨ,1
tklʲ,1
iplʲ,2
zpr,1
ait,4
zblʲ,3
jexʲ,2
bʒo,1
ʒor,1
zdu,13
duv,6
lɨvʲ,1
nukʲ,1
rɨɡ,10
moz,1
iɕːrʲ,4
ɕːrʲe,7
ɡilʲ,4
lɨb,4
izʲsʲ,2
zʲsʲa,2
ikʂ,2
ʂusʲ,4
tdn,1
ʒmu,3
rmʲa,1
sʲamʲ,1
rʲeɕː,8
uʂkʲ,2
ɡat͡ɕʲ,2
burʲ,17
ɨpl,2
enʲv,1
nʲvo,2
rakʲ,8
zɨb,1
ɨblʲ,1
ɕːna,1
mt͡ɕʲu,6
t͡ɕʲuɡ,4
pskʲ,2
iuɕː,6
vʲas,2
ezm,8
lvs,3
ulɨ,1
ɨtvʲ,1
utp,4
ipʲa,7
obɡ,4
bɡo,4
nɨl,8
oɡb,1
ɡbɨ,1
ksʲa,3
t͡ɕʲet͡s,1
kuk,1
vuzʲ,2
atlʲ,2
atʲt͡ɕʲ,1
tʲt͡ɕʲe,1
tʲiʒ,3
aeu,2
rɡl,3
izt͡ɕʲ,1
zt͡ɕʲrʲ,1
mɡl,1
epn,9
ɨxlʲ,1
xlʲv,1
zɡi,3
t͡ɕʲakʲ,1
onɕː,2
nbo,1
ubt͡s,3
it͡ɕʲk,4
orʲbʲ,2
rʲbʲe,2
mʲasʲ,1
bul,1
mazʲ,1
ɡap,1
ʒax,6
xdʲe,1
usʲs,1
sʲsvʲ,1
mvr,1
ɨis,1
zoɕː,5
oɕːrʲ,5
ɕːrʲa,3
lvn,1
dɕːe,24
iuxʲ,1
dsm,2
„ulʲ,1
em„,1
m„n,1
etdʲ,2
uuvʲ,1
mbl,1
olʲb,3
lʲbu,1
elʒ,1
̆ok,1
tukʲ,1
ʒemʲ,1
azʲp,1
zʲpo,1
dupʲ,1
sʲisʲ,2
vʲeʂʲː,5
„on,6
nuɡ,1
alt͡ɕʲ,8
lʲpn,2
tʲixʲ,2
pʲez,8
vtu,1
tun,2
ert͡s,1
„iɕː,1
rʲinʲ,3
olvʲ,4
zʲiʒ,3
iʒdʲ,3
̆bu,1
lʲaz,1
lorʲ,1
t͡ɕʲiɡ,1
„vr,1
rʲuɕː,2
sʲru,1
utl,1
udʲb,3
dʲbɨ,3
ɨmsʲ,2
akzʲ,1
kzʲe,1
mɨn,1
uɕːn,10
fum,3
ezɡ,3
udʲbʲ,1
dʲbʲe,1
kue,1
„ɡdʲ,8
abʲa,4
ʂoʂ,3
zʒe,6
eɕːrʲ,1
euvʲ,1
sʂu,1
tʲiz,1
tʲbo,1
xrʲa,2
bʲit͡s,5
bʲa–,1
ʒep,4
rʲanʲ,3
ʂuʂ,1
bʲaʒ,2
oxʂ,3
–ja,1
zmʲa,1
ɡt͡ɕʲa,3
dʲobʲ,1
dui,3
iiɡ,1
xkn,1
rʲaz,2
isʲt͡ɕʲ,1
sʲt͡ɕʲe,1
tʲasʲ,1
̆bl,2
uum,1
kudʲ,5
rot͡s,2
sʲao,3
lʲzn,1
t͡ɕʲimʲ,3
xaʒ,2
lʲzkʲ,2
t͡ɕʲtɨ,5
zʲbɨ,1
oau,3
zmʲi,1
dʲibʲ,1
ums,5
ʒʒi,2
ɨezʲ,1
bua,1
ɕːud,1
it͡spʲ,1
t͡spʲe,1
ɡusʲ,3
dʲix,1
lʲdo,1
ime,1
med,1
vʲep,1
obsʲ,1
bsʲe,1
eʂʲːv,1
ʂʲːvsʲ,1
szʲe,1
̆is,1
ɨumʲ,1
tʲja,1
tmʲi,5
iid,1
uʒr,1
ʒro,1
lʲapʲ,1
edx,1
lɡu,2
maɕː,1
ʒimʲ,3
lʲma,2
umʲtʲ,1
mʲtʲe,1
idʲtʲ,1
itd,1
tdu,1
rplʲ,1
ixbʲ,1
sʲiʒ,3
rlu,1
onʲp,1
nʲpɨ,1
tsv,4
ix–,1
vtɨ,1
tʲez,1
skn,2
ipɨ,1
lɨi,1
lʲirʲ,1
urʲu,1
dzʲe,2
imk,1
ntv,1
amt,3
ɨmu,1
̆tv,2
tʲsl,1
iaи,1
avʲmʲ,1
vʲmʲe,1
sʲenʲ,2
e„p,1
̆pu,2
̆sn,1
–ɡo,2
„et,5
tʲuv,1
itʲb,1
tʲbr,1
ekmʲ,1
kmʲi,1
rfɨ,1
lor,1
zue,4
loa,3
lʲbɨ,1
inʲd,1
nʲdu,1
etbʲ,1
edt,1
–ka,1
aap,2
xsrʲ,1
doo,3
ʂasʲ,1
tʲeʂʲː,1
et͡sk,1
orʲsʲ,1
rʲsʲa,1
koɕː,10
ɕːun,10
ɕːus,1
ʂot,2
utʲk,1
nol,1
aɡk,1
̆vsʲ,1
ium,3
tulʲ,1
–ra,1
utb,1
eʒlʲ,1
ʒlʲi,1
taʒ,1
aab,2
utʲn,1
tʲne,1
ɨlʲt͡ɕʲ,4
lʲt͡ɕʲi,4
t͡ɕʲtu,2
iep,3
auʂ,4
ɕːurʲ,1
ʒet͡s,2
anp,1
ɨlɨ,1
uaɕː,1
rɨp,1
sts,2
lʲbo,1
tdr,1
pt͡su,2
pɨʂ,1
arlʲ,6
onlʲ,2
nlʲi,2
uns,2
rpɨ,2
iee,1
„du,1
tpl,2
lt͡ɕʲb,1
t͡ɕʲba,1
„lʲe,2
odʲt,1
dʲto,1
isxʲ,1
mat͡ɕʲ,2
„bʲi,1
duz,1
oaи,1
mt͡ɕʲe,2
aɡkʲ,1
lʲar,1
zʒʒ,1
zʲab,2
̆krʲ,1
obk,1
bkr,1
xoi,2
dʲba,1
sʲal,1
alʒ,1
vsu,1
ɨklʲ,1
ʒru,1
apk,1
lt͡ɕʲo,1
vrɨ,1
„mn,2
kklʲ,7
lʲesʲ,8
„sm,1
„ɡl,1
tsdʲ,1
iup,1
ɨeʒ,1
rtʲa,4
asm,1
atʲr,1
tʲru,1
psu,1
dsa,1
isn,1
etz,1
tzv,1
at͡svʲ,1
alʲɕː,2
ɕːit͡s,2
ɡuk,2
vbʲi,1
–ot,1
obz,2
bza,2
̆ʂa,3
rt͡si,2
t͡sis,2
tlʲu,3
asz,1
elʲk,2
lʲka,2
isʲb,1
aux,1
lpt͡s,1
tzɨ,1
„t͡ɕʲe,1
at͡ɕʲd,1
t͡ɕʲdr,1
lʲakʲ,1
„ku,5
–vo,1
„oɡ,1
abbʲ,1
bbʲi,1
lʲmu,3
ksmʲ,1
ɡʂa,1
eot͡ɕʲ,1
et͡ɕʲp,1
t͡ɕʲpo,1
ɕːel,2
int͡s,1
–pr,1
itʲn,2
udt͡s,1
jep,2
„sv,1
t͡ɕʲt͡sa,1
ɡozʲ,1
bɨrʲ,1
zao,1
aos,1
azʲj,1
jarʲ,1
dʲsa,2
lʲab,1
baz,2
dzn,2
itʲt͡s,1
tʲt͡sa,1
klʒ,1
eut͡ɕʲ,1
bɨd,1
ɨdɨ,1
eʒo,1
edtʲ,1
dtʲe,1
xlɨ,1
nɨʂ,1
ɨsʲtʲ,1
fob,1
nzʲe,2
mɨi,1
eudʲ,2
„vz,1
„to,2
akʲa,1
lʲafʲ,1
bai,1
eerʲ,1
ssrʲ,1
papʲ,1
ɕːat,2
obmʲ,1
bmʲe,1
bakʲ,1
dʲizʲ,1
sɨmʲ,1
mxv,1
„vs,4
ʒmʲe,1
emɕː,1
mɕːi,1
ovɕː,1
vɕːi,1
ork,1
lɨbʲ,1
rdu,1
nɨt͡ɕʲ,1
dtv,1
ɨmd,1
mdu,2
vʲad,5
ulʲn,2
tvn,1
lbu,1
mum,1
omt͡ɕʲ,3
idt͡ɕʲ,2
bta,1
vʲex,1
ɨsʒ,1
aʒʒ,1
aemʲ,1
t͡sab,1
vʲal,1
amb,1
smr,1
xkr,1
amd,1
rzu,1
easʲ,1
inm,1
tsp,1
iun,1
ʒur,2
dutʲ,1
mʲab,1
rʲbɨ,1
onk,1
akʂ,1
rlɨ,1
„krʲ,1
̆kʲe,1
mʲakʲ,2
tdlʲ,2
vspʲ,1
itʲz,1
tʲza,1
odzʲ,1
jasʲ,1
alzʲ,1
lzʲe,2
pʲax,1
izʲtʲ,2
zʲtʲe,2
tʲno,1
oeɕː,1
„ni,1
mʲemʲ,1
ɨtʲu,1
edʲj,1
dʲja,1
„id,1
ele,1
oa–,1
erʲs,1
rʲslʲ,1
ʒulʲ,1
nopʲ,1
ɨmr,1
kodʲ,1
ivz,2
utɡ,1
bʲat͡ɕʲ,1
mɕːa,2
kaɡ,1
oue,2
zutʲ,1
ɨvsʲ,1
ɨrʲi,5
rɨi,1
ʒib,1
tzl,1
oe–,1
oea,2
ait͡s,1
olzʲ,1
bɨu,1
atʲn,1
tʲni,1
outʲ,1
bʲan,1
amzʲ,1
mzʲe,1
̆ɡdʲ,1
oɡm,1
ɡmo,1
lʲɕːe,2
dvsʲ,1
pul,1
tub,1
tʲib,1
itɡ,5
utdʲ,1
fnɨ,1
npu,1
rɨɕː,1
ɨkʂ,1
kʂu,1
apt,1
vzl,1
sʲaʒ,1
sʲpr,1
sɡn,1
tʲio,1
„ʒi,8
otʲs,1
uʒɡ,1
uiɕː,1
bt͡sɨ,1
„ub,1
vuʂ,1
otʒ,1
tʒi,1
ka–,1
ɨsr,2
„zdʲ,1
iui,1
fʲetʲ,2
ɨeo,1
mʲap,1
bt͡so,1
ixe,1
xet,1
lɨn,2
obt,1
iat͡s,2
int,1
bɨɡ,1
oup,3
suu,1
epʲu,2
anʲp,1
nʲpo,1
̆vʲi,2
ɨot,1
ot͡ɕʲv,1
t͡ɕʲva,1
jan,1
„mʲe,1
et͡ɕʲt͡ɕʲ,1
t͡ɕʲt͡ɕʲt,1
tʲun,1
onʲv,1
it͡ɕʲsʲ,1
suɡ,2
zʒɡ,1
̆vs,1
ɨsmʲ,1
„ma,1
osʲvʲ,1
sʲvʲe,1
olxʲ,1
odʲt͡ɕʲ,1
dʲt͡ɕʲt,1
„uv,5
„brʲ,4
nɨp,1
ɨpʲu,1
„smʲ,1
asfʲ,1
fʲitʲ,1
–et,1
otʲtʲ,1
rʲva,1
nexʲ,3
lpʲi,1
tvl,1
xɡr,1
ʒui,1
iivʲ,1
tslʲ,1
jao,1
upt͡ɕʲ,5
nirʲ,10
t͡ɕʲai,1
dʲop,1
aoz,1
uio,1
xvsʲ,1
lbt͡s,1
bt͡sa,1
ʒit͡ɕʲ,1
iik,1
ɡux,1
bopʲ,1
jux,1
rʲap,2
apkʲ,1
sʲexʲ,1
eʒt͡ɕʲ,1
t͡ɕʲip,1
olʲm,1
lʲmn,1
exz,1
xzl,1
ʂit͡ɕʲ,1
anb,1
aɡd,2
nofʲ,2
vzr,1
akvʲ,1
kvʲi,1
rʲirʲ,1
mt͡ɕʲi,1
tʲe„,1
e„s,1
ovʲsʲ,1
„fa,1
rsrʲ,1
ʒʒa,1
mupʲ,1
tdʲi,1
tma,1
kʲit͡ɕʲ,1
it͡ɕʲlʲ,1
t͡ɕʲlʲi,1
t͡ɕʲemʲ,1
xʒe,1
at͡ɕʲrʲ,1
̆am,1
esʲv,1
zst,1
„uʒ,1
̆sdʲ,1
oodʲ,1
„va,1
ɨmk,1
ibʂ,1
otzʲ,1
tzʲe,1
rpo,1
pt͡ɕʲi,1
ksn,1
eldʲ,1
isʲs,1
sʲsk,1
ɨrʲp,1
rʲpr,1
nt͡ɕʲo,1
t͡ɕʲou,1
tʲbɨ,1
ɡul,1
ixvʲ,1
t͡ɕʲiʂ,1
ilʲmʲ,1
lʲmʲe,1
