pɾi,729
ɾin,319
ins,736
nsi,2296
sip,272
ipj,29
pjo,179
kɾe,343
ɾeo,104
eó,221
djo,3849
jos,3506
los,14066
sie,2672
iel,414
elo,872
tje,3644
jer,2411
era,2960
est,9604
sta,6194
tab,1803
aba,3657
sin,1133
oɾd,982
ɾde,581
den,829
bak,174
aki,1370
kí,1874
ía,7683
́a.,96
abi,4627
bí,2412
tin,354
inj,187
nje,288
jeb,114
ebl,1738
bla,862
las,5069
sob,2258
obɾ,2688
bɾe,5622
fas,55
del,5830
oke,173
ké,937
éa,42
́an,1003
ano,2632
no,,532
esp,3200
spi,398
pí,504
íɾ,367
́ɾi,234
ɾit,650
itu,517
mob,53
obi,272
aɡw,601
ɡwa,1276
was,348
ent,9589
nto,5369
ton,2056
ons,3218
nse,2809
ses,3293
dix,1942
ixo,1615
os:,227
"se,16
sea,825
lus,302
us",1
s",,23
fwe,2523
bjo,540
eɾa,5856
bwe,1719
wen,718
ena,762
na,,260
sep,399
epa,311
paɾ,6488
aɾo,2830
ɾó,1456
ʝam,486
amo,1111
mó,1126
dí,2147
́a,,343
not͡ʃ,335
ot͡ʃe,342
t͡ʃe.,24
taɾ,2770
aɾd,852
man,4060
añ,1816
ña,1073
̃an,228
ana,1561
ɾim,605
ime,593
meɾ,1033
"ai,7
aia,531
una,1767
bó,272
ób,140
́be,202
bed,234
eda,1157
med,859
edj,760
as,,2250
aɾa,9881
aɾe,2898
as.,595
ʝso,753
da,,558
tá,1610
án,4157
deb,521
eba,1873
bax,576
axo,477
da.,204
asi,4476
sí,1724
os.,1056
seɡ,754
eɡw,544
ɡwn,821
wnd,149
ndo,4347
"ɾe,16
ɾeu,382
eú,119
ún,753
́na,23
nan,399
ans,1090
sol,601
olo,835
luɡ,779
uɡa,798
ɡaɾ,1459
aɾ,,431
mod,149
odo,3861
apa,731
ɾes,7063
esk,2052
ska,848
aɾt,1341
ɾte,1424
sek,408
eka,750
ka.,42
a.",28
ra,,398
eun,356
uni,386
nio,238
ió,5975
ón,5787
maɾ,1759
es;,204
sto,2398
eno,632
des,5642
spu,718
pue,659
ué,982
és,2268
"pɾ,11
pɾo,2047
ɾod,264
odu,119
dus,115
usk,269
ʝeɾ,91
eɾb,1583
ɾba,393
ba,,1624
pla,807
lan,1720
ant,4883
nta,2727
tas,1942
sem,355
emi,735
miʝ,148
iʝa,396
áɾ,313
́ɾb,175
ɾbo,758
bol,935
ole,314
les,2565
fɾu,182
ɾut,195
uta,142
tal,754
ale,2219
uto,326
to,,1109
eɡu,399
ɡú,559
spe,679
pes,430
esi,2377
ie,,17
kui,200
uia,192
ste,2802
té,326
él,2350
́l,,362
ra.,157
dux,39
uxo,65
dan,474
ie.,8
teɾ,1272
eɾs,1000
ɾse,558
seɾ,5944
lum,188
umb,176
mbɾ,3309
ɾeɾ,41
ɾas,4018
dis,2061
ist,1467
sti,1485
inɡ,310
nɡi,38
ɡiɾ,76
t͡ʃe,,56
ɾbi,624
biɾ,579
sen,3251
eñ,1331
̃al,117
es,,2082
sio,4685
ion,854
one,1499
nes,2478
́as,2284
ño,2302
̃os,772
siɾ,838
iɾb,143
ban,2376
alu,95
ɾen,1390
esd,685
sde,653
lo.,167
o.",32
dos,4481
ɡɾa,1567
ɾan,2219
and,3829
nde,1989
as:,135
mai,167
aio,150
ioɾ,79
dom,251
omi,451
min,1327
ina,1653
naɾ,656
men,2082
noɾ,251
tam,1728
amb,1402
mbi,1059
bie,1082
ié,1616
én,2533
stɾ,3818
tɾe,1849
ɾeʝ,34
eʝa,1442
ʝas,440
pus,499
uso,339
bɾa,2691
ɾaɾ,1333
kwa,2948
waɾ,907
ɾto,853
kan,994
inn,10
nnu,10
num,86
ume,209
ɾab,689
abl,1328
ble,667
eɾe,2196
bib,585
ibj,165
bje,1750
jen,3903
nte,6547
tes,2452
abe,1798
bes,1336
wel,663
ele,660
len,469
ani,616
nim,285
ima,607
mal,1251
aku,191
kua,172
uá,178
át,84
́ti,81
tik,208
iko,734
kos,1096
os,,3513
tod,4931
spl,197
asa,2968
san,1264
uxe,836
xeɾ,2420
eɾo,6767
ɾon,5654
on,,204
oda,1610
ala,1822
lad,938
ada,3518
ben,2066
end,4613
ndi,1713
isi,2697
ien,1515
do:,641
sed,892
fek,160
eku,147
kun,125
und,442
mul,263
ult,556
lti,286
tip,103
ipl,121
pli,259
lik,236
ika,1053
kao,44
aos,171
ʝen,264
nad,1193
lí,455
ík,73
́ke,5
ken,163
ens,2196
kin,110
int,562
ie:,1
ɡan,584
ado,7560
do,,920
ɾep,522
ept,117
pti,120
til,94
ile,273
e.",13
"aɡ,1
aɡa,517
ɡam,67
mos,1536
omb,3050
nwe,932
wes,3295
tɾa,5116
max,223
axe,401
xen,895
en,,331
kon,10217
onf,647
nfo,439
foɾ,833
oɾm,619
ɾme,669
eme,567
mex,233
exa,797
xan,185
nsa,1284
sa,,454
ten,2219
enɡ,674
nɡa,508
njo,199
ese,2936
lo,,566
ó,,333
pwe,3418
en;,44
ó;,58
mux,798
xo:,773
ra;,46
sox,11
oxu,3
xus,692
usɡ,116
sɡa,130
ɡad,540
adl,88
dla,30
ene,1724
ned,59
ade,1115
dem,364
ema,771
má,1382
ás,3066
́s:,143
dad,3698
sup,124
upe,106
peɾ,3621
eɾf,95
ɾfi,52
fis,578
uio,286
ʝeb,551
ʝa;,40
eʝo,2180
ʝos,2150
iɾa,1952
ɾá,8951
ali,701
lim,241
bid,2375
ida,2034
to.,271
et͡ʃo,948
t͡ʃo,,97
mui,162
no.,164
eks,1296
kst,723
weɾ,2605
eɾm,1211
ɾmi,258
sus,4767
oku,165
kup,61
upa,48
pan,474
sé,1482
ép,117
́pt,106
tim,394
imo,779
so,,225
epo,174
pos,984
oso,2049
só,1509
poɾ,6860
eso,832
nti,811
tif,170
ifi,1154
fik,704
kó,639
oɾk,2312
ɾke,2355
ɾea,319
eas,321
És,451
́st,963
tos,2274
son,1014
oɾi,391
ɾí,1247
íx,15
́xe,46
wan,1742
ead,112
xeo,6355
eob,6344
oba,6497
aú,583
nin,429
nɡu,103
aɾb,103
ɾbu,9
bus,464
ust,960
kam,1734
amp,951
mpo,943
po,,96
nɡw,409
wna,177
ʝob,14
obe,817
beɾ,2479
kul,581
tib,376
iba,666
baɾ,1052
aɾl,329
ɾla,213
sub,525
ubi,514
bap,5
apo,117
ɾeɡ,1137
eɡa,903
ɡab,174
ɾmo,192
pol,112
olb,862
lbo,158
sop,77
opl,35
plo,317
ló,565
aɾi,594
ɾis,272
alj,334
lje,344
ʝeɡ,480
eɡo,1304
ɡó,346
tó,1068
xaɾ,500
ɾdi,108
ín,664
ede,1062
dé,252
́n,,1829
oɾj,642
ɾje,365
te,,673
aʝi,631
ʝí,632
ɾma,1093
mad,1005
bɾo,591
ɾot,161
ota,287
kla,852
ase,3168
atɾ,423
ɾak,149
akt,438
kti,144
ibo,371
bos,1812
bis,679
nos,3274
kom,4283
ome,993
eɾ;,44
ono,777
osi,534
sim,821
imj,289
mje,955
ío,1031
sal,2302
dib,161
ibi,527
idi,165
wat,121
tɾo,4189
aso,1457
sos,549
nom,770
pis,150
iso,263
́n.,486
ode,502
dea,192
eab,51
bil,488
ila,286
la,,165
don,740
ond,1751
oɾo,753
ake,928
keʝ,263
ám,155
́mb,19
mba,308
́ni,251
nis,156
ise,1772
ɡix,12
xó,299
etj,70
tjo,67
jop,21
opi,61
tiɡ,537
iɡɾ,12
ɡɾi,308
is,,143
kor,297
ore,457
iɾj,325
ɾja,934
ja.,108
Éu,19
́uf,19
ufɾ,53
fɾa,245
ɾat,243
ate,807
tom,1133
omo,3308
bas,790
ɾda,949
das,1999
dó,528
"pw,7
wed,242
́s,,389
oma,962
mas,572
ieɾ,1033
eɾt,2256
ɾta,1554
ame,1380
moɾ,881
ɾiɾ,427
́s.,102
"no,176
lo;,62
ɾé,3339
aiu,138
iud,1221
uda,2098
ido,3219
́ne,47
nea,100
ea.,20
ɾax,163
óm,208
́mo,221
ama,1714
́se,108
po.,43
dá,1101
aʝo,177
ʝó,79
kai,314
aie,85
swe,298
ɾof,572
ofu,51
fun,219
do;,181
ntɾ,3754
doɾ,1241
mí,1706
ost,857
tiʝ,29
ser,122
ero,377
ró,19
kaɾ,1792
aɾn,435
ɾne,455
ɾe,,622
ɾe:,34
"ao,26
aoɾ,420
oɾa,2028
ɾa,,611
mis,1888
ne.,17
eɾ,,371
ɾe.,199
tan,1393
dex,437
pad,1528
adɾ,1336
dɾe,1557
niɾ,133
ola,371
mbo,123
esn,90
snu,88
nud,92
udo,146
eɾɡ,177
ɾɡo,396
ɡon,115
sab,977
eɾp,242
ɾpj,43
pje,950
ast,2049
stu,146
tut,158
eɾ:,39
--¿,415
-¿d,30
¿de,52
dit͡ʃ,690
it͡ʃo,691
t͡ʃo:,78
ái,450
́is,1898
́n",8
spo,947
pon,1417
dio,1071
te:,42
--p,121
-po,66
pod,697
emo,1060
tok,192
éi,1451
muɾ,406
uɾa,1312
is.,58
--s,166
-si,96
iɾe,593
ɾos,3890
oxo,767
xos,3923
abj,408
jeɾ,2949
kod,342
odi,167
sia,2388
iab,40
alk,312
lka,131
saɾ,1251
idu,307
duɾ,754
uɾi,550
mio,64
ó.,130
ɾid,347
ʝa,,192
dje,965
kwe,688
osj,12
sje,1827
oxa,218
xas,612
ʝɡe,16
ɡeɾ,26
ʝsi,318
ñi,85
̃id,34
oɾe,913
oie,94
pas,1310
fɾe,1182
sko,518
ndj,335
pɾe,2188
wnt,294
ó:,447
¿do,60
́nd,462
tú,1173
Él,583
--o,42
-oi,12
oí,444
tub,335
ube,371
jed,377
edo,788
do.,383
-¿k,151
¿ki,251
kie,370
do?,53
¿ak,165
aka,1191
kas,2559
mid,303
omj,90
jes,718
--l,65
-la,34
omp,606
mpa,700
ñe,120
̃eɾ,62
ol,,61
-¿p,77
¿po,291
to?,48
̃ó,24
sis,385
ald,676
ldi,152
dit,192
ita,2111
mé,134
ara,116
ras,143
ndɾ,886
nem,376
tad,1539
ess,484
sse,505
ia;,38
eɾi,826
kab,1036
esa,1520
alo,892
--a,198
-au,9
aum,44
mut͡ʃ,442
ut͡ʃo,277
suf,59
fɾi,31
emb,358
so;,39
dol,349
loɾ,587
daɾ,1207
ʝxo,4523
seo,260
̃oɾ,747
eaɾ,156
́l",3
l",,7
kau,967
aus,754
usa,1237
sa.,147
pin,88
ino,1954
ɾdo,1114
usi,255
á,,439
sud,3
elb,148
lba,328
fwi,98
wis,198
lbe,469
lwe,471
weɡ,875
tid,593
jel,388
tio,211
--e,284
uno,679
sot,1403
otɾ,2044
al.,145
stj,203
nda,1906
jem,736
emp,1064
mpɾ,470
aro,384
rox,102
lab,1681
abɾ,1898
ksp,244
pul,268
uls,61
lso,52
keɾ,167
eɾu,701
ɾub,188
bin,838
ine,416
spa,648
ink,284
nka,296
diɾ,494
ɾek,753
ksi,449
ami,1303
wal,961
sib,283
bio,622
aí,925
"¡e,23
adk,49
dki,33
kiɾ,111
iɾi,171
ba!,65
bel,399
el.,241
toɾ,697
bex,379
ɾad,1567
ako,898
ont,3333
xo,,187
ofɾ,800
exo,495
xoɾ,408
miɾ,404
iɾo,173
aɡɾ,375
enf,134
nfu,59
fuɾ,162
uɾe,175
dek,467
mbl,156
́n:,234
sid,1358
íd,618
́do,505
¿no,245
nal,189
alt,1028
lte,143
pek,797
kad,1713
edu,49
á;,91
ebe,672
blo,1999
use,514
edi,958
xun,589
unt,769
leb,1216
mat,583
ato,459
el?,30
--n,148
-no,136
é.,100
¿so,8
soi,382
¿ke,239
t͡ʃo?,20
anɡ,492
nɡɾ,597
ɡɾe,801
lam,542
ito,1307
ú,,233
lex,220
bɾi,459
ɾio,319
bok,516
oka,1027
xes,338
ɾsa,325
ran,87
fux,109
uxi,145
xit,91
iti,81
ba:,307
--¡,373
-¡ɡ,7
¡ɡɾ,10
iɡo,1061
opo,121
oɾt,737
et͡ʃa,528
t͡ʃas,243
deɾ,1776
ia.,65
lkj,167
kje,990
aʝe,300
ata,1410
í.,136
iɡa,502
jet,318
ete,943
es.,495
aʝa,647
ɾti,517
ela,1453
bit,1158
nod,10
od,,32
nok,45
ok.,3
dif,420
siu,1123
nas,1656
ad.,153
enx,380
nxe,425
dɾo,298
exu,15
xui,2
iae,2
ael,2563
met,322
etu,59
tus,1397
sae,51
mek,16
da;,111
sil,334
xab,112
bal,582
al,,249
kɾi,808
xub,76
uba,93
aɾp,52
ɾpa,47
fla,31
lau,18
aut,233
al-,40
l-k,3
-ka,8
mae,72
aes,16
axa,305
ʝer,72
ro.,10
naa,132
aam,270
es:,171
"ad,5
ek,,45
sku,753
kut͡ʃ,470
ut͡ʃa,567
t͡ʃad,181
ʝɾi,57
t͡ʃat͡ʃ,57
at͡ʃo,177
ɡol,102
olp,88
lpe,92
peo,43
set,123
web,1893
ebo,470
et,,46
"po,119
tit,346
itw,112
twi,62
wid,314
el,,921
nó,404
ós,74
nso,466
inb,169
nbo,128
lib,683
ibɾ,465
xo.,45
eni,952
ní,721
130,17
dɾa,1061
800,7
00,,22
ʝxa,474
930,2
30,,2
105,1
807,1
912,1
12,,1
ain,30
ná,472
815,1
905,1
05,,1
maa,91
aal,177
lal,29
lee,38
eel,109
840,1
910,1
10,,1
ɾed,892
830,1
895,1
95,,1
162,1
962,1
62,,1
atu,165
lé,734
300,32
365,2
sap,33
siɡ,349
187,1
782,1
969,1
69,,1
182,1
noe,70
oé,48
"É,67
bja,538
jaɾ,247
pen,328
osa,1260
abo,897
boɾ,595
595,1
777,1
77,,1
500,45
em,,42
xaf,20
afe,41
fet,409
aɾs,299
beʝ,101
kox,233
oxi,158
xie,56
ne,,52
120,15
xiɡ,4
aun,298
unj,48
éɾ,675
́ɾo,5
ɾoe,36
oes,47
iɡü,20
ɡüe,97
üed,15
lda,257
sam,550
amj,283
koɾ,1699
inw,115
nwo,47
ól,206
́lo,198
oli,198
lio,187
"ar,1
eɾl,151
ɾlo,266
t͡ʃo.,57
ʝst,6
é:,69
neɾ,939
́n;,226
nab,311
oro,90
rom,23
mpi,327
pid,139
os;,477
jol,79
did,545
fin,410
ulp,147
lpa,162
tɾw,379
ɾwi,383
wiɾ,273
aɾk,374
ɾka,703
oni,219
íf,22
́fe,24
feɾ,186
ɾo.,116
ka,,149
kú,20
úb,50
́bɾ,36
ɾel,65
asl,44
sla,39
ane,764
ɾa:,29
laɾ,693
aɾɡ,550
ɡo,,313
ant͡ʃ,193
nt͡ʃo,123
lto,409
sle,21
boi,45
oia,111
lta,876
ta.,108
nst,265
tɾu,337
ɾui,156
uie,135
eɾj,272
ɾjo,967
joɾ,173
í,,732
ɾae,2648
aeɾ,335
dil,138
ilu,39
lub,17
ubj,376
pak,246
kto,742
ɡo.,113
ɾeb,612
ebi,651
mat͡ʃ,103
ie;,3
alm,587
lma,354
mak,68
"en,84
fam,179
mil,248
ilj,259
lja,273
ja,,393
imp,623
mpj,119
ɾex,229
ɾa;,81
xa,,52
t͡ʃes,98
600,38
é,,299
mes,639
wbo,95
ʝub,70
ism,621
smo,482
pá,83
áx,65
́xa,67
ɾo,,501
piɾ,92
uɾo,605
nkɾ,10
ɾem,758
flo,77
lot,78
mon,827
̃as,197
kub,449
fje,204
sad,739
te.,194
ked,608
150,7
smi,20
inu,47
nui,4
rad,84
det,254
ubo,197
ekɾ,172
eki,507
adw,16
dwa,16
lme,96
wad,109
iɡi,172
ɡie,201
́si,304
mo.,42
ibl,131
kum,260
enb,572
nbi,358
pal,1238
lom,369
nwi,14
lbi,322
dab,1350
ubɾ,293
nbj,246
ɾai,477
eɾd,1221
pik,12
ko.,38
ma,,182
601,2
kit,255
"sa,25
sak,925
ɡo:,18
ean,206
ike,262
jas,309
dɾu,16
ɾú,19
úp,20
́pe,6
ped,209
pja,258
lok,411
ɾsi,840
oɾ,,652
xam,294
lde,296
ntu,148
tud,218
ud.,19
pok,203
oko,361
jeɡ,67
ɡa,,65
kal,351
eɾn,861
ɾno,251
tem,858
aɾ.,140
ibe,281
doi,31
iɾ,,166
ɾop,464
opj,260
der,353
ram,163
ɾe;,98
epɾ,141
duk,76
uki,13
́os,352
ʝa.,76
jo,,211
onɡ,335
nɡo,156
ɾko,168
nub,144
aɡo,148
se,,121
aɾm,228
ɾpe,88
pet,182
etw,100
two,59
on:,339
et.,7
aá,89
tiɾ,515
pob,148
obl,128
iñ,334
beb,276
ebj,46
bɾj,70
jaɡ,21
am,,245
ude,127
usj,143
elt,128
aɡe,14
ɡes,37
"ma,24
"be,47
ite,397
bo.,36
350,1
950,1
50,,7
ɡom,29
maɡ,35
ɡoɡ,17
oɡ,,25
dai,50
ai,,156
bá,274
ask,166
ske,80
ɾif,574
ifa,27
fat,136
toɡ,4
oɡa,72
eli,573
lis,625
isa,746
ter,271
eri,187
rit,123
idj,52
jom,15
kus,32
us,,58
isɾ,2425
sɾa,2431
aim,77
im,,110
fut,17
seb,261
abt,4
bta,2
ta,,353
ɾaa,185
bte,10
tek,50
ded,470
imɾ,41
mɾo,10
biɡ,73
ɡoɾ,67
iɾ:,39
"ko,36
ba.,366
ɾei,3138
ein,645
bab,387
aln,3
lne,3
nib,11
be,,86
xob,179
obo,261
bot,195
ot,,82
ká,278
ál,106
́la,27
lax,26
ax.,5
lud,24
deo,130
eos,672
nam,67
meo,61
lea,219
naf,9
aft,7
ftu,2
tux,2
pat,216
ɾus,729
slu,4
lux,42
(de,10
fil,350
ili,448
teo,407
os),13
kaf,9
fto,7
moɡ,106
oɡe,111
ɡé,108
nit,287
xeb,69
ebu,73
eo,,101
mor,105
reo,93
eɾx,35
ɾxe,72
beo,76
keo,72
neo,91
bad,635
eo.,16
isp,207
fɾo,145
ɡas,594
aɾ;,34
ɡwi,50
wí,63
sod,40
ora,81
adm,96
dma,7
ím,87
́m,,6
nwa,79
wab,28
asu,196
suɾ,327
uɾ,,66
aɾf,27
ɾfa,57
fak,22
aks,101
ksa,112
ad,,566
ɾam,600
wl,,2
xet,275
ax,,49
pel,83
leɡ,274
eɡ,,6
xok,21
okt,48
kta,140
lmo,145
sel,410
lef,4
ef,,4
aɾ-,25
ɾ-m,6
-ma,23
áb,210
bet,262
xé,456
́ɾa,96
dik,92
ikl,157
bim,109
ofi,100
fiɾ,176
ab.,27
́ɾe,44
inm,109
nme,27
dja,587
sef,58
efa,106
faɾ,330
exi,925
xio,305
ose,1321
sma,208
miɡ,556
enk,351
nko,260
ʝan,94
anu,124
nuɾ,43
ixe,478
nid,500
id,,240
dob,62
kem,334
ém,42
osl,23
slo,60
mpe,182
dɾi,76
ɾiʝ,75
iʝo,241
edɾ,388
tor,78
ús,112
́sp,7
ide,383
eɡe,84
ɡá,88
ma.,50
nen,227
bam,97
dam,349
wax,9
xe,,28
adj,195
ntj,130
ɾso,273
it͡ʃa,12
em:,2
100,68
403,2
430,3
209,1
ɾuɡ,17
207,1
nak,68
200,37
119,1
ai;,6
ilk,13
isk,75
ɾil,32
eto,355
205,1
am:,24
tel,175
diɡ,244
an,,223
we,,23
́l.,102
umu,36
ula,146
ona,744
ɾtj,91
sik,324
em.,10
ɾix,124
ixi,228
ɾoɡ,20
oɡɾ,31
né,114
éɡ,74
́ɡe,53
ɡeb,44
xip,677
ipt,563
pto,609
eko,395
osk,241
ips,121
psi,134
ios,503
an:,62
'es,27
eɾ',1
ɾ',,1
ɾbe,172
di,,8
fab,288
bai,210
ti.,86
ini,254
ɾao,290
aó,327
obt,14
btu,4
asn,143
sno,112
sna,40
meʝ,59
afl,146
fli,139
lix,139
laɡ,84
"¿p,22
ekl,134
xis,180
na',1
a',,14
nie,17
eɾ?,16
eɾ.,105
́ma,92
óɾ,67
́ɾd,93
ekt,443
am.,32
eb,,36
́a;,31
ɾik,496
lat,382
jax,25
esj,312
sjo,309
jon,340
uɾx,14
ɾxi,27
ot.,20
kel,473
ot:,3
io,,283
som,184
aɾj,596
ra?,19
skj,49
ɾet͡ʃ,280
t͡ʃa;,11
t͡ʃa,,65
als,228
adi,231
́o,,203
soa,11
oaɾ,9
́l:,45
"al,29
lsa,218
ia,,183
alɡ,499
lɡi,74
odɾ,255
́nt,254
tat,263
mam,76
amɾ,29
mɾe,10
ebɾ,362
mɾa,26
ɾaf,16
fel,63
jok,2
lao,6
aom,5
dal,108
ɡoi,6
ɡer,246
iɾs,40
meb,2
baʝ,269
dim,185
eie,409
ies,470
rot,105
ɾef,214
fai,26
ít,48
́ta,55
ot-,24
t-k,2
ɾna,758
nai,133
sit,691
mit,280
be-,1
e-k,1
-ki,12
jat,106
tai,51
sei,323
eí,106
́ɾ,,24
el-,20
l-p,5
-pa,19
eɡɾ,471
en-,71
n-m,3
-mi,36
at,,129
lek,203
́n-,29
n-t,3
-ta,15
bat,415
taʝ,196
aɾ:,18
wie,69
ɡos,640
(po,12
ma),1
a),,5
kap,226
kol,355
jad,406
oio,178
uti,223
bo,,141
klu,27
lut,28
318,1
kɾj,106
ɡio,45
tak,94
oto,165
kob,365
nkw,164
bé,456
mel,173
elk,27
lki,65
kis,207
lem,115
sas,2042
dot,751
ote,877
tí,323
ís,395
mo,,264
s.",53
esm,88
--d,79
-da,20
ma:,8
ʝlo,8
rea,16
tui,118
"io,72
enɾ,32
nɾi,17
kek,1
kss,43
onm,163
nmi,140
kud,157
ɡal,238
aɾ?,25
nú,111
úo,7
elj,130
-an,20
̃ad,173
am-,4
m--,2
--:,63
de,,71
lɡa,175
--m,49
--i,129
ó-,24
́--,26
eio,26
tis,568
-io,63
¿ko,80
see,55
eeɾ,108
--t,117
-tɾ,13
áe,16
́em,12
kiʝ,16
́ɾt,74
tol,25
pit͡ʃ,11
t͡ʃó,93
ɾa.,153
bwi,20
wit,7
itɾ,20
ɾpo,99
mwe,733
awi,7
roɾ,129
kuɾ,182
-te,11
anx,134
sui,78
skl,170
opɾ,123
imi,314
400,38
ldɾ,89
kes,177
epu,226
exe,730
olm,18
oɾn,206
wme,19
mea,23
oɾt͡ʃ,6
ɾt͡ʃa,51
ɾdj,397
roi,77
dmo,3
mab,109
iɾ.,27
Ún,5
net,174
ba;,145
sá,314
spɾ,149
aiɡ,99
no;,82
io.,49
sɡe,12
ai:,8
en.,77
liɡ,55
ɡí,50
wio,40
́nx,90
xel,106
tja,195
jal,131
(el,14
ʃuɾ,6
uɾ),1
-aɡ,3
as?,68
--w,1
-wi,1
--b,109
-bw,9
ét,14
́te,16
tet,24
-le,26
ba-,10
a--,18
úm,86
́me,102
iks,70
-tu,44
be.,16
"¿a,40
be?,3
bee,84
eɾ-,6
ɾ-l,4
xai,24
ai-,3
i-ɾ,3
-ɾo,8
ɾoi,7
dop,49
ɾfe,23
ump,194
mpl,567
liɾ,138
am;,14
twa,356
wa,,67
ti,,258
-pe,34
ti:,5
iɾk,76
ɾku,83
uns,244
ot͡ʃo,25
pɾa,179
din,137
bor,166
é;,58
xo?,10
us?,5
-¡o,25
¡ox,10
xal,41
lá,177
saa,133
aak,150
ak.,11
nfi,164
iɾm,153
́ns,47
ipe,42
ak,,44
ók,19
́ks,25
ple,229
ori,54
rio,30
iɾl,108
-se,71
ʝad,205
eɡi,130
is;,24
eɾk,519
í;,66
-to,41
áp,19
́pi,28
́sa,63
let͡ʃ,138
et͡ʃe,73
-ad,42
t͡ʃab,12
etɾ,164
ian,277
eɡl,40
ɡla,29
"de,79
nbe,192
¿te,19
oɾ?,15
íe,38
"¿ɾ,1
¿ɾe,1
eal,159
jex,26
xa?,4
lɡw,212
fí,118
il?,3
neɡ,46
-¿e,25
nku,96
xid,282
xo-,3
o--,18
nsu,217
sum,193
uma,69
pab,87
ad;,78
¿la,5
sa:,13
le,,63
le.,20
¡le,45
ti!,11
xwe,60
fal,185
ad?,23
ɾle,175
--k,70
a..,5
...,15
nox,71
oxe,110
lo:,52
bei,81
e..,1
s..,6
bo;,37
bao,52
kaʝ,100
t͡ʃo;,17
ank,204
nke,237
ket,46
te;,89
adu,179
t͡ʃe?,2
ák,318
́ka,49
-¡p,17
¡po,46
ka;,29
tet͡ʃ,3
-¡k,27
¡ki,24
í!,26
on-,7
n--,13
xiɾ,84
es?,60
oɾs,189
sex,161
xea,29
ɾom,261
raɾ,50
ʝɾj,28
ati,252
ʝaɾ,234
-¿t,10
¿tj,4
́s?,10
as;,283
-¡l,16
tao,60
lid,307
ad!,27
iaɾ,163
alb,285
apɾ,175
emj,29
mja,60
jab,44
le:,39
-¡e,39
¡es,37
da!,25
̃a,,40
ʝá,97
eke,151
̃a.,14
ape,92
sun,103
dat,181
á.,171
ias,367
onb,232
iɾt,62
olu,151
umn,98
mna,114
wmo,26
ɾuk,169
uks,112
oɾ:,26
-nw,3
tum,63
bem,31
kue,60
moa,204
oab,344
ab,,180
n-a,43
-am,15
eb.,8
pó,128
"eʝ,7
na.,67
na",4
a",,18
no",6
o"?,3
teɡ,84
ebw,20
ofe,484
eta,772
ire,45
rem,63
¿en,14
fen,53
de?,4
-di,26
ɡwɾ,91
wɾa,67
ʝa:,9
ɡem,3
í:,67
'É,10
o.',25
ek:,7
1.0,42
.00,276
000,275
tot,60
ind,112
let,126
tɾi,633
eti,382
-dj,5
oiɡ,32
eiɾ,8
wbj,60
os?,123
buɾ,65
uɾl,62
-et͡ʃ,1
eok,23
ut͡ʃi,40
t͡ʃí,31
efe,576
nfɾ,30
xá,27
ko,,84
ʝoɾ,113
wa.,33
xef,471
́ɾs,483
xú,53
úɾ,56
̃aɾ,56
bon,61
xuɾ,254
kex,17
ek;,6
jan,142
iɡn,165
ɡni,25
nif,48
onj,418
ɾob,559
-ab,27
-em,24
nik,296
-es,88
t͡ʃiʝ,11
ʝo,,78
́o.,26
o..,4
are,128
reɡ,10
ɡlo,265
deɡ,75
ɡoʝ,64
oʝa,109
-¡a,51
¡ab,7
am!,3
ɾew,40
ews,25
wsa,50
ral,6
a-i,1
-ii,1
iiɾ,1
oi:,2
inf,184
emw,14
ed,,53
pil,83
ild,29
idl,30
laf,2
twe,14
(be,3
bek,45
a.),1
.)",1
onk,75
éb,47
́ba,215
ɡax,10
tax,47
127,4
at-,71
t-a,42
-aɾ,30
dwe,102
ifu,25
adb,121
dbe,112
idm,7
dme,85
ltu,60
tuɾ,348
út͡ʃ,14
́t͡ʃa,17
t͡ʃan,40
ɾo:,28
ulk,61
lkɾ,60
kɾo,136
wno,220
nkl,99
kli,83
lin,314
efɾ,199
akp,6
kpe,6
t͡ʃam,13
me:,7
oi;,5
ɾwe,198
ut͡ʃe,53
klo,141
io?,15
lei,323
dmi,39
́a:,51
mus,47
usl,31
--ɡ,3
-ɡw,2
wá,16
ra",4
iad,202
oɾ.,127
pot,23
́mi,53
mik,125
rod,8
diʝ,54
kur,32
ura,8
lɡo,90
toi,115
ea,,62
ɡa:,17
ba",2
da:,13
os",23
s";,4
sa;,66
iɾx,39
-be,81
esu,198
obs,100
bse,69
ék,32
kio,1
me,,127
¿ab,26
lox,31
pax,47
for,8
rax,8
-¡b,54
¡be,83
afw,27
"as,83
ɾe",5
e",,6
ɾa?,14
xe.,9
"ki,5
"xe,58
to;,115
unk,309
ɡwe,44
wé,84
xe:,58
'po,31
ɾo',1
'be,5
os',9
s',,9
"¿d,20
a?",2
"so,14
ais,99
ád,6
́dm,24
-¡d,15
¡de,58
to!,30
ti;,40
obx,99
bxe,99
ekj,44
kjo,15
-ke,26
ikj,13
xad,219
--ʝ,21
-ʝa,7
mem,102
-¿i,11
¿iɾ,11
ɾe?,37
bo:,7
"¿k,55
s?",19
?",,10
ɾ.",3
oks,70
dia,46
iá,93
isb,32
sba,50
sú,75
úa,94
́ax,42
leu,3
eum,1
umi,140
fa,,24
ok,,43
eld,84
daa,2
aa.,7
bia,4
175,1
faʝ,54
ʝes,123
neb,36
iot,18
mib,35
ibs,10
bsa,141
dum,21
afi,93
pam,186
fes,319
137,3
37,,1
uɾ.,14
an-,13
oɡo,7
il.,10
kse,28
mpu,180
pux,15
uxa,23
¿pa,44
iɾ?,16
sul,182
-do,5
eʝi,21
ʝis,27
ɾox,71
eʝu,5
ʝud,5
sau,512
xak,352
ob.,30
ob,,100
nki,58
kil,74
ilo,473
ɡis,11
ob:,19
mox,19
iɾ;,16
-¡x,15
¡xu,7
ɾa!,22
tex,50
we.,4
osp,107
pai,129
ssi,106
ʝse,73
"es,57
eɾ",2
ɾ",,4
t͡ʃos,372
eɾ!,10
a"?,2
pud,81
udj,56
-el,40
nuo,12
uó,15
abu,237
bun,112
ak:,14
-al,9
éx,28
xat,49
itn,3
tna,7
nt͡ʃa,83
t͡ʃaɾ,279
ksk,53
axu,13
sat,145
res,180
-kl,1
xim,171
emn,26
mne,20
̃o,,111
not,67
oti,170
¡em,1
xud,848
udi,132
ɾɡw,50
lit,138
-ʝx,7
kip,17
ipo,18
alx,9
lxa,12
asm,41
sme,51
ɡws,141
wst,126
ú.,7
"ka,10
alp,21
me;,14
opa,172
weʝ,58
́o?,12
́ɾk,33
kat,140
lpo,3
¿eɾ,13
ú?,13
-ak,21
la;,22
ɡa.,16
pa,,82
ɾok,226
oki,63
ra:,16
ɾiɡ,75
¡io,15
-¿n,43
ob?,2
upl,13
ú:,10
́o!,32
ukt,112
ari,88
rib,153
dkj,16
iuɡ,54
uɡo,61
lɡu,56
apl,50
lak,88
ɾib,713
tea,78
oñ,23
leɾ,82
ɡo;,53
-¡s,32
¡si,28
¡ku,40
aɾ!,8
eit,245
iɡw,116
ɡwo,25
-eɾ,4
ois,817
-so,15
¿es,35
en?,10
̃o.,28
́a!,20
fiɡ,16
-me,19
éd,33
́da,65
-en,23
́ɡa,30
(la,9
ilp,7
ea!,4
¡da,15
la.,36
"dj,13
"¡ɡ,5
nfl,11
ikt,52
do!,37
o!",10
nef,59
eft,86
fta,52
"¡k,27
¡ke,69
afo,15
ɾtu,32
tun,14
a!",11
ea:,6
áɡ,63
́ɡo,6
mbj,46
¡as,33
xo!,7
uɾm,31
onɾ,79
nɾa,76
eis,246
bul,131
ulo,428
afɾ,103
"¡x,5
¡xe,40
-de,39
̃á,6
paɡ,139
¿ku,44
é?,12
kwi,75
lpi,11
ɾo;,60
utu,28
jo:,6
¡bj,19
en!,7
obu,9
́bi,69
"xa,3
"lo,45
jo",4
o",,23
lke,13
asp,70
pea,45
b.",1
"em,7
unx,100
nxi,106
-¿a,50
ndu,176
ski,62
wɾt,3
kɾu,117
laa,190
aad,130
"te,14
bɾu,22
¡me,6
me?,6
ktw,64
def,123
efi,51
lxi,4
xia,34
reb,41
ʝé,25
nsɡ,54
sɡɾ,82
́n?,40
ɡid,67
sa?,21
onl,16
nlo,34
ɡen,46
nun,275
¡to,20
--ɾ,10
-ɾe,11
xed,132
ieɡ,30
ɾ-s,10
-sa,23
dut,18
ta;,52
led,14
-bi,5
bix,49
xil,87
ltɾ,11
ekw,27
ob-,3
b--,2
akɾ,440
-¡E,9
¡É,28
os!,142
sax,144
-as,96
s.',47
lbj,81
--f,7
-fw,4
wim,13
"si,149
"bw,5
é",6
ɡno,42
fid,70
íb,148
rik,3
iki,169
-id,24
-kw,15
ti?,13
i?",1
ob;,22
is:,32
"ap,6
le;,10
pte,7
lut͡ʃ,24
kax,22
isl,23
--x,37
-xa,25
el;,52
enj,41
on.,80
ɡɾu,53
ɾup,50
upo,47
-aʝ,2
ufi,16
́o;,16
pta,63
¡ba,15
suk,25
uko,96
kot,26
l-e,4
loe,7
oei,1
ei-,7
i-i,1
-is,3
siʝ,42
upj,8
ɡna,100
xa.,11
dei,4
adn,10
dno,11
nja,293
bom,160
eá,58
́fi,16
plj,40
eam,37
kea,39
arw,36
rwi,36
win,109
odj,40
̃ab,19
puɾ,402
ɾet,356
alɾ,350
lɾe,350
l-b,7
́bo,26
n-b,2
-ba,32
kut,39
"tu,51
l.",7
so.,51
onx,31
nxu,45
iku,9
úl,471
́lt,49
usp,16
ó),1
́),,1
non,1
nxa,203
iɡd,10
ɡda,4
-ed,25
el:,142
180,4
ool,24
lif,25
ewe,17
xeu,79
́ɾ.,3
ú;,10
efo,87
fo,,4
ɡat,50
imn,29
ek.,11
nax,68
om,,40
om.,9
om;,7
aii,15
ií,10
emd,1
mda,1
esb,136
aab,20
eoɾ,29
osɾ,7
aml,5
mla,8
asɾ,14
sɾe,47
baa,233
l-x,9
akb,15
kbo,7
pau,2
au,,1
mee,18
eet,3
aɡd,2
ɡdj,2
rek,50
biʝ,192
ɾɡi,8
¿as,74
̃o:,3
lun,118
¿em,3
spw,51
-bu,4
-ia,6
"ba,9
n.",10
¡ai,76
id;,15
t͡ʃé,29
́.",13
bea,82
dlo,68
pox,56
ɾɡa,230
ɾfu,30
fum,31
́ls,19
mir,14
ira,17
bet͡ʃ,35
akw,105
asɡ,51
sɡo,47
¡el,23
pap,9
¡al,63
wso,12
¡en,17
enl,39
nlu,12
eol,58
ol!,1
api,134
pit,106
dul,66
--U,2
-Ú,2
uñ,54
bju,58
jud,58
t-s,45
-su,30
nat,289
ɡɾo,104
une,23
-tj,1
́es,8
niʝ,52
no?,22
"ak,14
jo.,69
¡sa,30
¡ko,61
t͡ʃa!,1
ɡar,19
-¡m,13
¡mi,17
epi,22
axi,292
bo",2
ɾoɾ,142
ei,,260
kop,76
ope,72
̃o;,18
ɾpɾ,36
--E,14
-É,14
ktu,41
olɡ,30
nil,42
piɡ,39
ɡɾw,5
elɡ,11
uɾb,56
-ao,3
fei,4
feo,1
fea,3
éʝ,16
́ʝa,8
xek,40
́nɡ,11
aud,41
ule,14
-pw,4
ɡob,170
é-,2
koʝ,11
kar,211
ro,,39
okl,93
"¡d,12
¡do,1
ʝa!,9
saf,216
t-p,16
ife,46
reɾ,76
isj,111
lku,9
"id,3
dep,39
sif,28
esɡ,44
imu,6
¡so,14
as!,50
¡bi,76
t͡ʃo",2
tei,149
is?,15
́ɾp,46
al!,9
aed,15
edm,15
ols,15
-bo,20
́ai,22
dbi,3
nfa,52
fá,46
"¿b,1
¿bi,6
o?",12
́am,39
fja,125
wbi,7
to:,41
ipa,159
́n!,63
-ʝe,6
ɾal,139
jod,19
kae,199
al:,9
soɾ,315
nmo,18
pun,62
ɾbj,142
iɡe,52
¡tu,19
á:,59
-¡n,23
¡nu,5
sa!,16
"¿t,6
"tɾ,10
aé,8
"el,86
"bo,23
ke,,69
ɡo?,19
¡no,68
ia!,22
nsk,22
uri,19
rid,11
dle,67
'dj,1
ret,32
¡xo,3
ɾee,135
ia:,7
lú,12
esɾ,70
sɾo,23
xem,57
oad,13
koa,66
oat,47
(eɾ,2
n.),1
amu,22
fú,11
iax,20
axl,30
xle,4
ad:,35
fio,6
aɡi,18
ɡi,,2
ni,,30
sbo,63
ɾi,,51
sbi,31
bi,,9
asb,10
sbe,12
xi,,5
mup,1
upi,12
pim,9
wpi,3
wsi,5
axs,15
xse,4
wni,5
t͡ʃá,12
¡ao,9
"mi,29
een,23
apt,37
-lo,10
esf,83
sfa,47
ʝek,2
ʝab,38
́mp,69
ʝem,2
oi,,49
147,1
mue,11
lo!,19
nfe,111
omu,31
mun,158
sfo,30
́l;,39
el),4
l),,3
l);,1
dub,46
Án,1
"ɾu,2
oɾ;,89
ofa,118
fan,163
ɾum,68
adʝ,7
dʝe,2
sja,65
wei,90
kɾw,20
"xu,7
kat͡ʃ,15
t͡ʃor,16
leo,136
ɡat͡ʃ,6
at͡ʃa,37
eon,47
"is,4
alf,18
lfo,4
oɾx,6
ɾxa,13
ibu,447
but,47
"da,14
xin,87
"ɡa,3
uku,4
"ne,3
"xo,2
al;,29
fle,80
t͡ʃeɾ,1
́xi,113
xo;,13
lob,6
ɾap,79
́di,6
se.,50
ros,151
s!",18
l-m,13
asj,81
l.',19
.'",17
110,5
tau,94
úd,7
uɾj,58
ke;,3
bar,44
po;,11
ifɾ,2
"et͡ʃ,1
ɾki,16
asf,12
seʝ,29
moi,766
je,,35
óx,118
--u,6
-un,6
á?,31
éf,12
́fo,3
"fw,3
"iɾ,1
me.,18
¡mo,6
́s!,8
flu,60
lui,70
e?",5
oi.,26
́s-,8
s--,30
'de,15
iam,31
bli,47
en:,40
-ti,1
-ek,8
ár,1
́ra,6
-xe,63
lep,56
mud,14
be;,10
aaɾ,365
ta?,5
bue,22
́lb,40
'is,1
¡bo,11
bst,39
"¡a,32
es!,44
ɡe,,5
lo?,17
okw,7
mi.,1
ɾi.,5
ibn,31
bni,13
mei,48
isx,14
sxa,17
133,1
xli,14
si.,7
feɡ,4
ikɾ,22
els,7
afa,164
xso,10
biu,12
iú,29
af.,6
put,6
utj,3
"mo,5
es",9
"to,57
nsf,15
et͡ʃi,14
t͡ʃis,16
ɾaɡ,27
'en,9
ba',10
a';,2
wa;,9
six,151
ixa,153
"ek,2
íɡ,29
́ɡn,3
atj,73
jox,6
klw,43
lwi,46
po:,3
fix,28
do-,5
oʝi,4
ɾpu,41
puʝ,2
uʝi,22
ʝid,2
lse,50
¿to,9
wɾo,23
teʝ,8
eʝe,27
ʝea,3
wmi,102
í?,30
abw,1
i.",10
pa?,2
¡se,28
¡ta,3
-¡ɾ,4
¡ɾe,24
¡ɡw,3
-bj,6
¡xa,3
mol,76
per,31
ɡe.,2
-fa,1
ɾud,27
skw,79
saɡ,269
on;,46
el!,28
-¡t,11
nbw,6
00.,35
0.0,104
eud,8
wa:,2
keb,147
-ko,13
́ɡɾ,50
ud;,11
mot,128
nuk,25
uka,13
ɡia,29
pi-,4
i-a,6
-ax,5
ɡdo,6
l-s,12
fó,9
opw,10
"an,9
ier,23
ɡa;,12
ial,99
s"?,1
is!,11
aɾt͡ʃ,67
ɾt͡ʃe,1
t͡ʃen,18
́de,12
́ʝo,13
fus,15
-¡w,1
¡wi,5
wia,13
nek,38
t͡ʃok,1
an.,60
ipi,6
¡ka,28
te!,22
ɾe!,26
ere,71
stw,9
wos,63
opu,16
'pe,13
nba,50
an;,37
ko;,9
aen,16
enm,11
nmu,95
ntw,193
ɾmu,34
ol.,18
in,,13
jam,41
pɾw,26
́bl,7
ɾni,47
enu,46
-ni,6
koɡ,16
oɡi,23
edl,45
ɡaʝ,16
ʝet,15
"ʝe,4
(un,3
fa.,3
tap,70
"¿e,8
osu,239
sue,208
skɾ,325
a-n,1
roɡ,33
ɡot,43
́ñ,28
deʃ,44
eʃo,24
ʃon,24
il,,38
́ɡi,24
ɡil,24
¡aɾ,1
t͡ʃo!,3
"ɡw,17
dao,20
ɾol,30
lon,354
abs,147
dbj,6
"on,1
nɡe,15
mo;,21
'bo,7
"aɾ,26
"kw,107
atw,4
'io,33
ɾe',4
eps,5
niu,1
poi,42
bsw,4
pee,7
ure,6
pé,31
nee,14
ne;,8
mpw,18
ei;,24
eɡü,10
üeʝ,10
se:,41
́o',2
o',,6
ɾux,44
óp,9
́pu,7
́ɾf,39
oiɾ,42
usu,18
set͡ʃ,103
"me,9
uss,6
umo,45
enw,35
ib;,4
"ta,21
"di,19
ul,,45
pú,49
fod,52
́ku,307
old,32
ldu,13
iat,31
ma;,19
wam,55
ʝo.,25
́li,33
apw,3
ute,129
ljo,164
xiʝ,20
nsp,62
wek,9
tɾj,133
et͡ʃu,11
t͡ʃuɾ,6
xwi,130
od:,3
ʝle,35
top,7
uɾk,11
pe.,4
mim,16
ʝo:,3
'ko,11
jo;,32
ɾɡe,12
nob,188
sux,28
̃iɾ,14
wo.,6
"lw,9
́ss,20
̃on,18
tie,15
́bu,41
ulɡ,34
pet͡ʃ,45
wo,,17
"la,37
spj,127
́s;,33
"of,3
́kt,50
nul,15
nel,74
250,12
50;,1
unɡ,13
nɡü,9
üen,68
kte,10
wɾ,,9
olj,13
'si,23
-¡i,3
¡is,4
¡ma,26
"¡i,4
bik,43
pio,20
ɾɡü,59
¡kj,2
ɡo!,7
3.0,20
ai!,4
ór,5
xoi,82
un,,10
kle,15
kid,167
'se,9
'to,10
"'t,6
ʝla,2
exj,17
xje,25
-na,5
ta:,17
pex,5
730,3
1.7,7
.77,2
775,3
603,3
03.,3
3.5,3
.55,3
550,4
2.4,2
.40,17
se;,26
"ab,44
soʝ,3
"pe,53
t͡ʃon,12
but͡ʃ,1
plu,11
"ni,11
nus,14
ɾo-,1
wma,32
alw,9
lwa,8
ɾau,24
úe,5
ɾsj,28
na;,27
pa.,17
pa;,11
'no,83
oʝo,35
red,28
ʝo-,1
ol-,1
l--,3
'aa,1
do),7
sɡw,10
umj,19
nex,17
taw,2
awe,2
lko,11
oɾb,37
jot,7
t͡ʃus,6
bú,13
ʝin,16
bub,7
uɾs,26
tuɡ,1
kok,4
tix,5
as-,12
ra-,2
ɾwa,9
ʝnt͡ʃ,11
ʝaɡ,29
ups,8
iʝe,12
pei,1
'¡i,1
¡im,3
ɾo!,9
uɾd,18
imb,11
t͡ʃa.,14
olt,29
loɡ,41
'al,3
sok,41
lɡe,6
nxw,2
xwa,2
waɡ,2
ɾwo,15
́od,1
"aa,3
"na,5
'kw,20
"le,10
'ni,3
ksw,7
swa,50
da),4
"'k,11
'ka,2
"'ɡ,5
'ɡw,5
"'n,30
rá,5
inx,52
mnj,12
"'a,8
'an,2
je.,6
ud,,39
a.',32
dú,16
ja:,19
mut,17
"'e,8
'el,7
'eʝ,1
ber,1
eru,12
ruɡ,2
ofj,3
"'i,6
so:,6
sfe,21
fem,10
(su,1
ée,2
́el,6
'as,12
otu,2
eo;,8
̃ed,2
anw,9
wɾi,12
'¿k,18
s?',10
̃ex,6
oɾɡ,27
ɾaʝ,64
̃in,5
il;,6
koi,9
oiu,8
iun,48
"ke,10
nua,3
efu,104
isf,41
sfɾ,22
udɾ,22
nfj,117
(pw,10
s);,2
"au,6
tep,3
́lk,2
ee,,3
bu,,11
isu,20
deu,11
euɾ,5
elu,37
nae,14
miw,9
iwd,12
wd;,1
axj,8
okɾ,10
kɾa,13
46.,2
6.5,3
.50,24
59.,2
9.3,2
.30,4
45.,4
5.6,3
.65,2
650,3
74.,2
4.6,4
.60,14
54.,2
4.4,3
57.,3
7.4,2
40.,7
0.5,6
32.,6
2.2,5
.20,9
35.,2
5.4,4
62.,2
2.7,5
.70,11
700,17
41.,2
1.5,2
53.,4
3.4,3
bu),1
186,1
86.,1
6.4,1
151,1
51.,1
1.4,3
.45,1
450,4
108,1
08.,1
8.1,1
.10,7
157,1
7.6,1
nla,13
7.5,4
lae,1
8.6,2
6.2,1
ail,8
22.,12
2.0,37
.27,1
273,2
1.3,1
.36,3
ul.,1
uɾt,3
.75,2
750,2
2.6,4
.63,2
630,2
3.2,1
8.5,1
.58,1
580,1
rí,15
oɾp,20
to),1
arj,24
rja,15
eɾ),5
ɾ),,3
'xe,20
nt͡ʃe,4
'am,1
ɾoʝ,29
naɡ,11
xuɡ,7
eat,11
oʝe,1
ʝex,2
"du,2
epe,40
wd,,5
dwo,15
wod,13
ʝo;,9
mni,7
taɡ,16
"¡l,14
"¡b,44
¡bw,9
́ad,5
pop,2
lat͡ʃ,1
ɡwl,17
wla,9
pep,2
wer,1
boʝ,1
bo?,10
'¡k,7
ne!,4
áu,7
́us,2
'¿p,16
o?',5
¿se,36
te?,19
ba?,39
tu.,7
kib,12
-at,7
taa,13
niɡ,7
iɡm,4
ɡma,4
mú,87
fon,34
afu,1
axb,2
xbi,1
aps,1
xew,6
"su,26
fé,25
sao,20
bo-,11
o-a,11
sai,163
(eb,1
ʝɡo,18
eb;,2
da?,21
-lw,1
ʝe,,20
t͡ʃao,4
isɡ,14
obj,80
"'p,17
(to,3
te),2
"'s,10
idw,2
¿os,8
¿ba,5
-pɾ,6
-ap,6
no:,15
¡ap,11
"¡n,12
mom,17
14.,2
4.7,2
emu,7
¡ni,3
¿sa,12
-iɾ,1
iie,2
ie-,2
e-a,2
ufa,9
itj,50
ko:,6
¡bɾ,4
so!,9
sbj,25
xaa,27
aas,96
poe,2
oet,1
eed,64
eaf,1
-mo,9
ab!,2
óf,13
́fa,5
fax,4
po!,1
peɡ,24
na:,4
no!,30
na?,7
ia?,8
¡la,15
t-x,49
-xu,7
-sj,1
́..,3
onu,39
en',1
n',,4
'ma,3
se?,5
¡mw,2
io!,4
¡te,7
sof,20
fim,2
rep,13
epj,6
'¡l,6
¡lo,13
beɡ,3
ɡaɡ,7
aɡ;,1
an!,7
́ɾɡ,1
io",2
ka:,3
"am,3
"fi,2
dʝɾ,5
24.,15
4.0,21
mɾi,41
osb,4
"os,2
mi,,7
43.,1
3.7,2
.73,2
ɾmj,4
aul,3
uli,10
ɡit,9
osn,8
sni,2
li,,6
76.,1
lai,47
fwa,1
wai,1
ub,,21
64.,2
4.3,1
lel,33
60.,2
sɾj,7
lof,10
fex,10
xla,8
noa,35
oa,,11
oɡl,8
52.,1
sut,5
ax:,1
2.5,1
wfa,2
jai,1
01.,1
23.,1
tu,,18
im.,17
'ku,1
oʝb,2
ʝbi,3
mao,15
12.,10
ptu,27
675,2
75.,2
5.0,29
72.,1
61.,2
337,4
37.,5
75),1
36.,3
6.0,11
72),1
30.,8
61),1
16.,3
32),1
6.7,3
so-,1
--,,8
es-,19
s-b,14
oeɾ,17
xoɡ,6
oɡb,2
ɡbo,1
boa,186
et-,120
t-n,3
(ko,2
s),,10
ibm,5
bma,7
dof,2
ofk,2
fka,2
itm,3
tma,3
n-p,2
bna,29
kee,4
itk,2
tka,3
nei,4
i-x,2
idɡ,2
dɡa,2
xot,27
otb,4
tba,5
n-x,11
123,3
iii,2
iim,2
n-ɡ,13
-ɡa,12
n-d,3
"'ɾ,1
'ɾe,3
xon,142
in.,4
ɾ-a,5
"'b,2
'bw,2
de.,16
"'E,1
ɾ-e,5
iin,5
ɾ.',14
buk,74
ɡli,10
anj,17
ift,1
ltj,2
xiw,2
dae,1
"'d,1
uf,,3
tof,34
di-,1
i-s,1
40,,1
'ba,6
eeo,1
'oi,6
io;,35
"pa,6
'ab,2
'la,7
iɾn,7
'ta,1
'em,3
̃is,4
eé,13
eil,26
(lo,7
'le,5
ed.,14
d.',5
'tu,18
(ta,4
oms,1
mso,2
'mi,12
(al,55
(io,2
o),,5
'¡b,13
ta!,16
'¡s,6
aiɾ,26
¿ek,3
"'o,1
'on,1
¡o,,29
ó?,7
́?',5
mie,2
(et,2
ú),1
úi,16
́ie,10
ibw,17
ɾ?',1
rix,10
"ku,2
uí,29
ak?,1
doo,7
oos,9
uke,4
lie,4
'su,5
oi',1
i',,2
t-b,11
ne-,2
e-x,1
ɡwd,9
wdɡ,2
dɡo,2
ɡod,2
"oi,16
os-,7
to-,4
iss,37
ilɡ,39
ne',1
e',,6
daɡ,19
'¿d,5
mo?,5
es',9
te-,4
e--,9
nsj,15
is-,2
íl,22
lop,4
ees,9
́n',7
ti',2
ɾfo,6
"sj,1
ɡok,8
'xa,1
ɾip,9
kix,9
kso,1
ɾa',3
ʝa?,9
'¿a,14
¿ai,12
'nw,2
a);,1
ɾie,9
rat͡ʃ,11
poʝ,10
oʝw,9
ʝwe,9
oɾl,1
ad',1
en),2
n);,2
ɡwʝ,15
wʝa,1
uɾn,18
̃en,8
bso,4
la',1
'¡a,28
t͡ʃik,4
'un,2
ja;,46
t͡ʃa:,1
"'¡,17
'¡m,17
ba),6
o!',14
¡am,18
e!',9
mo!,3
a!',12
l!',3
ofo,8
fok,1
ñu,3
̃ub,3
ubl,19
mer,1
rei,1
ɾnu,4
'¡o,5
t͡ʃe!,1
t͡ʃe:,3
na!,15
'¡n,7
nxo,6
sar,7
rai,6
auɾ,101
"ʝa,2
sfu,16
fue,15
lo-,6
isn,1
oru,17
rup,7
t͡ʃup,4
uɾu,4
(te,1
o.),1
́ɾx,16
"'¿,3
"¡ɾ,10
xao,4
in;,2
ful,2
ulx,1
lxe,1
́le,12
mbe,10
fet͡ʃ,13
'¡d,3
ie!,1
as),12
́.',12
sfw,10
ab:,20
-pu,1
ɡa),1
ɡib,1
-aa,8
rum,39
d!",3
ó!,3
abd,41
bdi,26
ai.,7
an?,8
oɾ!,18
di:,8
"pu,1
us.,16
-¡ʝ,4
¡ʝx,5
orj,38
rje,47
ei.,68
"wi,5
moo,2
ut,,9
́n),22
-xo,19
fot,6
t-d,7
esx,4
xar,4
t-m,19
l-ɡ,4
asd,19
sdo,19
dod,26
(ke,19
apu,12
af,,24
aan,29
meɡ,11
okn,3
kne,3
(ɡa,1
uɾ;,2
mef,19
faa,4
aat,4
(mo,1
im;,7
o-d,4
n),,9
us:,2
oan,36
ʝe.,5
n-s,4
n-ɾ,9
n-ʝ,9
-ʝn,9
ʝno,13
n).,1
óa,23
im),4
abn,68
bne,66
(aɾ,2
(an,4
ɾsw,12
xaɡ,1
if,,8
oɾ-,3
oɾ),5
ɾ-ɡ,1
-sw,4
otj,1
aɡ,,11
aot,4
ilx,4
la:,2
aol,8
tee,7
axm,3
xma,2
kit͡ɬ,1
it͡ɬi,1
t͡ɬis,1
fte,33
kei,18
ib,,27
iɾ),1
um,,20
t-t,5
wmt,1
mta,1
xut,2
okd,1
kde,1
lxu,1
xul,1
ets,17
tsu,5
xax,2
-ɡe,6
ɡed,6
di;,1
ikm,13
kme,5
at.,18
oin,1
́e,,2
die,3
l).,1
m),,1
́m.,2
ek-,1
k-k,1
kef,1
ofn,6
fni,6
iɾp,4
at;,7
tul,4
t-l,3
aɾu,33
-ne,4
ta-,2
a-k,1
it,,12
-li,1
-ae,1
nej,1
eje,14
bdo,9
mi-,1
i-n,1
wko,2
iɾ-,8
xet͡ɬ,1
et͡ɬa,1
xib,10
ewd,15
i-b,2
t-ɾ,8
-ɾi,9
-ai,2
xop,3
bui,14
lil,13
ɾe),4
eo:,11
¡ak,14
́pl,14
ren,46
ɡaa,14
10.,31
ɾt͡ʃo,4
us;,5
kim,25
iot͡ʃ,4
ɾdu,14
dud,8
amɡ,3
mɡa,3
t-ɡ,5
-ɡo,6
900,2
lap,2
oam,164
xae,6
́?",5
iak,8
́d,,10
ko!,2
ak!,1
¡ʝe,1
"bi,3
¡pe,13
s!',10
!',,10
t͡ʃe;,9
t͡ʃak,15
'¿n,6
"¡p,10
xoa,337
oá,63
"¿n,8
ldo,16
¡pw,5
a-ʃ,1
-ʃa,1
ʃal,1
al?,7
¿bo,5
(es,4
od.,5
ɡo",5
¡dj,9
xol,6
eeb,6
lmu,12
15.,1
20.,20
ɡbe,1
¡eɾ,6
́ɾn,3
opt,2
ne?,4
lsu,5
id:,57
iao,1
no),2
fuɡ,2
em;,1
em?,1
ek!,2
¡au,2
ul:,1
uɾ-,1
ko?,6
teb,10
re,,1
"un,7
¡id,1
tob,41
fe,,7
fe.,4
ab?,3
¿tu,2
xa;,6
ɾe-,5
aɾ",3
eo?,3
'ʃi,1
ʃib,1
et',1
t'.,1
'.",1
et",1
t",,1
42.,4
oa.,7
oa:,3
nɾe,8
bod,5
sor,9
ɾsu,1
sua,3
1.1,4
soɡ,12
met͡ʃ,6
mo",1
-nu,1
¡nw,4
ai?,2
-¿s,10
áʝ,2
ʝat,3
fad,12
-fo,1
aa,,15
oi!,4
aa:,2
pem,2
26.,2
-¿b,3
18.,7
8.0,8
s.),2
"¡s,14
l-t,1
25.,17
5.1,1
-¡u,3
¡un,7
"¡m,4
edn,2
ɡim,3
oem,26
xlo,4
oɾf,9
fa;,4
ut.,1
esw,8
oas,60
asw,34
-eʝ,2
ut:,1
ɡel,6
oi?,2
ɾtw,4
é!,7
́a?,10
¡e,,1
ɾxu,8
¡kl,3
im-,2
m-s,1
liu,11
tox,3
xu,,1
iri,5
ja?,6
ɡox,8
amw,140
ka!,5
ɾju,13
jun,13
unf,18
ka",1
́l?,13
e.',10
(ku,1
ɾot͡ʃ,3
ot͡ʃa,3
n-e,4
ɾor,10
pup,1
¡an,5
mof,11
etk,1
xoe,22
oel,21
te",4
e";,1
-mu,1
¿ta,6
́o:,8
¿au,2
ei?,9
ʝo?,2
¡ɾw,2
kma,17
"¡o,8
¡oi,8
pɾj,5
ɡɾj,19
fos,50
xí,41
od),2
d),,1
wdo,3
¡su,5
¡pa,15
¡tɾ,6
¿lo,11
im:,4
ɡa!,2
́nɾ,1
nɾo,11
id.,68
pɾu,25
̃í,18
s-d,2
maʝ,6
afj,6
rab,3
eo!,2
sur,5
uro,3
oe,,2
ed!,3
́l!,7
dɾj,3
-¿o,1
"¡t,9
iɾ!,1
id?,4
en",1
n",,7
!",,9
i!",3
de!,3
́ɾm,8
eem,10
doe,6
oeɡ,6
ndw,1
eɡ:,1
¡bu,5
¿me,9
-¿m,2
mbu,7
if.,1
la-,2
a-a,1
di.,2
ei!,9
al",1
d.",4
¿tɾ,1
efj,10
ɡai,24
ja!,15
euf,2
ufo,2
pe,,9
id-,1
d--,3
aok,1
aɡ.,2
n?",2
á",5
́",,11
el",5
ilb,25
ʝon,2
par,4
ifm,2
fmo,1
ra!,21
¿su,4
me!,4
360,3
amn,30
mno,33
it.,6
"bj,4
iem,2
¡in,5
¡ɾa,2
pa!,1
pa:,3
fib,15
ei:,40
to",8
ma!,2
'da,3
ʝɾa,36
ɾpi,9
ibx,6
bxa,6
iru,18
́al,10
ipɾ,18
s-u,2
-us,2
ed-,22
d-e,42
'¿m,1
ɾo?,12
ikw,16
kwo,13
'ad,3
rex,5
"¿i,2
i.',4
eɡ-,1
ɡ-a,1
ad-,23
dok,136
et?,1
la?,1
auk,11
t͡ʃem,4
saʝ,2
tsa,12
"uɾ,1
xe?,2
efw,1
̃o?,4
-mj,2
ied,9
rjo,3
¿ad,1
¡et͡ʃ,3
l-a,2
'¡e,13
n!',2
mix,5
ixu,1
́re,4
uɾ?,1
l..,1
ok:,1
as",11
ok-,1
k--,1
-fɾ,1
et!,1
-¡f,4
¡fw,3
ɡin,22
id",1
d",,9
ei),1
i),,1
́op,18
pe:,2
mjo,1
re.,1
b.',1
-kɾ,1
imx,4
mxa,4
elm,3
ifo,1
¡kw,2
olk,7
rap,10
aon,7
-os,1
bi-,3
elx,4
e-o,1
-oɾ,1
̃a;,4
"in,3
ol;,8
de;,14
eʃi,2
ʃis,2
lod,22
lmi,3
eb-,2
b-b,5
akm,10
kmo,3
xox,5
xi.,1
fe;,4
ab;,12
od;,2
ot;,3
ʝda,1
aɾx,12
xum,14
xja,2
paa,4
axt,1
xti,1
m-o,1
-od,1
ods,1
dsi,1
70.,6
i--,3
no',2
o'?,2
buʝ,20
bo!,8
-pi,13
¡pi,1
e"?,1
o";,2
bud,3
bda,3
n-w,1
-wɾ,1
taf,14
okm,2
ifs,2
fsa,2
wot,1
005,1
80.,8
3.3,1
480,1
xor,5
rel,5
ed;,4
11,,2
(do,4
ed),2
ɾun,8
wó,2
sne,2
'aʝ,2
(kw,4
ad),2
(ka,21
lo),3
ke),2
e),,4
te',5
ɾnj,15
fer,7
eo),1
ɾ.),1
aɾ),3
420,1
́ki,3
¡di,4
666,3
axp,3
xpe,3
̃ik,2
id!,8
¡pɾ,11
le!,4
-im,1
we?,1
ptw,2
omɾ,17
tuo,3
etb,1
ɡwb,4
(ab,1
'ak,1
enn,7
nno,2
anl,9
¡é,1
ifj,5
́ɾl,3
ims,10
msi,7
7.0,12
̃e.,1
ud?,1
232,1
27.,1
auɡ,1
uɡw,1
wɾj,1
¡ɡo,4
n?',1
?'",1
at:,14
iml,4
d?",2
́dl,2
ro:,2
an),1
ʝnk,3
(¿a,1
a?),1
?),,1
ɾ-x,5
io:,4
ɡex,14
si,,19
si:,3
¿ne,2
̃es,8
¿le,6
eak,1
jo?,8
si?,1
-¿l,1
¿ma,1
¿be,3
le?,5
ad",9
peʝ,9
ʝo!,3
-ku,2
"¿s,3
̃et,6
́pa,3
ro!,1
́en,3
idk,1
dka,1
se!,7
-ok,1
pao,1
t-e,2
oak,49
ipu,2
kof,6
̃il,4
¡ti,1
¡fl,2
iɡl,11
fie,6
ak;,3
jak,12
ʝlk,34
ebn,9
n'?,2
"'l,2
ass,20
ksu,2
185,2
85.,2
¿pw,4
dak,11
ak-,2
k-b,2
unu,16
efs,1
fsi,1
es),7
xik,27
wld,2
ikb,3
kba,5
́ak,1
puɡ,6
uɡn,6
ao,,4
eln,8
lna,8
(is,1
ka),1
il-,2
uɡ,,1
au.,1
ats,1
(xe,1
b-e,1
-ef,1
xba,1
efl,16
aaf,2
kbe,1
noɡ,3
et:,1
ab-,1
b-x,1
joe,10
oen,12
sɾi,8
eai,4
ibd,1
elp,5
etn,2
ɾ!",1
-ɾa,2
sdɾ,27
i-k,1
lfa,16
mle,1
fi,,1
meu,4
é),6
xej,13
ɾoa,1
bdj,3
44.,1
.76,2
760,4
50.,3
ki,,2
tni,3
luk,7
ams,3
87.,1
jae,6
ɾi;,4
.03,1
034,1
0.2,1
17.,1
7.2,1
sxo,1
xod,1
ikx,1
kxi,1
ils,3
biw,1
fuf,1
(é,2
at),2
eus,1
iox,2
ʝsk,1
esl,9
sli,6
ifd,1
fda,1
mse,1
ib-,4
ɾu,,2
690,1
956,1
56.,1
asx,14
sxu,14
60,,1
212,1
sfi,5
oa;,1
aa;,1
et;,3
fit,1
(pe,2
l!",2
dna,4
6.8,1
.80,2
7.1,1
0.8,1
28.,1
220,2
112,3
iex,17
lew,2
ew,,2
ikn,2
kni,3
jao,4
upɾ,5
¡ɾu,2
ud!,2
n!",4
tou,2
ou,,1
xmi,1
470,1
nma,3
"ʝx,1
38.,1
wpa,1
mok,10
afs,1
fse,1
mop,2
bae,4
xee,2
si;,1
af:,1
amt,2
mti,2
ti-,3
i-e,2
288,1
atn,5
tnj,1
peu,1
eul,1
otn,1
fae,1
(au,4
ɾo),2
fmi,1
3.6,4
m-a,2
ɡne,5
pe;,3
153,1
(as,3
́so,3
ja",3
on),2
(kj,1
iai,1
jot͡ʃ,1
1.2,8
ukj,1
"ed,3
dee,5
280,2
b-a,1
7.7,2
¿da,1
(se,71
eɾw,1
¡kɾ,2
jaw,1
aw,,1
"eɾ,3
(sj,1
loa,1
om',1
m',,1
wɾ-,1
ɾ-b,5
wlo,8
307,1
07.,1
́kn,1
pie,3
ai),1
fia,2
ja',3
so',1
¿pu,1
nle,5
410,1
iɡb,6
ɡba,6
2.1,2
.17,2
172,3
372,2
2.8,2
.81,2
812,1
.25,4
254,4
945,1
642,2
623,1
.22,1
222,1
.05,3
056,1
454,1
323,1
223,2
128,4
743,2
621,2
122,2
aɡb,1
ɡbi,1
156,1
320,2
725,1
345,2
973,2
052,2
.24,2
247,2
.01,2
017,2
dmj,8
139,1
jaa,2
kbu,5
uk,,8
kuf,2
392,2
652,2
2.3,3
7.3,2
.33,2
736,2
36,,2
245,3
435,2
.72,2
720,2
idn,3
msa,4
nap,1
fom,1
ɾxw,2
ɾt͡ʃi,17
t͡ʃib,4
218,1
160,1
́tɾ,4
riɾ,6
ib.,2
uɾ:,2
ta),5
tu:,1
at͡ɬa,1
t͡ɬai,1
ni:,2
um:,1
luʝ,1
́i,,3
akn,1
kna,1
20,,1
́l),1
anm,1
anb,10
maf,1
olx,2
lxo,2
sbu,1
ni.,1
¿an,5
32,,1
á!,10
́!",5
-¿u,1
¿un,1
lul,1
"li,3
818,1
845,1
648,1
628,1
.32,1
322,1
667,1
.06,1
067,1
655,1
328,1
324,1
188,1
721,1
3.9,1
.93,1
148,1
138,1
530,1
akl,11
to',2
aɡp,1
ɡpi,1
ɾ--,1
(en,2
n):,1
468,1
oed,1
928,1
822,1
242,1
xsa,1
28,,1
284,1
wsp,1
ilt,1
-xi,1
af-,1
aai,1
mew,1
ewm,1
iɡt,3
ɡta,4
baɡ,18
aɡt,1
(ʝs,1
muk,3
"bu,2
́sk,6
osm,5
i..,1
¡pj,1
"¡u,1
¡o!,2
nkj,7
liʝ,7
ɡnj,6
t͡ʃal,4
usn,1
íp,2
nsw,23
eʃj,1
ʃje,1
oɾ",1
¿pe,3
nao,4
eib,1
wa?,2
eʃa,10
ʃas,8
tu;,2
ksj,11
ʃaɡ,1
¿el,1
¿kɾ,3
t͡ʃoɾ,19
́ia,2
"ol,2
¿aɾ,6
ktɾ,1
¿al,4
(si,2
ɡwm,11
út,9
̃e?,1
¿at,2
t͡ʃit,15
¡na,2
ɡüi,2
üiɾ,2
¿fw,1
¿na,2
upt,3
aru,1
ʝel,6
eʃe,6
ʃet͡ʃ,5
lsi,5
tue,5
́mu,1
ron,6
¿ɡa,1
¡ob,1
so?,7
́lj,1
akj,5
muʝ,2
uʝo,2
¿in,1
usm,1
roe,1
nne,5
ae,,3
aoɡ,2
"ia,2
̃am,16
¿pj,1
fau,2
!";,2
́sm,2
epl,1
po?,2
¿ɡi,1
¿ka,1
¿ɾa,1
¿di,3
int͡ʃ,6
olf,2
íʝ,2
ʝal,1
ér,3
ɾfj,2
fjo,1
¿oɾ,1
¿xu,4
wda,3
140,1
ae.,1
¡ɾo,1
ro;,5
(sa,30
id),55
Ét͡ʃ,2
Ál,1
́sɡ,2
ut-,2
(ʝɡ,1
ʝɡa,1
sdi,5
(mi,1
(oɾ,4
o:),1
¡li,3
a-s,1
"¡E,2
ɾue,2
ʝpo,2
́kɾ,2
il),2
we),1
uxj,1
¡ax,4
́it,1
ksʝ,1
sʝb,1
ʝed,1
upu,1
n.',4
t͡ʃed,3
"ɾo,1
ko),7
pum,2
mo),5
wʝo,12
af),10
k.",1
."),1
?"),1
la),2
́a",2
a".,1
s".,4
úr,1
aid,6
úʝ,2
ie?,1
́ʝe,1
o".,1
al),12
á),1
isw,1
e!",1
"¡w,2
aɡn,4
(ma,5
tup,1
wʝe,2
áf,1
faɡ,2
¿ia,1
oɾu,2
̃o!,1
́uɾ,5
ɾa-,1
ʝmn,2
¡ia,2
'pa,8
¿li,1
ol?,2
¡ek,4
la",1
'¡x,3
üé,4
omn,1
ɾpw,1
loo,2
ooɾ,2
bif,15
net͡ʃ,1
boɡ,4
udu,1
¡af,2
ltw,1
"ɡɾ,1
on!,3
"mu,3
ud",2
d";,1
iaa,1
¡ar,3
la!,2
tu?,1
ea",1
wdi,4
jo!,3
btj,2
mo:,5
¡ad,3
rat,2
́at,1
Át,2
olt͡ʃ,1
lt͡ʃa,1
foʝ,4
ʝax,7
aɡl,2
nut,4
utɾ,4
do",6
iek,1
be",1
́pj,1
¿aʝ,1
nsm,3
ixw,1
́a-,1
wse,1
́ɾ;,2
ol:,4
ɾ?",1
utw,1
nmj,1
ɾa",2
ʝa-,1
̃o),1
ud:,2
ma?,1
eop,4
"Á,1
Áb,1
ɡwx,3
wxe,3
uɡe,1
¡aʝ,3
oss,1
"kɾ,1
¡a!,2
ɾit͡ʃ,2
ñw,1
̃we,1
̃a:,2
ʃeɾ,1
̃e,,2
ɾ-i,1
á',3
́',,3
ed:,2
t͡ʃir,2
irj,1
im!,1
nbu,3
lsj,3
auʝ,1
uʝa,3
'¿t,1
'¿e,1
n'",1
'",,7
¡xi,1
sii,2
iia,2
ne:,1
¡om,1
om:,1
de:,2
is",2
"nu,3
¡ɡl,1
ea;,3
lbu,2
roʝ,3
ʝao,2
ɡao,3
eao,2
lip,1
psa,1
ro?,1
so",1
eb:,2
s';,2
aɡü,1
aɡm,2
ɡme,2
apj,1
"¡f,2
flw,2
naʝ,2
ukɾ,1
¡fo,1
im?,1
ɾuʝ,2
l?,,2
́d;,1
ʃaɾ,1
t͡ʃa-,1
je;,1
ke.,4
t͡ʃa?,1
da',3
́tu,1
"¿m,1
da-,1
'bu,1
¡lw,1
'tj,1
da",4
lup,1
'na,2
-kj,1
sa-,1
d!',2
!';,1
ói,1
lo',1
́e.,1
i!',2
¡pu,1
us!,1
"o,,1
¡ʝa,1
uxu,6
¡eʝ,2
a!,,3
̃im,1
e'",1
'ke,1
s?,,4
ɾ?,,1
ʝɾb,1
'me,3
a?',2
afn,7
fne,7
́!',2
̃a?,2
s'?,3
ʝe;,1
ʝit,1
¡eb,1
il!,1
'so,4
do',1
́!,,4
ud',1
'¿ɡ,1
¿ɡw,1
¿et,1
s,',1
ɾ!,,2
'¡ɾ,1
'te,7
as',3
í",2
o?,,5
?',,6
xau,2
'¡t,2
(pa,1
́?,,2
s!,,7
on?,4
me",1
be:,1
ris,2
wi,,1
"wm,1
a"),1
"):,1
'pɾ,7
t͡ʃif,6
ifl,6
Ói,1
́iɡ,1
'ed,1
e?,,1
ɾ!',3
o!,,1
ea?,1
a?,,3
ka?,1
'¿b,1
é',1
-ʝɡ,1
a,',1
,'",1
"ir,1
ʝa',1
a'?,1
'?",1
s:',1
ʝa",2
ted,1
..',1
'lo,4
ɡoa,1
urj,2
ok;,1
'kl,1
ó',1
́'?,1
'ap,1
uk:,3
bde,1
xuk,2
̃é,1
¡fa,1
ɾ-n,1
abm,2
í',2
́'",2
ra',3
"oɾ,1
́sn,1
́po,2
'¡p,3
wo;,1
"ob,2
eʃw,1
ʃwe,1
"op,1
"af,2
.02,1
023,1
18,,1
832,1
745,1
"at,1
mar,1
t͡ʃin,1
̃it,3
feb,1
ilm,2
aem,1
de),1
ker,1
390,2
ʝn.,1
ét͡ʃ,1
"ɡo,1
in!,2
duɡ,3
'au,2
se',2
'aɾ,1
'ia,3
̃ek,1
'ar,1
s'",1
n!,,2
xa!,1
ʝxi,1
be!,1
(¡a,1
¡mu,1
ú!,1
t͡ʃo',1
o'",1
'¿s,1
l!,,1
e?',1
¿kj,1
́nk,1
¡a,,1
!'",1
dup,1
aɡu,1
-pl,1
mo-,1
"oo,1
bur,1
eia,1
¿ao,1
'á,1
piʝ,3
sa",1
'eɾ,1
'ao,1
"aʝ,5
'im,1
́s',1
'mo,1
ɡa-,1
¿mi,1
'¡E,1
"we,1
je:,1
"nw,1
se",1
(ba,1
"'m,1
"ok,1
ɾ).,2
fat͡ʃ,7
pa-,1
--;,1
foɡ,1
-eɡ,1
et͡ɬo,2
t͡ɬó,2
"ef,1
4.5,8
l.),1
stA,1
tÁ,1
aʝI,1
ʝÍ,1
Í.,1
d-n,1
wmb,2
