poc,583
oč,2275
ča,745
̌á,1295
át,2292
́tk,233
tku,623
stv,160
tvo,486
vor,248
oř,1238
řɪ,6682
̌ɪl,1673
pů,2036
ůx,1116
neb,4780
ebe,1117
zem,2892
emɪ,1552
mɪ.,515
eme,1879
mě,5149
pak,3087
bɪl,5349
ɪla,1301
nez,1181
ezl,573
zlɪ,1368
lɪc,401
ɪč,746
čn,879
̌na,173
ná,5035
pus,694
ust,860
sta,6085
tá,4520
á,,925
dma,285
nat,1582
bro,6456
rop,316
opa,354
pas,361
ast,354
sti,1007
tí,6348
í,,3595
dux,250
boz,1099
ož,5736
ži,2249
̌í,10860
vzn,47
zna,1238
ás,4206
́š,4533
še,8103
̌el,3377
vod,526
oda,158
dam,101
amɪ,605
ře,10452
̌eɡ,2514
eɡl,2659
̊x:,25
bud,5429
uď,279
sfe,4815
fě,5203
ěd,509
̌dl,178
dlo,452
lo!,1
ɪlo,1983
lo.,137
vɪt,1596
ɪte,1047
tě,8470
ěl,3714
lo,,283
že,7413
dob,1172
obr,1278
bre,301
ré,1932
é;,236
odt,85
dte,69
̌lɪ,1415
lɪl,919
dmɪ,174
naz,239
azv,103
zva,148
val,2637
dne,2073
nem,1283
em,,942
dmu,9
not͡s,339
ot͡si,127
t͡sí,2021
í.,1449
vec,179
eč,1914
če,2575
̌er,323
jɪd,80
ɪdr,270
dro,798
ro,,38
den,1474
brv,355
rvn,173
vni,572
ní,11840
Ře,203
tak,3709
ake,1342
ké,4434
obl,595
blo,522
loɦ,30
oɦa,1054
ros,2137
ost,3727
str,1454
tř,3641
̌et,3019
vot,644
ot,,157
odɪ,495
ot!,1
uč,1668
čɪ,4183
̌ɪɲ,1236
ɪɲɪ,1459
ɲɪl,1607
oɦu,391
ɦu,,75
dɪ,,294
kte,6011
ter,6153
ere,1790
éz,1691
́ž,7305
jso,1233
sou,2014
pot,1648
oɦo,1909
ɦou,372
ou,,1580
ou.,757
tal,1066
alo,1516
ak.,30
bem,108
em.,416
dru,869
rux,441
uxy,175
xý,340
ý.,253
zɦr,469
ɦro,742
rom,789
oma,765
maz,257
až,2540
žd,169
̌ď,74
ďt,250
̌te,3395
mí,1707
ís,3063
́st,1378
sto,1911
jed,1559
edn,1486
dno,891
no,,166
uka,370
kaz,1157
sux,179
uxe,461
xé,524
é!,5
emi,119
má,1645
áz,3656
žt,1687
ěn,1379
̌ni,1341
mor,695
̌em,971
̊x,,68
é.,1048
oto,2710
tom,1234
zbl,292
lod,54
oď,161
dra,1548
rá,7109
áv,1266
́vu,85
vu,,254
ɪlɪ,3990
lɪn,139
ɪnu,2981
ɪta,581
́va,1520
vaj,411
aji,1312
jí,4328
ít͡s,2858
́t͡si,802
sí,2806
ím,4839
́me,905
ě,,1956
zdr,1503
odn,419
dny,380
ný,2676
ý,,955
nes,1161
eso,189
out͡s,626
ut͡si,259
ovo,1049
vot͡s,95
ot͡se,239
pod,1126
odl,896
dle,1096
lé,3347
pok,996
oko,1435
kol,1655
ole,1329
len,859
eni,2913
fé,8529
éɦ,6178
́ɦo,6924
ɦo,,4357
ně,7070
ěm,1423
̌mz,127
mž,499
jeɦ,4503
eɦo,4991
ebo,3279
vɪd,970
ɪda,427
dal,1789
ala,990
sem,3019
men,1051
eno,615
př,10077
̌ɪn,1418
ɪna,1899
̌ej,401
eji,962
t͡se,,570
ɦo.,1807
eti,453
ope,3505
pě,4502
ět,2929
dla,349
loz,1111
oze,738
bes,580
esk,278
ske,2424
é,,3001
abɪ,3934
̌lo,887
lov,1761
ova,4338
ot͡sɪ,435
t͡sɪ,,379
nam,323
ame,784
roz,1509
ozm,463
zme,772
ěr,370
̌ř,277
̌en,2295
̌as,454
asu,470
sů,621
ů,,772
dnu,291
nů,1957
let,966
et.,154
sfi,201
fí,5024
íc,1226
́cɪ,1880
cɪl,1024
osf,309
ět͡s,992
̌t͡so,93
t͡sov,114
dfe,344
vel,1105
elɪ,2473
lɪk,1240
ɪka,717
ká,2248
̌ts,77
tš,558
ši,1963
zbr,869
bra,5299
drz,358
rž,619
elo,409
nad,296
ade,441
ens,465
nš,163
í;,304
té,2992
xfe,43
ěz,852
̌zd,28
zdɪ,67
dɪ.,75
pos,1581
tav,617
avɪ,1945
vɪl,1575
mɪ;,89
ela,326
čt,781
̌tv,101
tvr,258
vrt,147
rty,39
tý,1589
jes,4241
eš,2747
št,2633
ɪde,212
dej,488
ejt,456
jte,802
ɦmɪ,8
mɪs,148
dus,484
uš,1454
žɪ,2350
̌ɪf,524
ɪfe,412
ɦoj,132
ojn,343
jno,104
nos,1399
osc,1532
scɪ,2953
cɪ,,1054
elr,7
lrɪ,7
rɪb,73
ɪbɪ,102
ɪke,600
fš,5795
lɪj,112
ɪja,137
jak,2808
ako,2113
kou,1138
šɪ,1903
̌ɪv,965
ɪvo,1036
vou,1498
ýb,252
́ba,151
baj,13
se,,762
ero,939
rou,1205
ouz,986
už,3691
̌to,975
alɪ,2856
jej,3377
ejɪ,1954
jɪx,2353
ɪx,,940
pta,335
tat͡s,58
at͡st,58
t͡stv,59
kř,313
ři,5882
íd,640
́dl,214
maj,255
poz,1780
̌eɦ,1050
eɦn,567
ɦna,422
nal,788
jɪm,931
řk,891
̌ka,845
ka:,515
tez,203
ež,1502
mno,1234
noz,497
nab,502
abl,240
bln,269
lň,76
ňt,115
řs,177
̌sk,219
ať,694
zmn,152
žu,424
̌uj,485
uje,965
mɪ!,4
pá,1727
́ty,60
̌do,37
dou,1648
íɦ,1116
ɦov,255
vad,230
ada,476
ěb,32
̌bl,26
bla,942
laz,170
azɪ,428
zɪ,,93
ems,96
msk,262
sko,692
ved,1871
edl,1912
ɪky,277
ký,3069
las,583
ɪň,152
ňm,11
̌me,129
čl,527
lof,1503
ofe,3875
ěk,969
raz,345
azu,214
nas,974
aš,1478
emu,1173
mu,,1061
odo,677
obe,201
ben,327
nst,405
stf,1166
tfi,1607
pan,666
anu,327
nuj,65
uji,619
ɪba,37
bam,50
sky,2562
ým,3262
́mɪ,1640
mɪ,,1127
tve,35
vem,87
́m,,2292
adɪ,200
aze,246
ém,3213
́mu,1951
ej,,192
muz,1551
enu,250
je.,238
ujt,209
odm,64
man,713
aň,135
jɪ,,317
voc,73
̌ɪx,446
ɪxe,100
xem,163
aj,,856
jse,2549
fá,5033
ám,3313
ɪko,599
nu,,521
era,1171
est,4935
tfa,879
ár,2087
́ř,1632
omo,646
mof,144
ofi,288
(na,3
omu,1412
mu),3
u),,8
ě;,166
ude,3657
poɡ,329
oɡr,329
ɡrm,160
rm.,3
ɦne,1061
ɪxu,37
xů,368
ům,1652
tvu,63
t͡soz,888
́be,106
emz,34
ɪfa,83
zel,341
ele,1820
nou,1439
rmu,76
mu.,426
̌e,,877
ɪl,,700
elm,303
lmɪ,318
̌es,1155
sty,284
dok,339
kon,833
ona,962
án,3603
́na,771
esa,702
̌et͡s,2041
et͡sk,2007
t͡sko,523
voj,645
ojs,354
jsk,872
ɪx.,456
sed,797
edm,694
dme,299
mé,2274
íl,991
́lo,1010
̌la,1330
lal,1010
al;,41
otp,884
tpo,799
nul,315
dmy,42
mý,590
ode,599
́la,363
al.,202
dɲɪ,253
ěc,1025
̌cɪ,952
ɦo;,314
ɪne,1645
̌no,277
cɪt,173
ɪť,224
rod,662
dof,381
(ɡd,12
ɡdɪ,2184
dɪz,2072
ɪž,4689
ena,1134
en,,595
ɦos,6496
osp,6802
spo,6936
poɟ,6372
oɟɪ,7301
ɟɪn,6520
be),3
e),,21
ɦra,385
ras,151
asc,48
cɪn,614
ɪnɪ,709
pol,1090
oln,148
lni,317
ív,464
́ve,230
brf,194
rfe,174
vsx,12
sxa,46
xá,1317
́ze,711
la;,48
net,366
ets,244
šc,199
aɲɪ,1606
ɲɪz,835
ery,1836
rý,2214
̌k,,59
́ra,571
vɪs,1362
ɪst,1780
stu,1079
tup,580
upo,256
pov,361
svl,56
vla,314
žo,123
̌ov,895
t͡ske,381
ken,391
svr,104
vrx,230
rxe,19
xek,12
ě.,818
rax,318
axu,111
vde,1
deɦ,13
eɦl,201
xř,751
íp,134
́pe,187
tɦn,10
ɦnu,208
nut,209
uti,430
ota,554
ta,,439
Št,5
̌ti,1349
́pɪ,56
pɪl,557
áj,85
ede,1289
fý,4166
ýx,4718
́xo,327
xot,219
tam,586
ka,,258
ɦoz,690
ɪl.,318
vɪv,462
ɪve,552
poɦ,620
oɦl,661
ɦle,1274
ete,1431
lɪp,112
ɪpy,11
pý,784
dlu,72
xud,32
udn,123
né,3090
́je,156
je,,463
zle,760
̌ek,301
eka,314
vɪx,257
ɪxa,452
̌of,160
ofa,776
́ni,1247
ott,147
ttu,128
tut,273
̌tɪ,392
tɪr,405
ɪř,417
ɦla,1375
lav,611
avn,301
ekɪ,86
kɪ.,171
jme,978
én,887
́no,1050
pí,1477
́so,156
son,82
on,,298
opx,28
pxa,27
́si,270
t͡sku,94
ɦev,31
evɪ,385
lax,116
ax,,91
ɡde,269
dez,233
zla,1624
lat,1058
ato,538
to.,189
́bo,241
bor,262
orn,175
rne,248
bde,18
del,42
lɪu,11
ɪum,9
um,,13
onɪ,39
nɪx,12
ɪxɪ,25
xɪn,42
ɪn.,359
ɡɪɦ,6
ɪɦo,42
ɦon,52
xus,42
us.,9
ɦɪd,2
ɪdd,19
dde,15
dek,56
eke,76
kel,10
el,,488
tec,84
xod,337
dni,898
ran,696
ane,1728
ass,350
ssɪ,161
sɪr,350
ɪrs,289
rsk,352
rta,242
euv,37
uvr,76
vra,1223
rat,771
ate,1226
tes,140
es),1
s).,2
poj,307
oja,69
jaf,33
ted,1539
edɪ,1482
́jɪ,37
́ɦa,305
ɦal,239
zap,338
apo,196
pof,1069
̌ku,253
ku,,273
raj,287
ajs,4
svo,1327
vob,308
obo,909
bod,142
́sc,374
des,1601
š;,58
ale,2709
ɲɪk,82
olɪ,1448
nej,783
eje,396
es;,8
bɪs,781
ěɦ,613
̌ɦo,530
dl,,59
zmr,260
mrt,219
rti,116
umr,414
mř,478
š.,300
nen,831
ýc,197
sam,515
amo,372
mod,342
mu;,70
ɪni,996
jem,1164
pom,943
mot͡s,399
ot͡s,,25
la.,166
(ne,104
mov,321
ovɪ,3118
vɪ,,932
ác,1026
̌l;,14
nof,1629
vat,1414
atu,222
tů,1427
̊m,,177
lez,629
eze,520
zen,681
a.),12
rot,1953
toz,979
uve,302
sen,307
ama,665
ma,,317
uzn,149
znu,150
ul;,1
vɪn,463
ňa,48
̌al,686
̌eb,976
ber,397
vɪb,417
ɪbl,273
blɲ,139
lɲɪ,267
̌le,491
lem,491
toɦ,1187
ebr,659
ra,,158
vst,348
ste,2970
vɪ.,331
am:,13
eď,246
tat,381
kos,462
zlo,1845
lou,1510
ouc,201
ucɪ,240
ža,1228
̌at,516
atk,334
tka,241
vza,481
zat,208
ata,868
st.,324
́č,593
opu,410
ott͡s,966
tt͡se,1997
mat,370
́dr,180
̌ec,745
ecɪ,751
anz,219
nž,445
elk,269
lkɪ,164
udo,1255
oba,192
dva,690
asi,103
stɪ,290
tɪt,123
se.,155
ɦat,159
ejx,4
jxɪ,1
xɪt,101
ɪtr,194
ejs,835
jš,478
̌ex,729
íx,1853
́x,,1844
̊x.,18
ten,1218
ene,960
ě:,119
ak-,9
k-l,9
-lɪ,714
lɪz,1012
st,,538
ɡl:,559
ebu,831
det,680
ɦo?,140
ɡla,894
ɦad,88
adu,251
du:,38
mů,933
me;,20
ýz,1668
dot,149
otɡ,121
tɡn,30
ɡne,852
te,,591
emr,84
lɪ.,659
í!,10
ýk,43
́ko,707
ote,692
tev,14
evr,304
vro,31
vas,756
̌e;,45
boɦ,1229
ɦof,128
ut͡se,672
ɪdu,845
dut͡s,24
ut͡sɪ,53
na,,659
bry,78
íj,143
emn,127
mny,42
̌ɪm,439
ɪma,399
bɪt,682
ɪti,482
ozu,518
zum,243
umn,129
ád,1655
́do,630
dos,396
cɪf,256
ɪfy,379
zal,1708
seb,376
bou,620
dl.,24
tef,110
efr,130
fř,230
ín,924
́nɪ,297
dvo,151
ozn,684
lɪ,,1337
naf,106
afa,245
́za,990
lí,1965
ík,2095
kof,403
sop,821
́ku,531
ků,847
ů.,278
uzl,227
lɪs,1258
ɪš,2496
oti,555
̌dr,92
enn,75
nni,53
zɡr,524
ɡrɪ,299
rɪl,116
ɦa,,61
vol,975
ola,612
mu:,330
jsɪ,1229
sɪ?,5
tfu,572
fů,1491
ůj,1837
ál,4470
nax,70
axy,28
ý;,38
ɡdo,1091
doz,398
̌ť,522
mɪl,999
ý?,31
dl-,6
l-l,161
̌l?,17
Že,131
al,,490
la?,15
na:,34
mne,2092
odv,232
dve,151
lor,160
eny,458
t͡ska,329
t͡skɪ,731
̌ɪs,1805
zɪc,14
ɪcɪ,1573
š,,807
žr,70
̌ra,75
dnɪ,172
to,,881
nep,1724
epr,611
řa,572
́te,1566
tel,1002
els,1775
lst,61
olo,582
mez,799
ezɪ,694
teb,843
tfy,561
́m;,159
ono,668
otr,182
top,1082
avu,270
pat,300
tu.,50
lɪt͡s,301
ɪt͡se,601
bol,90
les,280
esc,126
tfe,1446
či,723
roɟ,284
ɟɪc,330
ano,1214
nov,2381
vac,1050
acɪ,1929
ozl,1258
leɦ,202
enɪ,361
̌l,,144
be,,254
drn,158
rni,138
lá,2160
loɟ,203
de,,314
otu,538
ép,151
oka,183
kav,21
ava,111
atz,213
tž,434
nav,521
avr,591
́ti,367
pon,389
one,575
ěv,559
̌va,314
at.,61
eva,72
va,,733
́x.,781
ěf,360
koz,448
̌ɪo,25
ɪot,45
́s,,187
̌da,59
roc,1898
̌ez,485
nɪn,393
nev,467
evs,27
áɦ,860
́ɦl,502
ruk,1049
ukɪ,391
evz,46
bɪ,,112
̌kɪ,380
kɪ,,331
vɪz,360
eň,280
ej.,96
vɪp,149
ɪpu,62
usc,344
zaɦ,390
aɦr,138
rad,598
íz,2776
vɪɦ,627
ɪɦn,151
osa,174
saɟ,96
aɟɪ,520
ɟɪl,1259
xer,132
eru,823
rup,144
upi,314
mec,385
lam,204
nny,92
bly,51
lý,453
ýs,456
́sk,208
ska,1071
kaj,178
t͡ses,722
ta.,152
evu,18
̌af,65
afs,250
̌ɪ,,338
por,569
oro,915
kaɪ,30
aɪn,34
la:,86
obd,77
bdr,63
nu.,229
adr,406
abe,69
bel,79
le.,153
ýr,134
oft͡s,107
ft͡si,41
ora,447
č.,24
nox,277
oxy,93
nex,850
tov,669
úr,184
́ro,801
rvo,188
̌t͡si,171
́da,530
tuk,95
uku,415
vzɦ,12
zɦl,113
éd,103
zli,117
ram,475
amn,136
pad,782
adl,319
ɪno,2330
vɪ:,511
spa,507
́lɪ,1134
̌ve,91
em?,19
á?,54
zda,561
š-,102
̌-l,115
dop,430
opr,215
ɲɪc,315
cɪ?,100
paɡ,172
aɡl,303
ɡlɪ,609
ver,221
eř,1877
́m.,912
mlu,1416
luv,1104
uvɪ,1148
ak,,300
ofs,821
fst,997
taf,645
ocɪ,1554
zab,419
̊j?,25
̌l:,97
nef,304
efi,363
já,1673
žn,556
̌ny,358
ɪl?,80
ɡrv,118
rve,169
ús,389
sfa,408
̌ɪj,387
jal,205
ɡre,169
ref,175
lac,259
́t͡se,1489
tul,12
ula,76
ák,853
́ke,108
kem,407
oun,349
une,46
nu:,27
ít,1423
́ť,284
rav,1541
avo,671
vos,671
tpu,83
moɦ,470
ét,530
́to,418
ɡry,160
ýv,512
udu,639
du,,429
ɪjd,349
jde,643
ezn,292
zne,457
ne,,1003
bɪj,119
ɪje,219
ne.,343
ɪn:,328
zaj,514
ajɪ,510
jɪs,542
dmn,17
mna,95
sob,289
obn,287
bne,230
mš,51
de.,264
vlo,122
nak,56
aka,209
́dn,617
eza,324
zl.,9
ots,365
bɪd,523
ɪdl,690
dlɪ,1669
nó,1
ót,1
́t,,94
abr,423
en.,146
oxa,200
xa.,36
afe,514
ěs,2505
̌st,1842
́ne,575
sɪn,4509
ox.,3
nar,150
aro,643
oxo,298
xov,324
ɪra,44
mav,16
vɪa,10
ɪae,8
ael,2591
le,,503
tuz,20
uza,645
zae,48
mex,20
exa,351
nɪ;,17
da,,192
zɪl,198
ɪll,21
lla,55
áb,390
bal,229
tet͡s,211
̌ep,300
epy,196
tan,1125
ani,355
aso,123
jub,1
uba,51
ɦar,88
arf,52
rfu,8
́zd,125
roj,160
oje,326
ɦud,11
deb,41
ebn,944
tub,42
alk,33
lka,201
zln,90
ěɟ,473
̌ɟɪ,601
za.,17
sez,167
ezd,570
noe,81
oé,69
́ma,671
ma.,152
sfy,1724
lle,16
le:,16
̊j,,569
exo,89
oux,479
xej,76
mla,314
́de,220
ent͡s,100
nt͡se,262
los,333
jez,475
zdl,498
eť,372
oms,130
dmd,89
mde,127
sá,2519
teɡ,159
eɡr,24
ɡra,3954
dmɡ,27
mɡr,29
́t.,53
set,581
et;,33
jɪn,536
eto,76
ɪn,,550
os.,7
tex,480
ext,491
xta,104
zac,85
ač,493
vsy,58
sý,94
ýf,322
́fa,883
va.,237
ɡɲɪ,732
ɲɪɦ,67
ɪɦa,43
ofy,792
́mz,206
ɪm,,355
̌eɲ,205
eɲɪ,808
̌ɪt,1213
ɪtt͡s,333
tt͡si,172
ex,,185
eta,335
et,,269
t͡ser,509
erɪ,346
rɪ.,70
́xz,104
xž,371
ɪf,,38
def,76
efe,252
t͡sec,353
el.,194
sa.,26
tof,329
van,237
ana,984
át͡s,732
́t͡st,280
t͡ste,241
dev,31
nan,359
na.,215
adn,445
dna,293
oso,68
sof,62
maɦ,41
aɦa,409
lee,19
eel,91
ese,633
̌ed,740
́re,107
red,16
eda,364
da.,62
ret,56
edo,289
xoɟ,199
́le,1385
oɦe,289
ɦem,154
xof,196
ebɪ,504
́n;,6
zmd,38
́mo,207
ent,255
nto,253
spu,351
ůs,716
̊so,190
opi,257
o,o,1
,ot,1
uko,304
om,,98
ema,283
xam,36
áf,598
́fe,91
fet,20
̌ɪc,301
lɪt,1459
zro,162
ɪdo,460
ɪts,348
tsk,1338
anɪ,227
́zn,265
ral,681
blɪ,189
lɪb,90
ɪbo,56
bov,285
naɟ,1
̌ke,64
att͡s,225
rof,159
ěx,630
ex;,9
fxa,130
ɪm.,134
mot,275
ot͡,168
t͡z,862
͡zn,217
zni,225
́vn,65
vna,89
ati,321
šl,1428
zrt,736
rtt͡s,735
as,,67
ɪto,416
tt͡sɪ,365
ɪɦl,513
zu,,23
tva,58
é:,81
ave,832
lɪf,435
aly,51
vɪc,425
̌ne,770
(zb,1
nɪ:,7
oru,358
rus,118
lne,566
la,,417
net͡s,81
ɲɪx,564
ɪx;,88
nɪ,,290
jɪz,342
kas,91
kor,348
áp,840
íf,345
́fi,312
ɡof,1
fer,56
er;,8
́ɦr,10
́bu,66
bu,,44
oɡl,259
ɡle,100
lej,389
eju,14
juj,85
vɲɪ,193
ɲɪt,342
zev,43
evɲ,53
ɡli,85
ute,694
ej:,7
lok,268
okt,97
ktu,60
ouɦ,139
uɦo,161
̌ɪr,95
ɪro,201
rok,612
ɪso,172
sok,135
oɡn,36
ɡno,60
rxk,29
xke,2
oke,264
ket,171
oky,51
zaf,448
afr,79
ej;,31
ér,253
bok,65
oku,512
afi,996
koj,465
̌m.,72
edu,269
žk,318
̌ko,798
̌e.,284
ša,659
̌ak,482
zml,290
mlo,338
ouv,314
uvu,156
ou;,157
vej,421
ejd,383
ojɪ,596
zax,308
axo,214
met͡s,146
mɪt͡s,10
jdo,225
ɪvɪ,176
̊st,489
odr,183
ůz,296
̊ž,239
akz,566
kž,567
osk,322
ejɟ,48
jɟɪ,212
ɟɪz,122
bu;,6
odu,336
omt,76
mto,122
vez,371
ezm,355
mes,320
mer,134
amt͡s,12
mt͡se,22
ɪt͡sɪ,388
nec,319
xku,28
tst,310
tu,,184
̌ɪk,696
(bɪ,17
ɪ.),21
opɪ,106
pɪ.,6
ves,363
́ta,567
cɪs,590
̌si,359
tud,117
udɲ,93
ɲɪt͡s,680
bru,155
rů,247
ůd,13
̊du,7
uxo,347
íɲ,84
́ɲɪ,349
bu.,24
oɲɪ,605
ado,273
jat͡s,9
at͡si,77
́t͡sɪ,431
ko,,192
ɪzd,103
zdv,313
dvɪ,326
ɦlɪ,643
́p,,37
zmo,210
áx,724
̌ɪɡ,211
ɪɡr,199
rɪt,153
ɪtɪ,21
ɦor,803
orɪ,218
ejv,96
jvɪ,91
šs,130
̌š,392
mɪz,289
ɪzu,2
ka.,89
́xa,262
uxa,437
́pi,79
sus,63
omr,17
laɟ,125
raf,1142
tol,466
drv,33
rva,49
ome,837
zas,485
ven,590
be.,79
otx,60
txa,88
zej,306
ase,561
t͡sty,33
ara,530
rar,61
rxo,19
or.,26
̌ef,124
ɡrk,10
rka,38
kaf,41
aft͡s,55
ft͡se,174
t͡se.,158
ɪle,243
etu,40
tuj,173
rat͡s,278
at͡so,68
kut,453
utz,218
ɪsɦ,12
sɦl,16
ɦol,116
olu,254
lub,85
ubɪ,280
bɪt͡s,14
ž-,5
noɦ,575
̌mu,308
́ɦn,211
vne,278
kal,437
ɪny,161
lɪv,314
vof,96
udr,350
odj,89
dja,56
usr,205
sř,261
osɦ,2
tt͡sa,43
t͡sá,40
vɪj,195
ɪjɟ,27
xɪ,,23
ozb,169
zuj,216
tou,844
̌ty,422
aza,468
vo,,160
olt,390
lta,410
́pa,404
pal,529
̌ɪ.,131
ůɲ,34
̊ɲɪ,34
́m:,174
lad,325
́br,445
brz,243
ň,,89
ork,19
rko,22
zɪm,36
ɪm:,188
ɦru,75
̊za,24
rut͡s,311
rm;,2
ko.,19
mas,281
asa,190
cɪ.,473
du;,38
ɡrz,302
rze,319
se;,43
utv,77
vrz,90
rzu,18
ujɪ,201
pɪ;,1
tot,510
oť,337
duɦ,10
uɦu,21
lak,241
aku,87
ť,,117
mra,94
rac,94
uɦa,42
le;,20
aɦl,104
pop,223
atr,550
ɲɪ,,252
bɪx,726
̌č,297
vrɟ,60
rɟɪ,71
bu:,1
kan,234
́nu,412
ůf,790
̊f.,141
ír,629
aje,377
vɪɲ,115
pɪj,32
bna,73
am,,127
̊f,,327
ɦan,338
anb,161
nbu,25
̌ma,56
̌f,,16
tke,119
zaɡ,37
aɡr,82
dvr,186
t͡sen,540
nbɪ,34
rot͡s,108
ats,161
́n,,72
zlu,1376
luz,1059
bni,952
any,204
oss,124
sš,123
̌ɪz,133
́nt͡s,11
nt͡si,29
emo,353
Žɪ,173
ɪmz,68
ɡom,29
maɡ,27
aɡo,9
ɡok,5
ok,,44
mad,44
daɪ,48
aɪ,,119
jav,12
an,,197
cɪr,14
as.,23
rov,581
ast͡s,9
st͡se,41
es,,147
rɪf,4
fat,129
at,,180
toɡ,14
oɡo,11
ɡor,35
orm,104
rma,20
ɪsa,294
tar,424
ars,193
rsɪ,27
sɪs,13
ɪs,,56
cɪm,37
dod,10
daɲ,87
ɲɪm,505
leɲ,45
ozd,667
jaz,157
zɪk,124
ɪku,80
leɟ,95
eɟɪ,184
dex,264
ɪzr,2455
zra,2569
raɪ,231
aɪm,238
put,21
́n.,26
uso,15
sov,139
ba,,113
sab,37
aba,224
bat,68
reɡ,6
eɡm,7
ɡma,5
tax,24
axa,413
ɡmo,2
ded,40
dan,232
an.,63
ɪmr,26
mro,39
da;,20
ont,100
nť,137
zny,165
sɪl,834
ɪln,561
lny,313
ove,376
vet͡s,49
em;,76
́ka,782
á:,43
tek,364
bab,298
lon,594
rex,48
xat,129
xal,210
aln,181
nea,20
ear,12
ar.,32
ssu,85
sur,70
ur,,39
ɲɪɲ,4
ɲɪv,42
ve,,26
roɦ,67
ɦob,8
bot,361
rez,48
luɟ,3
uɟɪ,272
ɟɪm,16
mɪm,83
laa,5
aab,2
bɪm,82
eft,89
ftu,4
tuɪ,2
uɪm,4
fed,3
edr,214
ruz,613
uzɪ,88
xaz,41
azl,61
luɪ,2
(ot,3
otk,159
oš,612
fɪl,297
ɪsc,438
ɪns,325
í),16
aft,80
tur,13
urɪ,96
rɪm,77
sɪd,56
don,172
ɦet,108
jeb,47
buz,116
uze,160
zea,28
ea,,41
ore,153
rea,29
ɡer,72
erɡ,11
rɡe,7
ɡez,7
eve,142
vea,7
at͡se,155
t͡sea,2
raɟ,47
ɟɪa,117
ɪa,,29
mar,390
are,165
tea,7
ea;,1
esi,192
onu,188
́zɪ,43
zɪ;,5
sod,41
dom,1619
boɪ,6
oɪm,9
zɪ.,26
led,763
ɦeb,130
er,,119
rš,273
zeɲ,47
rfa,66
fak,9
aks,35
ksa,23
sat,76
lut,20
ut,,71
am.,53
ɦus,45
us,,41
ɦul,7
ul,,37
ɡet,3
ra.,101
pel,94
lek,256
ek,,89
jek,30
ekt,8
kta,9
lmo,32
dad,126
sal,269
lef,388
efa,125
fa,,54
zar,279
arm,101
rmo,152
re,,36
dor,35
ɟɪɡ,2
ɪɡl,75
aɦe,20
ɦel,158
eba,207
baɪ,27
ofɪ,14
fɪr,30
job,31
ba;,8
ɪt͡,536
͡zɡ,539
zɡɲ,537
sa,,104
sef,80
far,307
lun,149
unt͡s,133
́x;,129
ar,,92
nuz,74
ejm,133
t͡sɪɦ,15
ɪɦe,11
ɪpa,184
alm,254
lme,23
oɦn,226
kam,430
lep,174
epk,9
pko,19
́bn,13
lɪ:,241
ěj,967
̌jm,7
̌ž,588
saɦ,144
bɪ;,8
ɪxo,210
xom,177
spt,86
pty,73
ýl,155
sst,210
oup,962
upɪ,492
̌xt,59
xto,58
ned,246
dat,98
umi,87
ubm,7
bme,19
ťm,11
ner,226
ume,312
̌l.,58
asf,90
el;,31
zma,172
sad,24
ta;,27
leɡ,22
eɡa,8
ɡa.,4
́ɦu,83
ɦu.,21
́ru,93
ruɡ,2
uɡa,2
xor,83
re.,8
re:,5
na;,41
lot,290
toc,236
cɪz,220
ald,91
lde,88
oji,309
mal,342
or;,10
sar,161
mel,185
elx,29
lxa,25
xa,,69
lxɪ,17
esx,4
sxɪ,2
xɪ.,7
ebl,43
vnu,23
nuk,16
íb,763
zno,184
zve,73
epi,37
ror,497
ot.,51
n.),4
lku,159
zbo,458
sɪx,73
meɲ,110
uto,192
bed,228
edɦ,63
dɦe,64
zbɪ,194
sfu,340
ɦaɪ,41
ot;,10
vo.,46
edɲ,53
ɲɪ.,100
eɡɪ,696
ɡɪp,682
ɪpt,700
nu;,36
bli,276
ptu,12
elt͡s,42
lt͡se,60
pts,440
eɡn,94
ou:,55
ɪji,116
xaj,45
med,156
ɪva,323
ɡni,614
rao,270
aon,234
sxf,22
xfa,226
ɲɪ;,18
́kɪ,287
̌fk,88
fkɪ,69
elb,67
lbl,53
oud,531
udɪ,197
ovu,410
vu.,90
t͡sos,8
žs,412
neo,451
eoz,39
st?,22
zmɪ,308
ɟɪ.,35
ruc,57
̌ů,564
aty,354
obɪ,988
o.),7
nek,99
mem,129
nɪ.,110
tac,74
čo,61
vzɲ,4
zɲɪ,209
ɲɪɡ,65
va;,37
exz,6
osi,444
jzm,370
me.,85
ě?,72
̊jd,182
lev,69
evo,81
du.,193
ůk,298
̊ko,298
jor,217
ort,200
ru,,85
sé,96
éɡ,45
́ɡo,33
á.,363
zvo,66
́ns,58
nsk,662
daf,20
šn,200
ɪt͡si,118
ot:,6
ɪɦɲ,15
ɦɲɪ,240
sɪ,,100
ůl,332
̊ln,150
lno,546
sč,41
sec,182
ojɟ,3
nuf,47
mam,19
amr,63
mre,10
ron,612
̌x,,198
fel,47
arɪ,402
rɪo,23
ɪox,7
xed,174
orl,87
rla,54
lao,6
aom,6
mɪt,78
ɡoɪ,3
ɪms,57
́lk,49
pé,198
ers,162
rso,42
ors,28
meb,2
él,146
ams,56
zje,63
jel,109
úd,178
dol,269
oli,295
ɪdɟ,5
dɟɪ,7
sol,131
cɪv,104
čd,74
rna,190
pob,264
faɪ,20
kar,146
arn,152
naɪ,123
zuz,1
mɪn,244
rɪa,241
ɪat,63
taɪ,46
rej,193
seɪ,71
eɪr,42
ɪr,,47
pou,556
ous,536
t͡sej,52
ɪsf,12
ɦub,120
lex,440
exɪ,271
dli,192
ɦas,27
ses,247
nta,9
kov,266
ɪtf,34
ejo,8
jov,181
x.),10
am;,13
osu,216
tta,35
dje,28
lɪ;,104
ɡl,,40
šk,383
aja,121
jat,117
ɪbr,321
bny,76
boj,561
ɦoɲ,71
̌ɪp,174
je;,37
cɪɦ,72
xob,7
bax,11
ku.,121
ɪt.,39
́lu,266
lů,536
vex,3
fsk,332
xɪs,59
ɪse,34
no;,5
tkɪ,328
ɪt,,236
zmu,86
́nk,343
nka,68
obu,162
buv,2
ɦac,126
ɡro,265
ojo,183
ovn,464
re;,3
mou,1034
̊j.,143
̌t͡sɪ,424
omɪ,146
ulɪ,165
í:,308
paf,52
odb,88
dbl,82
zan,480
lɪe,33
ɪez,32
zer,136
er?,4
ne;,62
sxo,46
ɟɪt͡s,309
t͡sem,176
kut͡s,31
t͡sɪ:,96
́dɲ,11
čc,13
ufe,74
dln,308
ťb,22
̌bɪ,71
dar,357
ař,434
́m?,68
vɪt͡s,266
kop,418
opt͡s,154
pt͡se,109
ɦrd,117
rdl,87
čk,387
upa,55
tko,105
ezr,93
rtf,111
apa,150
ma;,19
opɡ,37
pɡl,37
ej),1
j).,1
̌s,,77
t͡sɪs,167
ɪsi,688
žb,88
̌bu,48
pɪc,70
ouɟ,127
tt͡su,276
t͡sů,571
jɪ;,21
pox,226
oxr,30
řb,40
̌be,30
rte,106
ept,59
pť,12
pet͡s,86
our,75
uř,70
oɦɲ,122
ɲɪf,157
̌mɪ,175
en:,21
t͡sɪn,14
t͡sed,120
dɦm,1
ɦmo,4
mon,142
ons,279
tej,154
fku,56
aɡa,41
ɡar,32
ɟɪ,,117
̌ft͡s,5
asp,59
oň,76
aɪ.,36
exc,41
xč,30
ɪvd,14
vdo,77
tɪs,13
en;,44
ůn,92
̊no,9
suɟ,3
aɪ:,15
fka,25
ant,181
nte,99
ur.,5
fko,26
š?,99
̊f:,13
ɦod,157
ův,19
̊ve,7
ɪzm,64
mae,56
pen,340
̌k;,4
̌m,,197
bar,128
buɟ,105
uva,64
raɦ,253
ɦam,226
dɪ;,13
att,137
tto,107
opy,58
te:,91
laf,200
upe,332
t͡sɪz,121
ɪzo,121
zoz,73
emt͡s,47
mt͡su,24
jen,389
enz,227
eop,100
pax,53
xol,49
́k,,60
skɪ,217
lɪd,995
zru,52
kac,98
́mt,97
mť,82
zaz,97
azm,28
ɪn?,18
í?,142
ɦu:,18
ou!,4
́k;,4
su.,25
́t͡sc,61
t͡scɪ,100
áɲ,211
zɡl,161
ɡlo,212
loɲ,82
epo,421
omi,205
rox,80
oxu,177
umɪ,72
mɪj,38
jet,168
oɦɪ,262
esu,166
kus,112
leb,245
osɪ,187
ɪmo,155
te.,231
spi,253
spe,422
́rɪ,55
ouk,99
̌ln,61
nap,216
ape,95
eln,80
epu,51
́du,39
̌ɪb,179
́zl,160
mle,46
ék,78
tod,43
avd,103
vdu,39
urc,5
rč,35
apr,37
ɪmɪ,400
voɟ,78
taj,122
du?,14
out,426
́bɪ,377
opt,44
pti,21
etr,106
ɪfs,175
pɪf,47
bez,358
ezb,372
de-,45
e-l,129
ett͡s,45
aɦu,127
ɦup,57
eot,102
̌m?,3
uzm,23
mrc,136
rcɪ,139
akt,462
kť,40
be;,15
utt͡s,89
neu,371
euc,73
daj,232
xte,169
ne-,7
to?,39
naj,127
ajd,14
jdu,114
̌t.,36
xť,293
neɦ,66
̌fa,112
et?,2
vɪ;,49
af,,51
moj,875
uxɪ,42
xɪl,44
ɪlt,41
lte,88
ot͡s;,9
ot͡su,8
t͡suj,129
t͡sɪ.,119
nuc,17
peɡ,33
sul,30
efs,56
t͡sɪ?,12
rɪ,,144
̌mt,12
am!,1
xt͡se,72
ůr,138
̊ř,30
me,,139
́sɪ,100
lom,385
řm,75
raɲ,59
ejf,33
jfe,18
zde,66
koɦ,78
zet,131
ɦot,281
ťu,27
mac,25
ɪjt,21
ert,6
rto,38
asv,37
svɪ,29
t͡se:,206
aɦɪ,143
ɦɪn,230
mst,127
év,59
xop,25
ɪn;,32
tem,284
ejz,143
jž,921
eoɦ,16
̌t,,66
vuj,191
ujɟ,2
ul.,11
jɪ.,149
ozr,283
zrd,241
rde,228
ɦlo,131
ujd,14
ž,,239
doj,14
ojd,24
naɡ,106
bɪv,249
e,ɪ,2
peɲ,10
drɦ,309
rɦl,436
etk,137
t͡sel,244
ɪxz,261
or,,74
kɪɲ,28
ary,26
bɪc,168
ď,,83
t͡sɪ;,23
et͡si,143
jtr,30
fč,32
ut͡s,,11
spɪ,61
moa,197
oá,488
́p;,1
́ps,133
psk,132
amm,161
mmo,154
on;,22
moɲ,79
ur;,3
ar;,8
ɪme,217
ru.,47
vda,55
daz,46
ɪl:,38
upr,130
́mn,25
ɪnn,126
nno,61
́x:,74
ezx,7
zxr,118
alt,90
lť,86
vov,213
ɪls,112
ɪzl,392
em:,65
fte,127
š:,107
amz,64
dem,416
ex:,3
brn,101
rny,138
̌ro,7
̌t͡,35
͡zm,40
uzd,85
́vɪ,260
ɡl;,3
etp,70
́k.,20
ra:,3
̊x;,3
dov,718
̌ɪd,108
jɪc,13
ɪvr,40
vrs,31
žt͡s,67
̌t͡se,250
č,,70
́ɦv,14
ɦvɪ,14
rsa,61
sap,46
ovr,44
vrɦ,143
eko,153
luc,80
cɪ;,94
ɪxs,13
xš,40
te;,44
zav,207
t͡sot,15
ar?,3
ujm,33
jmɪ,28
jɪl,75
let͡s,43
et͡s.,8
an;,13
su,,54
fɪk,3
ol,,69
t͡sex,66
́ɦɲ,46
ɦa:,6
oml,80
̌t͡s;,2
es.,39
s.),2
eɦɲ,21
obz,15
bzv,15
zvl,45
ť.,20
ɪt͡s,,41
ť?,1
̌de,133
det͡s,98
et͡st,122
t͡stf,404
ktɪ,9
sku,337
usɪ,122
me!,2
jeɟ,52
ɪlu,198
luj,313
ɪa;,5
̌tu,180
ose,141
sek,92
amt,26
to;,28
ɦen,153
lu.,38
luf,310
otc,17
tč,99
̊j!,6
́,s,1
,sɪ,2
ř,,49
taɦ,40
ɦuj,127
ň;,6
̌ze,124
ɦo:,125
es:,4
̌t͡s,,40
́se,80
eɦu,57
va:,30
usa,85
amu,204
mue,155
uel,197
zed,20
eld,6
lda,12
das,9
bad,17
adɦ,10
dɦu,13
ɦue,18
reb,42
bek,36
eku,59
ɲɪn,76
ɡaɦ,1
́sa,365
́xu,83
xu.,29
dmm,2
mme,22
́dm,115
arb,26
rbe,18
kfi,73
xos,84
́s;,20
ɪly,63
ý!,3
ejp,22
jpr,14
̌js,292
rob,344
ňo,57
ɪml,14
uft,16
soɦ,7
max,53
axp,13
xpe,6
ont͡s,99
nt͡sɪ,91
lus,57
(te,6
t.),4
omn,59
ne:,21
st;,64
ne!,5
odf,13
dfa,12
kup,110
upt͡s,56
pt͡sɪ,43
kɪn,49
zex,139
u,m,1
,ma,1
(to,10
on),3
n),,7
ku;,25
ex.,43
aɦo,196
dɪb,58
́m-,32
m-l,36
és,215
el?,25
uvo,55
ɦl,,54
ut.,24
utu,141
naɦ,56
toj,160
axɪ,271
der,73
ert͡s,14
rt͡se,81
apɪ,43
ɪjɪ,48
ann,119
nna,48
vzx,30
zxu,49
̊ru,56
api,61
rɪɦ,82
̌az,92
azn,80
ɟɪv,109
mlc,59
lč,73
ozj,7
zji,33
ɪl-,67
ɪt͡s.,11
áu,17
́us,17
šɲ,21
̌ɲɪ,163
amɲ,3
mɲɪ,8
Či,23
ra?,6
st-,31
t-l,33
lɪ?,71
jne,211
eod,78
vdɪ,18
ban,116
drɪ,69
̊m?,5
tse,58
an:,16
uf.,8
ou?,72
mɪ:,77
ťa,109
azd,110
zdn,272
̌,n,1
,ne,12
te-,45
mte,13
met,112
dep,19
ž.,28
ď;,4
lko,34
bet͡s,9
et͡se,52
t͡se;,34
axe,82
ot͡s.,17
sť,93
ťt,75
̌kt,101
zep,37
pte,124
opo,242
̌ji,108
́t͡su,162
fse,30
at͡su,89
sse,228
uda,218
ku:,17
́k:,9
j.),2
uxu,34
xu,,68
t͡set,70
uru,19
zam,120
eks,5
san,134
maɟ,67
ɪan,71
box,146
sue,3
uex,2
ox,,20
jsa,87
ɪf:,2
ů;,51
ɪpo,113
elu,210
ajo,9
jot,29
adb,18
dbe,4
bee,8
map,5
aps,254
psa,330
dum,81
uma,17
ssa,38
afɪ,36
fɪs,4
sex,34
ef,,60
u.),10
ɪrɪ,51
rɪe,36
ɪe;,1
ɪsk,106
á-,19
́-l,89
Šl,10
dfu,5
̌li,75
rɪs,83
afy,45
ɦlu,277
lup,54
zau,88
au.,12
tu;,7
op.,15
̌ly,27
ask,39
au,,21
kob,213
ba.,43
var,80
rmɪ,38
mɪc,24
emd,41
mdl,65
rme,40
erv,39
umd,9
lel,84
(br,11
om.,15
m.),9
op:,13
au:,11
aux,3
šo,753
̌ot͡s,3
ot͡so,16
oɦr,153
ess,38
upu,369
puj,132
́mi,89
̌ɪɦ,34
ɦoɟ,46
̌ja,37
aky,95
ɡna,38
be:,2
eum,56
ěɡ,91
̌ɡd,64
tɡl,52
sel,339
̌r;,1
fž,92
̌dɪ,94
vɪk,213
asɪ,210
sɪp,53
brs,115
rst,103
vaɟ,14
ɪdn,13
ax.,97
reɦ,3
ubr,10
anɲ,9
nɲɪ,24
vzr,13
̊j;,31
xoz,42
oza,130
jst,441
me:,11
juɟ,1
ɟɪt,20
baz,17
oul,52
jda,59
ulo,311
mru,18
(zl,2
kto,418
to:,68
tky,15
mak,42
ejl,43
jle,30
eps,107
pš,143
atɪ,290
aus,1
ble,446
́ɡl,144
elc,1
obv,45
bvɪ,11
tɪ,,286
u,b,1
,br,3
rzɪ,16
zɪs,16
zl,,18
pɪz,23
tɪ-,12
ɪ-l,30
sɪ.,30
au?,1
̊ne,27
tuc,24
sot,7
otv,27
vɪf,123
tɪ?,8
on:,30
ozɪ,164
̊zo,6
zou,33
mɪ?,38
skr,22
̌e!,3
uxf,17
op;,2
vaɡ,56
kɪ;,26
ɪli,88
̊rɪ,14
rɪ;,7
jɦo,39
mut,124
utk,204
brɦ,218
ozɦ,114
zɦn,94
zba,47
bav,14
ne?,34
ɪvu,21
me-,17
ot?,1
mej,105
ojm,20
ujt͡s,3
jt͡se,8
oxe,140
dre,250
efɪ,44
o,),4
̊f;,36
zɪf,20
to!,1
o,j,1
,je,3
́.),13
pam,133
̌dn,41
rxu,132
ɪbe,38
̌vu,112
ɪtk,246
te?,35
va?,16
̌e-,12
́xe,77
xel,72
seɦ,49
ojt,48
do.,7
op,,61
ɪpe,30
̌xs,1
̌ɦl,37
obj,10
bja,8
ely,62
́t͡s.,18
mzd,57
(me,8
ía,15
́a,,5
̌ɡn,35
l.),6
dɪ:,6
dut,63
uť,131
pet,18
žl,136
taɲ,54
ěɲ,126
ezv,7
íu,5
́u,,1
elf,14
lfu,10
íe,14
́e,,6
ebɲ,32
bɲɪ,56
́a.,1
be?,12
al?,35
fta,64
ýd,4
lu,,86
́u;,2
rub,133
ube,153
sɪm,102
meo,54
eon,143
on.,79
éf,100
jud,292
ta?,10
el:,34
tux,8
ali,87
lfa,13
́a:,4
up.,4
asy,18
ser,94
er.,45
jab,51
lec,137
́e:,3
zdu,27
ɪza,220
xar,157
bda,15
rem,288
abu,155
bul,66
ru;,5
l,u,1
,uz,1
joz,573
zef,221
vɡr,2
vɪm,94
šu,219
ɪtc,29
per,69
rak,124
kat,63
nac,119
ern,93
̌tc,47
no.,59
epa,117
́li,270
tɪ;,9
rut,180
̌ta,55
poo,9
oob,1
́pk,3
pku,47
ɪl),8
l),,9
utɪ,21
jex,23
exn,5
xň,5
eob,49
tɪ.,38
neɡ,26
vek,16
vu;,15
etɡ,18
tɡr,80
o,t,1
,to,4
lo:,11
be!,2
ɪt͡st,285
fsa,25
(la,1
uɡr,95
ajn,57
mɪf,22
brɪ,18
rɪc,64
̌.),9
ɡal,225
́ts,79
dm;,6
(pr,4
aru,54
ruj,65
eml,61
lsk,1455
doɦ,12
dls,4
vɪɡ,25
̌ls,8
̌vɪ,27
bub,23
ubn,39
rfo,3
fou,2
́x?,33
utr,38
̌lt,22
ule,117
é?,95
́,n,3
̌ɦu,14
vaf,25
oni,113
zez,29
ɪɡd,34
pt͡su,40
drx,33
rxa,41
kod,49
res,160
t͡sok,10
jeɡ,6
dud,1
udɦ,1
dɦa,4
̌tk,42
ɪsp,26
ax;,4
up,,27
ozv,97
bɪf,42
vsk,15
ouf,238
ufɪ,15
fɪ.,10
ufu,7
nom,90
zad,84
rɦɲ,25
au;,3
̌dm,68
pot͡s,37
ot͡st,24
t͡stu,1
os,,27
šd,24
́l.,28
́dɪ,21
ɪjm,36
fu.,2
abo,81
ok.,7
́xp,4
xpi,4
rɦn,101
ɦni,29
teɦ,72
rae,2440
ɪdm,27
ɦls,10
ls.,2
fan,50
nue,29
vze,67
zes,37
kul,21
ulɦ,13
lɦa,18
lš,315
ze.,20
uf,,8
ňu,154
̌tr,18
udl,8
ou-,30
u-l,48
ek.,24
do,,45
ɪr.,11
sox,72
bof,72
̌kv,237
kvr,237
vrɲ,65
rɲɪ,81
lɪ),8
ɪ),,23
bno,53
̌ɪ;,27
spr,24
aď,44
pxo,6
lsc,37
ɦav,177
vno,299
́s.,75
eup,52
jvs,5
vsa,35
́t͡,56
ɪ;),2
ɪt:,53
̌e?,19
olm,8
fpa,22
ord,147
rdo,188
zeb,94
zos,20
šɡ,45
̌ɡl,55
stk,68
́tt͡s,28
̌ň,31
sso,124
zak,22
dub,9
̊s,,11
l,),4
jev,47
eɦd,64
ɦdɪ,62
all,70
llo,14
xut,128
utx,2
tx.,4
drp,47
rpe,19
ba:,2
la),2
a),,15
beɲ,222
ɲɪa,315
ɪam,187
lfɪ,3
fɪ,,11
jmi,9
beo,18
faz,13
za,,28
jɦe,5
lu;,9
ɪr;,3
fas,9
azo,146
zov,117
efo,153
fo,,4
ɡat,14
mma,34
ɟɪs,18
alv,2
lva,21
aɪa,233
amd,1
mda,1
aan,14
xan,130
eor,12
bap,14
ap,,39
ans,103
ɪtx,2
azr,16
zre,51
rek,40
sau,406
aul,406
lan,202
paɦ,71
ɦu;,8
meɦ,8
eɦe,21
tab,19
ɪx:,40
tet,13
fɪn,2
non,60
aɡɟ,2
ɡɟɪ,2
ɟɪe,11
ɪel,255
xí,43
ek),1
k),,1
suɡ,33
uɡɲ,21
̌nn,14
ef.,14
nop,19
znɪ,28
́t͡s,,73
ozo,195
zor,196
̌t͡s.,13
fov,104
̌je,117
Če,25
tsu,27
sut,34
ut;,6
ďm,21
odɦ,9
uɡl,44
rnɪ,79
dji,22
a,),3
ve.,10
̌j.,25
ɪsv,270
boɟ,102
Čɪ,26
́p.,14
von,72
onn,63
nne,99
kaɟ,139
ɟɪd,103
mɪr,28
ɪrr,14
rru,3
moc,23
rvɪ,55
uɡn,14
puc,20
ɦej,215
jdm,131
̌ol,26
old,42
ldn,26
řu,138
sua,55
ua;,2
ɦer,36
xez,6
zɪp,3
ɪp,,21
jut,505
zly,146
vzb,59
zbu,73
dɪk,2
nel,44
eli,163
suo,3
uov,4
ost͡s,8
kud,49
ka;,20
pec,136
alz,10
lž,76
sň,21
áɡ,80
ɲɪ:,12
da:,8
exk,22
xko,22
kɪd,51
xɪc,26
ufa,165
ɦl?,10
rab,55
ntɪ,17
fem,11
̌xu,16
fa.,17
fof,30
epe,60
xcɪ,13
esr,9
tpi,15
exe,214
ɦu?,4
xaf,9
řn,110
̌sn,10
̌zn,20
ɦli,49
l,t͡s,1
,t͡so,1
ɪl;,45
ňk,16
̌ky,34
pek,40
žp,48
̌pe,67
aɦn,36
mud,43
ef:,15
ýɡ,31
́ft͡s,53
ɡme,61
pup,6
kfe,59
ovl,36
vli,26
́vo,136
̌ad,51
̌jz,16
de;,63
zmi,74
nku,253
adm,29
dmo,5
̌sɪ,62
esp,145
tok,205
ɡny,10
mok,4
okr,40
ao.,5
vɪr,78
éb,37
́bl,47
enk,5
nky,4
usv,15
sva,678
dly,15
ɦlc,20
lcɪ,26
ao,,18
dac,146
drt͡s,27
xur,25
ura,55
̌ev,216
mrs,39
ču,125
ejn,67
jny,76
u,f,1
zɦu,17
om;,1
bac,8
voz,131
ze,,82
̌jt,38
se!,1
saf,44
fen,1
eax,19
(jo,13
žɟ,128
zec,84
ɪlɲ,78
upt,39
m,r,1
,ř,3
af.,5
Šp,4
pex,14
pev,86
evn,98
dɪt,14
šp,52
jml,9
ɪft,65
fť,65
du-,7
ɦa.,25
apu,33
puz,42
uvn,38
exr,15
ef;,3
lum,29
pɪd,36
pɪt,80
̊x?,3
stn,5
tň,9
ů:,38
lo-,11
o-l,38
̌eɟ,28
eus,124
čt͡s,10
ɪbu,48
buj,67
̌j;,6
mus,92
usi,57
řt,47
drɟ,1
rrɪ,4
dak,9
tɪl,24
and,14
ndl,11
omy,5
af;,2
lɪɟ,71
ɪɟɪ,77
deɲ,36
ejb,31
jbr,24
vaz,104
́ɦɪ,17
oj,,29
vet,37
́f-,1
f-l,2
ɪf-,1
to-,15
ɪdɪ,16
ɪm;,22
̌tɡ,4
rx.,2
̌zɪ,92
ft͡sɪ,15
́ji,18
ufi,202
rxs,9
(on,3
mu?,37
me?,16
̊xt,2
cɪc,105
í-,58
ɪ,n,1
̊j:,11
sav,13
(je,28
to),2
o):,2
al:,26
en!,1
ě-,8
erm,23
ɡes,31
de),2
rt͡sɪ,201
ɪď,26
omd,1
noc,103
ta:,11
fal,55
llu,43
jam,14
jax,47
kaɦ,48
(al,5
mul,6
fua,9
ua,,34
jop,54
jaɦ,11
́t:,5
fon,22
aɡɡ,11
ɡɡɪ,9
ɡɪ,,2
suɲ,3
uɲɪ,11
bon,58
rel,15
er:,12
suɪ,5
uɪ,,6
ɪov,22
xɪe,23
bex,11
azb,12
zbe,17
muf,1
fɪm,9
xup,4
upp,7
ppɪ,7
pɪm,6
t͡st.,8
zɪe,30
ɡuɲ,4
dm.,10
ɪf.,25
l:j,2
:ja,1
xfi,23
tt͡so,171
t͡sof,233
tvɪ,32
̌av,6
̌s?,1
ma?,5
rol,41
ao;,1
uro,23
otɪ,74
́l;,4
no:,15
no?,9
l:p,2
:pr,1
(oc,1
bji,7
asx,17
sej,54
mni,44
̌ɦn,23
ɪze,169
jof,10
efx,19
oju,100
á;,106
atv,40
lfi,24
pez,94
sxy,4
lvɪ,12
but,27
erl,12
dav,1068
lo;,19
zup,18
paj,11
́ml,172
̌j,,58
lt͡sɪ,14
ubo,78
rsu,14
onc,96
nč,125
ɦrp,63
rpk,60
vlk,4
́u.,1
mɪ),6
ɪ).,6
ao:,7
efu,8
zof,60
stt͡s,47
ɦa?,2
ž;,5
xɪr,24
ruɦ,257
uɦl,268
zɦo,100
jň,1
ɦl;,7
ɪpi,18
fɪt,1
ton,31
tos,113
for,49
kɪ?,13
mol,29
̊vɪ,1
txo,11
ojz,757
tep,8
pes,7
raɡ,5
aɡu,4
ɡue,2
rzo,8
úp,30
ker,28
ezɦ,25
ř.,23
̌ɪ!,2
zzu,6
buf,14
́l),2
drt,23
suz,48
erY,1
rÝ,1
ÝZ,1
́Ž,1
ɦno,140
ɪvn,95
vny,81
̊jc,32
jč,46
use,32
dɪn,1
not,42
xa;,4
pt.,2
euf,7
euk,10
̊l.,2
ot͡sa,13
t͡sas,13
̌t:,8
ozɟ,9
zɟɪ,88
oɦb,1
ɦbɪ,3
ku?,8
lux,18
nau,58
auc,59
esz,30
sž,111
́zr,35
akɪ,97
dry,110
ɡrf,62
rfi,63
ý:,95
le?,17
otd,36
tdr,36
rɦu,52
ɪx?,22
sum,28
umm,22
mmu,16
euj,11
laj,80
̌m;,16
uja,45
rɦa,49
drɲ,4
ɲɪs,18
úk,3
es?,3
sud,25
taz,100
ɦa;,3
̌ɪ?,11
meɪ,44
at:,13
rɪ:,11
jox,37
xeb,11
bet,184
feɡ,20
zeɦ,14
eɦr,24
ɦrɪ,23
elz,17
lza,7
dɦr,6
dab,50
́zo,33
zon,13
bɪu,13
ɪu,,8
lea,83
eaz,72
bɪa,113
ɪaz,10
cɪe,15
xac,74
ao?,1
vzl,12
pt,,14
pt;,1
ak;,6
rt͡su,19
̌ar,61
̌jn,13
jni,20
vo;,7
ext͡s,21
̊l,,19
okɪ,80
dm,,12
xti,30
̌ab,1
̌ap,2
ezo,52
bɪ.,31
dlt,6
t͡sti,35
̌nɪ,25
fsi,5
ɦrn,60
rnu,20
odd,32
sɪt͡s,85
f,a,1
ra;,20
ezɡ,20
ɦrs,21
rsc,10
et͡sɪ,34
ɪɦu,101
nty,17
ɡru,155
ouɡ,17
pɪ,,13
ɪnt,8
st),6
t),,9
jec,46
čm,39
́fk,8
̌pa,25
ɪlk,33
rɪj,64
rɪz,7
ɪtu,156
pt?,1
ren,10
lze,16
axf,32
dot͡s,23
nob,112
(sa,6
rno,178
̊m.,46
ɪkz,1
jɪt,66
ut:,2
ubu,26
kva,54
Ža,80
ezɲ,38
enm,8
nme,9
zop,14
pu,,7
koc,19
vji,19
̌ɪ:,13
̌ba,3
ejr,2
jrɪ,1
kɪs,3
stɡ,21
ekv,11
Ča,15
ze:,1
otf,39
bɪp,7
ɪp.,2
at;,11
lat͡s,60
epɪ,40
pɪk,2
bve,31
́xs,16
etx,25
fɪa,11
ɪar,12
aɡd,8
ɡda,5
lse,4
̊jt,7
bte,9
et͡,37
bɪn,48
sɪt,70
ɦlt͡s,11
t͡seɲ,56
xva,64
vɪ?,14
tɪɲ,61
koɲ,29
bnɪ,7
ɪa:,1
rep,32
lɪm,21
lm;,1
rnt͡s,19
cɪ!,2
ept͡s,9
elt,20
̌s:,6
so,,12
szm,3
ɦl.,27
rke,13
jna,43
ét͡s,19
erf,35
nnɪ,21
lɪa,213
ndr,3
́ly,19
rm,,9
fsɪ,59
nnu,24
fɪɟ,5
na?,7
́zɲ,102
jma,6
sax,24
zue,208
ue:,27
ɦur,24
fpɪ,1
pɪs,88
vɡl,6
ue,,65
̌ud,39
uɦe,32
ɦef,38
ro:,1
ɦɪ;,4
efy,4
ɪt;,6
muj,29
moz,29
ɦab,5
kom,153
ɡl.,11
ufs,42
rlɪ,79
oty,29
aju,8
jů,33
oub,154
zvu,97
vuk,70
̌t͡su,33
obm,41
ɦaj,102
mo;,2
mo.,5
omɲ,2
Še,41
kot,99
́mk,18
mko,12
vrn,171
nba,17
el-,20
ɪ,a,6
̌pɪ,15
pɪt͡s,20
la-,18
a-l,18
al-,32
eut,10
euɡ,6
kɪj,5
drɡ,2
rɡl,4
̌k:,1
drk,14
drc,19
ɪty,84
bɪ:,6
e.),12
t͡so,,10
fpu,7
tox,4
xo,,24
st:,8
uta,37
ubl,7
aml,14
̌jɲ,2
jɲɪ,5
roɡ,68
ɪzɡ,18
zɡn,8
lɪx,37
xev,4
ɪxv,19
xvo,2
rdn,22
uty,69
psu,4
̌sc,4
u,a,3
̌an,31
osr,11
ďo,13
ɪp;,4
̌rn,46
run,67
unt,32
ntu,21
kot͡s,1
jmu,22
zrs,9
vok,9
alu,108
dap,38
vlɪ,3
́rn,22
arl,43
arv,88
tpa,57
pt͡so,27
efc,13
saz,52
rzn,25
unu,47
uɦɪ,26
úɦ,42
uvl,6
vle,43
ovɲ,34
ol.,63
ɪsɪ,34
̌ɪt͡s,27
rɪv,5
o,a,5
̌t;,8
amp,23
ssf,11
ark,24
rku,18
end,47
ndn,43
rft͡s,27
ɦaɡ,17
unɪ,9
uni,13
xu;,6
ouɲ,2
veb,1
spy,8
ɪzn,40
afk,78
sk;,2
sk,,27
sk.,3
(xa,1
́),,35
tɪn,124
suk,18
erɦ,12
rɦr,12
nt͡su,29
lop,18
kuj,108
́ň,72
ldr,19
rum,29
ump,16
mpe,7
saɲ,7
mpɪ,17
dɪt͡s,41
ɪt͡sk,49
úm,154
omt͡s,10
mt͡sɪ,23
zdo,81
et͡s,,25
nt.,2
tad,21
ɪry,3
sɪc,54
Čt,17
íɟ,23
́ɟɪ,27
arɟ,3
ɟɪu,3
ɪus,14
paz,10
zɪu,3
ɡdu,2
rbu,7
bun,11
unk,7
ulu,23
jas,25
ɪs;,4
ɪnk,31
kur,14
rɪu,8
etɪ,3
zol,36
ɪbn,43
kaɲ,6
ɦum,32
ant͡s,34
olk,134
blk,21
zrn,52
cɪ:,25
lob,18
Řa,1
omk,22
mku,15
lke,11
zob,14
suj,11
edv,18
uke,36
jnɪ,6
́xɪ,53
ɦɪ,,32
alt͡s,20
ťo,43
jsf,12
nkɪ,35
moɡ,57
lna,85
uno,148
evl,10
osv,10
teɲ,40
(dv,1
mɪv,18
umy,15
nke,25
ejc,15
sts,31
ort͡s,8
́t;,10
sɪe,6
jfy,13
tɪk,13
fke,5
ýt,24
als,59
lsa,13
alb,7
lba,2
luk,32
fcɪ,17
cɪb,16
ɪab,10
̌fe,31
ops,23
́zm,18
̌mo,28
ɪɦɪ,33
nun,41
un,,42
ɦoc,4
ɪ,),4
ea.,6
bos,53
of.,4
rɪ),1
tkf,12
̌ru,3
luɦ,74
nuɡ,8
pɪn,17
́po,74
onk,4
ɪap,12
exu,33
ɪmy,6
fɪɡ,1
ɪɡu,1
ɡur,5
(ob,2
em),4
m),,12
laɲ,3
brk,6
zrt͡s,3
rt͡sa,3
t͡sad,3
ňt͡s,54
sos,116
́tu,124
é),16
amk,5
mkɪ,28
ɪbj,2
vbj,1
zza,7
exy,3
uk,,12
xou,84
́nv,11
nvɪ,8
akv,1
ɪmn,8
lab,12
jad,11
ɪsy,6
ýp,33
ɪnɲ,6
rň,49
rtɪ,25
̌x:,2
̌n.,3
̌n;,3
lbɪ,4
úc,11
ɦl:,3
ɪɦr,27
̌e:,11
bmɪ,7
ɲɪ),1
̊le,22
uk.,2
m;a,2
́l,,98
dlɲ,43
ýt͡s,19
ɪ,t,3
,tɪ,1
(us,1
ɪx),1
x);,1
nu?,14
jtv,2
̌up,10
jtf,3
ɦɪz,13
sup,13
uň,4
pzd,4
buk,15
eɦa,30
orf,5
rfɪ,7
ɪá,1460
arɡ,7
rɡo,7
ɡol,11
xaɡ,4
ɡap,3
lap,78
olc,4
̌rk,7
ɡrc,5
cɪt͡s,7
zu.,10
mrl,3
mrx,10
rxɪ,11
rse,8
zoɦ,11
šv,12
̌vr,1
̌nu,26
nut͡s,5
̌lu,45
Čl,32
ups,15
̌s.,10
̌s;,3
ko:,5
lzɡ,3
ol:,4
ɡnu,30
šr,1
lud,6
em!,2
lnu,21
vln,33
lnɪ,11
vsi,8
rap,53
apt͡s,12
t͡seɟ,1
boc,3
́rk,12
rkɪ,27
zmy,28
omz,4
zdɲ,8
̊lk,3
ɪnd,3
nde,4
de:,8
vrt͡s,4
ol;,6
szd,3
pem,8
rpi,22
(Ž,2
(ko,1
poɲ,24
ďa,5
blu,14
dda,48
ve;,2
́ɦe,85
rev,8
rɪn,6
lox,24
dta,15
x,k,1
,kt,14
azɡ,16
eoɡ,3
est͡s,36
́ln,18
jsu,14
sut͡s,14
ť;,7
(pa,3
ɦo),17
o),,14
ɦaf,17
ťt͡s,9
ɟɪf,54
řo,38
ret͡s,2
rzɲ,2
duj,80
je:,29
st͡sɪ,9
žɲ,12
jbl,6
jmo,18
ď.,17
una,59
̌m:,8
ɦrb,9
rbo,7
ɡrɦ,1
̌lm,1
eoc,7
ɦok,21
̌zo,2
ovd,3
afu,43
uxr,1
žm,14
mnu,4
(bl,1
odɲ,21
vrp,4
ozɡ,4
(jm,3
sxu,25
xvɪ,7
xvu,10
ot͡sk,7
jɦa,6
ɪfi,72
xoc,8
ɪmɲ,2
́lc,9
zo,,11
rda,39
ety,39
̌fc,1
̌at͡s,3
̌l-,23
é-,7
ɪsu,44
deu,5
eur,8
mɪe,21
add,30
aɪ;,10
nae,16
uar,5
mɪu,10
ɪut,7
ɡam,8
fad,10
ɡed,76
deo,44
ɦɪe,21
ɡɪe,5
due,4
ɦɪr,8
rf,,3
jnu,24
́tɪ,56
rue,2
rt͡si,7
ko;,2
uɦv,3
ɦve,3
eɪ.,10
soɲ,4
lae,1
roɲ,18
xaɪ,20
aɪl,24
vam,34
(ja,12
ɪn),6
(ve,2
ýn,9
upk,11
ul-,3
eux,34
(za,3
dbu,45
́:),1
zɦɲ,3
́,a,2
ɲɪj,5
reu,4
eů,4
t͡sta,4
rnk,1
ɪtv,25
̊sc,2
x,a,1
ɪt͡s;,4
̌,a,2
oj.,10
(cɪ,3
ɪud,5
a,k,2
kun,7
Čd,2
kej,51
edb,5
dba,31
ůt,57
̊tt͡s,50
e,),4
̌se,1
ɦaz,49
ň.,24
abb,26
bbe,16
ɪmi,9
urk,1
t͡sɪb,3
(ma,2
um.,8
na),5
a).,2
̊va,2
ɦut,13
̌jɪ,81
ft͡so,10
́tr,4
so;,1
sa?,1
lo?,15
ux,,19
rli,3
ě!,1
taɡ,5
aɡm,5
azɦ,10
̌r.,1
žf,2
̌fy,1
kɪb,5
ank,6
́s?,12
jcɪ,1
ě),13
̌).,3
rɪɪ,12
ɪɪ:,1
ɪe,,22
Ús,18
eos,50
ɪɪ,,3
vzɡ,6
vɪo,2
ɪop,2
ɪa.,9
mua,6
jef,59
ɪɡa,20
eá,27
un;,2
alc,6
ɡad,10
soɟ,2
ɟɪ;,4
adɟ,1
sɪ;,7
ɡem,8
mɪx,39
xae,10
ɡuɦ,1
zeo,15
eov,31
ue.,9
ý-,5
́x-,1
x-l,2
ex?,4
eú,3
tsɪ,14
ɦop,9
xɪm,44
saɪ,40
lma,34
maɪ,63
soa,7
oan,7
(nu,2
num,3
umb,2
mbe,2
13:,1
3:3,4
:34,3
34),3
lɪ!,6
ž?,7
ovm,20
vme,29
en?,10
osz,10
t͡sɪ),2
ne),3
pt͡si,24
un.,11
zɦɪ,37
vo?,5
vrc,1
nko,10
pɪx,3
olt͡s,4
lt͡si,4
̌fu,3
̊rk,18
xó,35
ór,35
bɪr,28
veɲ,28
u,),1
skv,15
kve,26
sve,61
bur,1
pur,60
urn,52
ɲɪ-,1
Úr,2
ň:,1
drf,34
́nl,9
nlɪ,11
om:,2
orɲ,9
ťɡ,5
rpt͡s,12
vaɦ,2
ɪxr,19
eer,7
seo,38
uls,3
mos,85
os;,1
ɟɪb,14
fe,,1
reɪ,8
dox,133
jer,969
rɪx,50
tor,57
̊lɪ,14
o,n,3
ɡln,5
xt͡sɪ,10
uɦn,6
́t?,8
vu:,11
ut͡sc,3
̊f?,3
ɦo!,6
cɪ),2
nor,10
ɪpɪ,7
eɡo,16
loe,5
oes,2
ɡak,8
̌,),3
̌n,,9
t͡sɪc,5
lfe,6
puɟ,22
mrɪ,40
oxɪ,38
uts,506
ap.,3
pɪɡ,18
ɪɡn,31
íɡ,10
foɲ,9
ɡɪt,21
ozɲ,2
ssk,2
uat,1
kɪt,2
zrɪ,16
mɪd,9
alf,11
noa,13
oa,,7
ɦeɡ,8
suf,5
fam,13
ɦuf,2
suɦ,3
emɲ,1
uɪt,1
ɪet,1
ze;,4
vom,3
zm,,5
zek,34
30:,2
0:1,7
:17,3
17),3
msc,14
ɦnɪ,1
x,ɪ,2
nɪ?,10
nɪt,2
rdu,35
jɪ:,5
̊;),1
eub,1
(mu,1
eal,8
ɪ:),1
oɡa,20
ɡa,,14
roe,18
oer,17
eɡb,2
ɡba,3
baa,74
aa,,17
abm,4
bma,7
jaɪ,14
aɪr,14
sep,19
lm.,9
emm,28
t͡seɦ,2
́r.,3
́r,,7
eja,2
ɡɪd,9
ɪdɡ,2
dɡa,6
jod,3
zɪo,10
ɪon,144
onɡ,8
nɡa,17
ɡab,112
fun,3
ond,2
bo.,1
bot͡s,8
(ta,4
eaɡ,1
e:o,1
:ot,1
xas,91
ukt͡s,1
kt͡sɪ,1
joɡ,1
ɦaɲ,2
ɲɪe,94
fot,18
ɦɪu,1
dae,1
út,49
úɡ,19
rt.,4
ɦap,3
eɦɪ,21
(ɦo,4
xuj,19
uj.,10
̌fs,7
euz,22
(em,1
kɪm,62
ujz,26
mzo,3
zom,1
fto,5
čɲ,4
ked,12
ɡop,6
zdm,61
éɲ,54
(sɪ,2
ɲɪr,6
ɪr),1
r),,3
eɪ,,17
bba,17
zɡa,11
̊m;,10
esɪ,33
vrd,22
rď,12
etf,7
of,,14
̌),,13
(po,8
́,),1
no-,1
̊zɪ,13
vɪu,73
ɪuc,73
zɪz,34
sɪo,130
ru),1
mo,,6
uj,,36
kɪ!,2
se:,3
t,),1
̊,),1
ɡl-,3
je?,16
amy,8
̌k.,11
dɦn,2
t͡svɪ,22
etv,4
ɪjn,4
̌m),2
n):,1
dl:,2
adɡ,2
̌f.,5
ssi,20
ɪzɪ,9
alɡ,42
lɡa,40
(kt,15
te),2
lut͡s,5
ut͡st,3
ɪ,f,3
obɦ,7
bɦl,2
so.,3
dl;,11
jɪ),4
j;n,1
;ne,1
ejɦ,17
luo,2
uob,2
umu,22
msi,4
eft͡s,3
̊vo,9
ult͡s,1
buc,1
pa,,3
ou),1
ɪs:,4
ofk,1
́,k,2
ɪrc,2
(be,1
̌x.,3
ɡrs,40
noɡ,3
nɪ),2
jɦu,1
xtɪ,4
́t͡s;,3
upc,12
pč,14
tso,4
ejt͡s,7
jt͡sɪ,1
jt͡si,1
ekr,1
otn,4
(ac,6
zrp,3
pap,7
cɪɡ,7
bvr,2
sac,28
́n:,4
veɡ,11
rud,50
jac,15
tɪd,15
art͡s,43
er!,1
ro!,1
ɪxt,12
̊jm,2
(ɦl,2
́x),5
x),,8
u,j,3
,ja,2
ɡov,13
o).,4
ru?,2
adɲ,10
cɪx,18
ɪxy,8
vzd,42
́my,38
zet͡s,5
jtu,2
rle,12
jɦl,6
zub,30
rsi,23
x:r,1
:ro,1
ů?,16
ejj,3
jje,3
emt,9
opz,27
pž,27
ofu,24
m,a,2
bo,,5
ɟɪ!,1
uj;,6
edf,27
dfi,16
́t͡so,5
lvo,16
kak,16
laɦ,65
pac,6
seɡ,4
ɡaɪ,23
esf,20
ř),1
ft͡su,10
xo.,4
raa,6
aap,5
peɦ,9
oum,10
rt;,1
zu;,2
art,23
̌e),4
sɪ-,3
bej,17
(lɪ,1
ue;,2
abɟ,30
bɟɪ,30
muc,1
ood,4
bao,49
txe,1
ɦly,17
vu?,10
rky,1
ɪad,70
adj,18
doɲ,37
́ms,142
jar,26
fɪo,1
mat͡s,9
ɪal,11
pej,7
bnu,10
ɪs.,9
ɡos,3
jap,8
aɦz,9
ɦza,4
jzn,8
zot,23
dul,17
xef,2
fek,13
aɡe,13
edd,13
ddo,27
ɡaz,7
ɡɪb,5
mef,4
toɲ,8
̊lt,1
ltr,1
nse,3
oɡe,6
ɡel,16
bus,7
toa,2
ksu,4
kap,9
sae,5
jaɡ,1
xad,5
ual,6
ɪod,1
dɦɪ,1
ɦɪa,1
lto,4
xes,11
aot,5
ak:,5
tao,8
aol,8
oe,,6
enɡ,9
ɡan,3
ean,1
bas,13
daɡ,2
ɡon,15
naa,18
aam,13
t͡seɪ,3
eɪl,3
ɦzɪ,4
xo;,1
ɡɪl,5
jan,5
ett,1
ɪor,1
mao,10
ree,51
juk,1
kad,23
oe;,1
lul,2
aal,13
ebb,7
xax,3
ɲɪp,2
ɪps,13
ɡaɟ,6
arx,19
mɪɦ,14
ɪɦm,13
ɦme,13
oe.,10
fue,4
̊f),1
f):,1
bɪe,13
st͡su,1
ɪmu,8
tsa,26
jɪb,3
eam,4
ndo,3
ɪm),2
oa.,3
tot͡s,6
t͡sef,1
sa;,5
m,),2
xab,78
fɪe,1
ɪe.,7
tae,2
lol,3
sun,14
bbo,1
kes,5
enɦ,7
nɦa,2
fes,1
ɦes,1
maa,81
aat,2
mek,3
zɪb,2
naɲ,50
kep,1
kum,1
ɦuk,2
kuk,1
seɟ,3
ke,,1
ɡeb,9
opp,3
ppe,3
pe.,1
m:o,1
:od,1
ťn,9
su;,5
leɪ,5
n,),2
kɪp,2
abd,27
bdo,9
áɟ,4
(ka,2
vo:,8
ozx,7
zxe,2
xě,2
jpɪ,1
xɪb,11
(Ř,1
ɲɪb,3
zut,6
ek:,2
ptɪ,16
aɪe,11
er),1
r).,1
za;,3
uzo,9
eul,4
e,t,2
alɦ,3
lɦe,2
mɪɪ,1
ɪɪ;,1
͡zɲ,31
́l:,56
́m),5
m).,3
ɪlt͡s,1
o;),1
amɡ,7
mɡl,3
amc,3
mč,3
mɡa,3
ra),1
oem,4
ɦun,1
éc,12
̌ɪ-,1
ɪ-s,1
-š,1
do?,2
ul),1
ut͡s:,2
lt͡su,11
ajm,2
ɦrɟ,7
řf,11
rt,,4
dup,9
mpo,9
joa,295
oas,67
́j,,5
eɡɲ,2
mta,3
̊ro,1
̊ra,2
̌nt͡s,10
ufo,10
rer,1
baɦ,19
lmu,19
mun,12
ba?,5
or?,1
enc,13
un:,6
ell,11
t);,1
xa!,1
ul:,23
a:ɦ,1
:ɦl,1
neɲ,1
bɦa,2
ezɟ,4
st͡si,11
aoɲ,12
t͡se?,14
ɪm?,4
su?,5
sfɪ,1
(uc,1
enɲ,3
saj,25
Šɪ,3
sɪb,18
řɡ,15
evd,1
ot͡sc,13
mso,38
řv,14
̌vo,47
t͡sat,3
t͡so?,2
e,f,1
dɪ),1
euɦ,8
vlx,2
lxk,2
Ži,3
zɪ:,11
sor,1
žv,4
usɦ,10
̌fi,4
jeɲ,2
cɪd,6
dlt͡s,6
lt͡so,5
ep,,2
usp,2
oxf,2
xa:,3
dl?,3
laɪ,52
aɪs,17
́lt͡s,8
́;),1
́xk,1
em-,3
jon,144
usk,1
kɪ:,8
aa.,8
͡zl,27
aa;,2
mɪɲ,11
t͡sez,13
et͡s:,2
usu,13
(uz,1
as),1
s),,3
aa),2
dɪm,6
nuɦ,1
ɪ?),1
fa?,1
lɪo,19
erk,24
pó,24
óz,10
ós,19
̊m:,10
ďu,16
emk,12
mka,2
́s:,4
kɪv,5
tus,11
ť:,8
up;,1
zul,2
zaɪ,119
lɪɦ,11
zuf,2
ɪvɲ,2
ɦo-,6
́sf,1
ma!,2
ɦrt,30
rtv,3
xuz,10
uzu,22
ɦat͡s,5
noj,14
uml,12
mlɡ,8
lɡn,7
́zu,12
upy,8
nve,3
fod,3
ezj,2
ɡlt,6
sa:,2
zɦa,16
en-,5
n-e,3
-ez,3
́m!,1
ku),2
tsi,2
̊s;,1
̌kr,14
bɪz,38
axr,9
joe,21
oel,19
̌ɦa,8
kux,5
jsp,5
jxa,3
el),2
l);,1
opk,4
ɪs?,4
́l!,3
vep,4
t͡stɪ,2
fɪ;,1
úb,4
(ɡr,3
ɦma,12
ɪt),2
osx,21
as:,7
̌rb,1
rbɪ,2
zao,3
aos,6
mɪɡ,14
xɪa,250
̊xo,10
́ɡr,4
̌r,,8
t͡so.,1
́pr,5
̊zn,3
brx,1
(dr,2
eok,5
ɦɪ.,17
mrt͡s,8
oam,10
aas,47
abn,73
ɡaɡ,5
rmn,8
bec,2
ɦlt,18
́dɦ,3
kš,6
ɪ:p,3
:po,5
:jɪ,1
ɪ:n,1
:ne,1
l:t,1
:ta,1
l:a,2
:aɲ,2
ɪ:a,1
ɪ:j,1
:js,1
n:f,1
:fs,1
u:a,1
:aj,2
fu,,5
m:m,1
:me,2
a:p,1
a:m,1
mmɪ,5
pka,7
lɪ-,8
zvɪ,11
oj),1
j),,2
ek?,2
ɦuz,8
ɪvl,13
ndɪ,1
́,r,1
bmy,15
vdr,10
rɦo,8
ols,5
áɪ,6
́ɪo,6
erɲ,3
ɪt?,2
do:,2
u).,2
ozz,3
zzl,3
(ɦn,2
ť),2
́st͡s,6
lu?,3
zl-,1
urp,3
rpu,8
pud,4
anp,25
npe,14
vum,1
20:,2
0:4,1
:43,1
43),1
sev,25
doe,6
oek,5
n-l,2
̌m-,1
kɪ-,3
tob,27
̌j?,2
oeɡ,1
jlɪ,9
jlu,1
ɦl-,6
fej,18
ɦax,9
pe,,3
xɪd,18
ezu,4
de?,14
(fi,1
24:,1
4:2,3
:23,3
23),3
bɪɡ,23
vax,2
lɡl,2
aɪ?,1
ukr,1
(da,4
(pe,2
cɪo,1
llɪ,2
vɪe,25
ptv,2
͡zd,8
ot͡sn,6
t͡sň,6
aox,1
urs,2
erz,1
zɪt,4
aɦm,16
mee,16
lbo,12
boe,8
al!,1
.):,1
ɪzb,14
̊.),2
́p:,7
ɪe:,1
ɡɪa,2
ɪax,7
dɪ?,6
eap,1
pso,109
aax,26
fac,24
cɪa,28
ja),1
psi,1
́pu,12
̌k?,3
xap,45
ɪtt,21
jɪt͡s,1
̌l),2
ɪfɪ,19
fɪb,15
je),5
Ša,289
ɪpx,6
nu-,8
alp,4
lpe,4
̌us,4
xɪo,6
ɪo,,3
t͡sɪm,16
ɪmp,16
mpa,17
xon,2
tte,17
́x!,2
le),1
ofc,5
ɪnt͡s,9
ɪdb,71
dbo,7
ɦɪ),1
maɲ,3
nt͡,20
joɪ,66
oɪa,68
tu?,1
zus,2
t͡se),2
́).,4
ɟɪ?,3
lu:,2
̊nu,17
ž!,1
ɟɪɟ,1
̌ss,4
veɦ,2
ap:,3
ar:,3
mɡɲ,1
č;,2
koa,3
koɪ,7
oɪt,7
ur?,1
Ři,17
tpe,15
aɪt,1
ɲɪ?,7
ɪt͡s?,2
zjɪ,1
axt,4
xtu,1
arz,13
bob,2
ɪru,7
ý),7
dec,11
m.t,1
.te,1
on?,5
es-,1
s-l,1
eɪ:,4
soc,4
vak,5
ɪmɦ,5
mɦa,5
rts,3
bɪɦ,8
ɪ;o,1
;ob,1
šf,1
fzd,1
ɪkɪ,15
dvl,2
te!,1
́p?,1
dur,5
eɪa,36
(ɡa,1
ja,,4
bɪb,3
ɪbb,5
́fu,6
ɡɪm,6
pst,7
̌lk,18
tsc,7
faj,24
̊zɲ,6
̌xa,4
erd,1
jos,4
doɟ,2
xox,5
nɪ!,1
jzl,4
t͡sky,11
unn,2
oxs,2
xsk,8
rba,4
xum,14
ums,1
ɪaɦ,3
aɦb,8
ɦba,4
ɪf?,3
zmɡ,2
vnɪ,9
mɪk,4
om?,3
l).,5
̊na,8
ufn,7
fň,13
bdɪ,1
́fr,1
par,18
rua,2
uax,3
rn,,3
cɪp,4
ard,84
mxu,1
rɪp,25
akk,23
kko,14
pav,19
avl,28
pkɪ,9
fpo,1
okv,1
brɡ,3
rɡn,3
ɡnɪ,4
ř;,1
pu.,4
ɪkf,4
̊n,,2
ɟɪ),1
sfo,26
ɪof,5
boa,150
puɡ,2
tun,21
a;t,1
;to,1
čv,1
pul,6
ler,5
nt͡so,4
uli,7
ɪtp,12
ot͡s:,2
ami,12
kab,1
(fa,1
(lo,2
muɡ,3
uɡɪ,3
upn,31
pň,32
ɦɪɲ,2
ɡen,2
nub,3
ɪɪ.,2
ua),1
zɪa,166
lvu,9
koɟ,7
doc,6
psɪ,15
řc,10
anc,6
ncɪ,6
ɪss,4
tť,12
ɦez,1
lbe,1
jé,60
́su,19
́,t,2
,ta,3
ɡɪn,12
som,13
va),3
eɡu,3
ɡub,2
ɡbe,4
umo,14
(ab,1
udv,1
́.R,1
.Ř,1
rɪi,1
ɪí,3
msɪ,5
zeu,36
e,a,4
jta,5
rť,1
̊s.,2
sɪf,5
́nt,1
xea,28
lɪɡ,3
́tz,2
ɪlx,3
nks,1
22:,2
2:5,1
:54,1
54),1
́,b,1
zee,10
eem,3
us:,12
ee,,1
xu),1
̊tc,4
da!,1
kɪr,9
ɪrx,8
uks,1
avm,3
ka?,5
á!,5
duz,6
rx,,1
zɪ?,1
tti,8
ak?,4
(el,1
otz,7
tzd,6
eox,3
us?,1
ubɲ,3
pun,19
oj?,4
elɲ,7
oax,48
zmm,3
lɪi,2
lɪɪ,2
eof,3
oad,4
ful,3
kax,14
ɪů,3
ɡob,1
atf,6
zɪn,12
ɡoz,5
́ju,4
vaɪ,14
ukk,8
rɡa,4
o,k,3
sat͡s,12
alx,5
ɪak,16
kɪa,53
ls,,10
rtu,30
esv,10
at?,4
kɪe,1
dbɪ,12
dr,,12
ɪs),2
sɪ:,9
paɲ,5
nbe,75
ěp,17
̌pu,8
́sp,6
zlz,15
lzɪ,11
dax,5
sɦr,6
̌:s,1
vzɪ,1
čs,2
ull,28
xɪk,20
ɦbo,4
u,r,1
xul,2
ult,3
kue,3
̌kc,6
kč,13
ɦoa,3
anm,1
lxo,3
́j.,1
éx,12
mɪa,179
oak,37
ped,8
aɪo,15
bux,88
ofo,7
maf,11
ɡod,29
anx,8
nxu,2
zaɲ,7
ɪlm,7
mnɪ,2
ɪr:,3
ɦom,2
alj,1
lja,1
vɪɪ,1
ɡup,1
ure,2
t.t,1
.to,1
app,4
ppa,4
paɪ,2
sɪz,3
tap,1
pua,1
kea,1
joɦ,2
ɦed,1
eɡe,1
saa,3
aaf,2
aɡb,8
tɪ:,3
edɡ,2
nux,3
sub,7
jus,1
apx,2
pxe,1
xaɲ,10
ɲɪo,2
ɪoe,8
oen,9
rɪk,6
ɪas,18
kku,8
eaɪ,4
ma:,2
as;,3
lfo,2
koe,3
aar,3
zox,3
kó,5
beb,7
sea,8
vru,8
ɦuɟ,1
kuc,2
enx,2
nxa,2
xet,5
nzo,1
bea,3
jok,1
rnc,16
̌bɲ,4
tue,1
xen,9
lo),2
roa,1
aɦd,1
ɦdo,1
ɡun,1
nod,1
aɦɟ,1
ɦɟɪ,1
ua.,3
kkɪ,7
ɪmm,15
azɲ,5
afo,27
eɪo,1
kí,2
vu),1
kok,1
jɪp,1
sɪa,10
jeu,2
ɪzɦ,1
ɪkx,1
kxɪ,1
see,2
fax,5
ɪrz,1
rza,3
suu,1
ubb,1
xoa,1
fuf,1
ž:,5
xɪx,1
ɪrm,1
elp,3
lpa,3
sas,3
baɟ,9
zɪɦ,11
ɪen,1
mse,1
zur,8
mea,4
ɪbp,4
bpa,4
seɲ,5
utt,1
baɲ,8
nuo,1
neɪ,4
ɪbɲ,1
ɦoɪ,2
ɦze,1
baɡ,6
bak,2
(mɪ,5
am),2
́ks,2
xaɦ,2
ɡɪz,1
saɡ,1
mɪp,1
xav,3
jaa,9
ruf,1
oez,1
oj;,3
a:a,1
:ad,1
ɪt͡sv,6
a,p,1
,pr,5
zɪt͡s,3
vuc,27
aaz,4
unɲ,6
atc,9
tcɪ,11
aun,1
o,p,1
(jɪ,3
̊j),1
xun,1
ɪem,3
bbu,3
bbɪ,2
ɪpp,1
ep.,1
bue,3
jpo,6
t͡st,,5
zm.,7
ɦak,2
ɪlɡ,3
lɡu,4
zɪr,2
bae,3
ɦde,2
deɪ,2
fav,1
loc,3
fae,1
uns,3
amɦ,2
mɦu,2
sɪv,1
ɪvm,1
̌ɦɪ,1
ɡum,3
a);,1
(fs,2
(tɪ,1
á),2
ek;,1
aad,2
ddɪ,1
al),1
nu),1
uss,3
bɪ?,5
x,b,1
etc,2
ňs,7
ze),1
́s),1
s);,1
ɪks,1
(aɲ,1
(op,1
ex),2
dbr,1
urb,1
ɪɡz,5
ɡzo,5
zoa,5
nɦɪ,5
aɪu,1
eɪ;,1
ɪvz,3
nbo,10
beɦ,2
́kc,7
t͡sý,23
rɪd,5
xee,6
ɪɡv,6
ɡva,6
tuo,2
uof,2
kka,3
ɡbɪ,1
xaɟ,3
kub,3
zɪx,3
ɡax,2
meu,2
euɲ,2
fus,1
ɡbu,5
xak,2
kuf,2
kse,18
rks,15
kso,3
msa,4
atx,1
arp,6
kev,2
een,3
új,1
́jm,2
eet,1
et:,1
emy,11
ɡɡe,2
ɡeu,1
ɡea,1
̌rc,4
ɪeɦ,1
ɦoe,1
xɪv,1
oaɟ,3
nuɪ,7
npi,11
ɪtɦ,2
̌t-,1
ur:,1
ta),2
tu:,1
beɟ,1
vaɲ,1
kɪz,1
mrz,3
vje,1
nee,3
arɦ,2
nur,2
olx,2
ɪfk,2
ux.,3
ɟɪɪ,1
t͡st;,2
zm;,6
ɪfo,1
tum,1
t).,2
ekf,2
ɪrt,3
(od,1
ů),2
̊),,2
abɲ,1
akp,1
kpɪ,1
pɪa,1
ddu,3
dua,3
oed,1
nua,1
mzɪ,1
ɡɪs,1
enr,1
nre,1
ɡeɦ,1
ua:,1
toɪ,1
oɪ,,1
aaɟ,1
lɡo,1
aaɪ,1
̌mn,4
dmi,11
ɪnɟ,2
nɟɪ,2
ɪre,4
bɪk,3
ɪkt,4
mux,5
xeu,33
rro,4
xeo,17
et),2
us;,2
ksk,5
us),1
ar),2
rlu,4
djɪ,2
(am,2
e?),1
̌ɦe,2
nda,1
eky,4
an?,2
tɡɲ,3
drb,1
ɪld,5
uxs,6
ɪkv,11
ul?,2
op?,2
dɪx,22
Řf,2
̌t?,1
ɪxf,5
lti,7
zat͡s,12
at͡sp,12
t͡spa,11
̊x!,1
bva,1
ɪk,,4
Řv,2
ve-,1
zls,10
ep:,4
ot͡s?,1
puk,1
̌ɡr,2
ɡrt͡s,1
oot,2
olɡ,1
l,a,1
of?,1
ɦɪb,14
rkt,3
ook,1
Žf,2
anl,2
ůb,3
̊bu,1
rpt,2
ve?,1
axv,8
vat͡s,17
́n?,2
Út,3
ltu,2
́zv,1
lsi,3
obɲ,15
zlt,1
da?,4
sɦn,8
žz,4
osy,12
fɪj,2
zvr,1
kox,14
jli,1
jro,1
dml,9
je-,2
tu-,1
e).,1
̊be,2
́sv,3
xt͡si,1
uxv,7
mu-,2
ůc,6
̊č,6
ɪ,p,2
blv,1
̊rt͡s,7
31:,2
1:4,1
:41,1
41),1
žɦ,1
jla,1
ɪt͡su,7
́?),1
?)t,1
)ta,1
exf,1
ůp,4
̊pe,4
(an,1
36:,2
6:3,1
št͡s,2
zxa,5
ɪfu,1
mň,2
se?,3
tuɦ,2
ɪpr,2
vrk,2
39:,6
9:3,6
:31,2
31),2
:32,3
32),3
ej?,1
:33,2
33),2
:35,1
35),1
dr;,1
40:,6
0:2,5
:25,2
25),2
:26,1
26),1
:27,2
27),2
:28,1
28),1
Šu,1
úl,8
lbu,2
ket͡s,1
ppu,1
pux,1
dr.,5
rɦe,3
rzm,1
jɪ!,1
(ps,66
lms,66
3:9,1
:9),5
4:9,2
5:1,6
:13,7
13),7
vrɡ,2
6:1,5
:11,4
11),4
(ny,2
t͡sɪt,18
nao,5
7:1,3
:18,4
18),4
8:1,5
:10,4
10),4
ɪf;,4
ɦɪɡ,1
ɪɡɡ,1
ɡɡa,1
9:2,2
:21,4
21),4
efp,1
12:,1
2:9,1
eud,1
st͡so,2
dti,1
,fu,1
18:,1
8:5,1
:51,1
51),1
sú,3
19:,1
9:1,3
:15,2
15),2
21:,1
1:1,3
:14,9
14),9
2:3,1
jfi,2
́rl,7
1:2,3
̊ň,6
34:,1
apy,10
bls,3
emɦ,1
mɦo,3
obx,1
bxa,1
̌ac,6
̌my,3
38:,1
8:2,1
aɦɲ,1
pɪr,3
ro-,5
41:,1
42:,2
2:1,5
:12,5
12),5
44:,1
̌os,3
jup,1
rra,3
45:,1
́xt,2
46:,1
47:,1
48:,1
kɪ),1
sxv,1
ťk,4
49:,1
uzr,1
vjɪ,1
51:,2
:20,2
20),2
52:,2
53:,1
3:7,1
:7),1
rt͡so,2
54:,2
4:8,1
:8),3
ax),1
55:,1
5:2,1
:24,1
24),1
56:,1
57:,1
58:,1
59:,1
tx,,1
jť,4
ee?,1
60:,2
veɟ,3
61:,1
1:9,1
62:,1
ot),2
63:,1
3:1,2
64:,1
4:1,2
lm,,3
pef,6
efn,6
u,s,1
65:,1
ro.,2
67:,1
7:8,1
ɪ,j,1
,jɪ,1
ujn,3
68:,1
8:3,1
:36,1
36),1
̌zɲ,2
69:,1
:37,1
37),1
70:,1
0:6,1
:6),1
at͡,1
ɲɪ!,2
,na,1
ɪkr,3
75:,1
76:,1
̊ze,4
dɪ-,1
77:,1
7:2,1
soz,3
80:,1
81:,1
ɡep,1
́ls,1
83:,1
:19,2
19),2
ů!,1
84:,1
85:,1
ɪ?s,1
?se,1
88:,1
bu?,1
89:,1
9:5,1
:53,1
53),1
92:,1
:16,1
16),1
Šk,1
bti,5
102,1
02:,1
2:2,1
:29,1
29),1
(vɪ,1
ɦoɡ,2
řl,4
108,1
08:,1
̌x;,1
epx,1
px.,1
Úc,1
zlk,1
̊sk,8
opv,1
pvr,1
̌eo,2
t͡sep,1
epd,1
pdr,1
ɡl?,2
́,f,1
Úɦ,1
140,1
142,1
2:8,1
mob,1
jtk,1
̊mɪ,3
fuj,1
rtk,3
vab,7
stc,2
ɪt͡s:,1
,al,1
̌kk,2
̊n.,1
m,n,2
muk,2
mrɦ,1
nň,1
oft,2
fti,1
jdr,3
e,n,2
ox:,2
̊de,2
ɪk?,2
mo?,1
kky,1
ɪtɡ,1
ɲɪd,3
́vr,5
ke.,1
ru:,2
ɡlu,1
kuz,1
u,k,1
neɟ,1
dr?,1
zɡd,1
zl:,2
(et͡s,1
t͡st͡,1
7:3,1
:30,1
30),1
̌t͡s?,2
vsp,1
fɪc,1
akr,1
vbɪ,3
bɦo,3
ejɡ,6
jɡr,6
opn,1
́jd,1
(so,1
exs,1
du!,1
̌ju,1
rvu,1
rpɪ,1
ɡrt,1
nus,2
pau,1
loj,1
́ɡn,2
ɪk.,1
a,a,1
mum,2
e,d,1
,do,1
t͡spe,1
ok:,3
(zɡ,1
t͡sɪ-,1
(st,1
sot͡s,5
ɪɡɲ,2
luɡ,2
at͡sɪ,4
́k!,1
̌n?,1
t͡sɪf,1
̌ɪu,2
ɪú,2
bai,1
aí,1
ɪbm,3
̌po,7
pky,5
jɪ?,4
bɪɪ,2
ɦre,1
lzu,1
dr:,1
́jo,1
m,k,1
jn,,1
vap,1
ɡmi,3
ldɪ,2
Čc,2
oks,1
ksɪ,1
jɪk,1
ɡrb,2
rbn,2
lɦo,3
jbe,1
řt͡s,1
xɪp,1
sak,4
n).,1
e,k,1
l):,1
;aj,1
ut͡,1
eut͡s,1
t͡sɪp,1
sɦɲ,1
ɪ):,1
mo:,1
rst͡s,2
́);,1
sɪɲ,1
rmi,4
blf,1
l?),1
e,j,1
x,v,1
,vɪ,1
j,n,1
oop,1
řp,3
ɪ,k,2
̌mi,1
̌x-,1
rec,2
anɡ,1
nɡe,1
mut͡s,3
ut͡so,1
ɪ,b,1
,bu,1
n,ɡ,1
,ɡd,1
̊š,1
xpa,7
odz,3
dzɪ,3
n,t,1
,te,1
Ó,,1
vre,18
n,k,1
jza,5
̌xɪ,1
rs,,1
opc,1
́rm,1
am?,1
(ml,1
n:),1
jɦr,1
úf,2
ulk,1
mrd,1
rdm,1
lxu,1
̊tu,1
jls,1
zlm,1
(ti,2
vlu,1
n,f,1
vav,1
e:ɦ,1
:ɦo,1
vɦo,1
zo.,2
ɡou,1
̊r,,1
or:,1
bat͡s,1
t͡sɪɲ,1
ux:,1
pto,1
dee,1
ɦux,1
ma),1
jɪr,2
jux,1
́l?,1
̌su,1
nxe,6
ɡls,1
ls:,2
epc,1
ɦrc,1
oxv,1
jpe,1
edɟ,1
́t͡s:,1
ťe,1
ok?,3
ajt,2
́k?,1
̌tf,2
tft,1
va!,1
ɪt͡s-,1
t͡s-l,1
jzd,1
ut͡su,2
reo,1
(oɲ,1
Řk,1
̌oc,1
e,p,1
xka,1
m,o,2
,ob,1
rdɪ,1
(xe,1
bmi,7
kuɡ,2
ř:,1
aop,1
ojɲ,1
lve,1
ɪ.b,1
.br,1
̊ni,1
cɪ-,1
̌nt,1
at-,1
(č,1
ɡly,1
vlt͡s,1
pɪb,1
Šo,1
̌oɦ,1
ory,1
̌um,2
edj,1
̊zu,1
ejɲ,2
ɦep,1
feɲ,1
tkv,1
kvo,1
sɪɪ,1
kɪl,1
ɪt͡so,1
juɡ,4
obf,1
bfa,1
́zɟ,1
e.b,1
.bɪ,1
(aj,1
xu:,1
ɡoɡ,11
oɡu,3
ɡu,,2
ɡu.,1
̌pi,2
,op,1
̊da,3
̊re,6
̊te,1
̊ld,3
̊dɪ,1
t͡su,,1
́t͡sk,1
řɦ,3
̌ɦr,2
(se,1
e):,1
u,v,1
,vo,1
̊tk,1
ró,2
ón,2
́ɡe,1
ɡo.,2
ɡo,,7
́ɡa,1
of:,1
xky,1
̌du,2
zbj,2
jú,1
loa,2
̊,f,1
̌t͡s:,1
