anf,103
nfa,72
faŋ,52
aŋk,1024
ʃuːf,9
ɡɔt,3499
hɪm,650
ɪmeː,509
meːl,817
ʊnt,44712
əʀd,4431
ʀdə,4881
də.,543
diːə,14351
vɑːʀ,4128
vüʃ,521
üʃt,668
leːʀ,207
eːʀ,,130
fɪn,376
ɪns,1022
nst,878
stɐ,1302
auf,6034
tiːeː,195
iːeːf,91
eːfə,72
fə;,18
ɡaɪ,319
aɪs,979
ɪst,8264
ɔteː,927
teːs,1292
ʃvɛ,168
vɛp,9
ɛpt,113
ptə,987
deːm,6196
vas,720
asɐ,593
sɐ.,68
ʃpʀ,5975
pʀɑː,4685
ʀɑːx,4496
ɑːx:,1683
vəʀ,4161
lɪx,371
ɪxt,9618
xt!,91
vaʀ,1405
aʀt,1444
xt.,553
zɑː,,185
dɑːs,14884
ɡuːt,576
ɑːʀ.,263
ʃiːt,60
foːn,5376
stə,2669
təʀ,2960
əʀn,5973
ʀniː,222
niːs,432
nan,407
ant,5347
ntə,2094
tɑːk,594
nax,736
axt,3195
aus,5257
ɑːbə,3403
bən,7491
ənt,1892
mɔʀ,480
ɔʀɡ,634
ʀɡə,1403
ɡən,7701
əʀs,3601
ʀst,2729
ɑːk.,113
ain,30044
inə,10818
fɛs,329
ɛst,2476
t͡sviː,242
viːʃ,206
iːʃə,452
ʃən,1113
dən,19518
asə,1351
səʀ,855
ʀn,,1551
zai,10182
əʀʃ,782
ʀʃiː,72
ʀn.,588
max,1456
xtə,3666
ntɐ,1727
übɐ,2279
tə.,875
ɡeːʃ,701
eːʃɑː,173
als,2114
lsoː,1193
soː.,33
eːl.,422
and,3419
ndə,7613
dəʀ,4836
əʀə,912
zam,500
aml,60
mlə,28
ziːx,3103
beːs,354
eːsɔ,64
sɔn,128
ɔnd,849
Öʀ,11
̈ʀt,11
ʀtɐ,57
tɐ,,1034
mɑːn,1438
tʀɔ,277
ʀɔk,190
ɔkə,81
kən,1940
ənə,1053
zeːə,483
eːə.,50
də,,840
mlʊ,23
lʊŋ,30
ʊŋk,902
meːʀ,1024
eːʀ.,110
las,1268
aʊf,1206
ʊfɡ,335
fɡeː,207
ɡeːə,1133
eːən,2198
kʀɑː,345
ʀɑːs,192
kʀa,651
ʀau,1394
aut,601
ut,,45
eːsɑː,131
sɑːm,186
ɑːmə,1548
mə,,123
fʀʊ,161
ʀʊx,169
ʊxt,533
xtb,63
tbɑː,79
bɑːʀ,351
ɑːʀə,2165
päuː,150
äuːm,187
uːmə,207
jɛk,438
ɛkl,579
kliː,1069
liːx,2352
iːxɐ,351
nɑːx,1907
inɐ,2291
tʀɑː,701
ʀɑːɡ,338
ɑːɡə,3277
hɑːb,2595
nən,9317
aiɡ,521
iɡə,483
zɑːm,480
mən,5151
bai,1804
zɛl,313
ɛlb,1148
lbs,608
bst,724
ən.,6566
liːs,852
eːsa,871
sam,442
amt,507
mtə,113
tə,,1855
iːxeː,207
xeːs,659
ʀt,,995
tʀuː,253
ʀuːɡ,65
uːɡə,303
iːʀə,2314
ʀən,5727
hat,1735
atə,1784
tən,12791
ən,,11030
ʀt.,469
tʀɪ,710
ʀɪt,352
ɪtə,815
xtɐ,814
deːs,6962
ɪmɛ,141
mɛl,587
ɛls,1109
ls,,420
ʃai,119
aid,1461
idə,1032
ɡeːb,2988
eːbə,2556
t͡sai,1223
aix,1154
ixə,485
xən,3036
ait,4462
itə,752
tɑːɡ,1023
jɑːʀ,787
aiə,356
iən,262
ziːə,10172
t͡sva,1196
vai,3659
kʀoː,1246
ʀoːs,1001
oːsə,1744
tɐ:,76
oːseː,377
seːs,548
xt,,1053
ʀeːɡ,220
eːɡiː,46
ɡiːʀ,28
ʀə,,242
kla,1445
lai,2734
ineː,4354
neːs,2191
dɑːt͡s,368
ɑːt͡suː,378
aux,1941
ʃtə,1007
ʀnə,638
nə.,115
zɛt͡s,225
ɛt͡st,578
t͡stə,362
ʃiːn,58
iːnə,2318
eːɡɪ,111
ɡɪʀ,92
ɪʀt,3514
ʀtə,2435
ʃiːd,15
iːdə,675
iːs.,81
fɪʀ,306
əʀʀ,8856
ʀʀeː,25
eːɡə,1647
miːt,5129
veːb,54
ənd,1255
leːb,787
ndiː,507
diːç,466
iːçə,1732
çən,1078
tiːə,143
iːəʀ,146
ɡeːf,1246
eːfö,3
föɡ,96
öɡeː,82
ɡeːl,1172
fliː,164
liːɡ,177
iːɡə,774
ls.,149
val,291
alf,65
lfiː,7
fiːʃ,70
alə,3405
ləʀ,340
əʀl,1198
ʀla,568
ɡeːt,1291
eːtiː,66
tiːɐ,53
iːɐ,,12
lɛb,153
ɛbt,242
vɛb,7
bt,,259
dɑːf,1386
ɑːfoː,293
ʀʀɛ,266
ʀɛk,408
ɛkt,619
ktə,2021
eːfiː,514
fiːd,7
əʀt,2666
ʀteː,749
eːl,,1050
zɛk,379
ɛkn,379
kneː,282
neːt,476
eːtə,2531
mɛʀ,46
ɛʀt,543
oːyːx,2235
əʀf,896
ʀfü,151
fül,232
ült,126
eːʀ;,45
iːdɐ,1596
eːʀə,671
fün,569
ünf,601
nft,137
ftə,402
pʀiː,945
ʀiːŋ,570
iːŋə,1394
həʀ,10640
ʀfoː,30
foːʀ,3133
ʀt:,37
fiː,,65
ɡeːv,1359
eːvü,29
vüʀ,508
üʀm,53
ast,1538
ʊns,2063
ənʃ,935
nʃə,674
mɑːx,850
ɑːxə,1759
bɪl,198
ɪlt,584
lt,,476
ai,,335
ʀʀʃ,123
ʀʃə,85
ɡan,965
ant͡s,1598
nt͡sə,843
aleː,1441
leːs,1162
ʀm,,24
kʀɪ,475
ʀɪx,1944
t͡suːm,1686
ɪld,210
ldə,606
iːn;,118
man,1671
aip,569
ip.,32
ən:,1864
ʀtɑː,69
tɑːn,872
ʀʃt,37
zeːt,60
dɑː,,220
ɡeːɡ,1515
eːɡeː,542
mt,,198
t͡sən,1531
oːyːʀ,1030
yːʀɐ,176
ʃpa,367
pai,338
ais,1982
isə,909
sə,,363
leːm,1054
lən,4662
öɡɛ,36
ɡɛl,389
ɛln,688
ɡʀü,157
ʀün,160
üneː,5
ɛsə,822
sən,5828
ɑːn,,657
vɑːs,2215
ɡeːm,800
eːma,898
tə;,239
zeːʀ,293
uːt.,61
ɛks,280
kst,474

al,13
fɔl,2652
ɔlə,1359
ndeː,749
deːt,1613
iːʀeː,593
ʀeːm,722
heːʀ,306
ziːb,507
iːbə,1121
əʀk,1715
ʀkə,556
kə,,120
ʀuːt,100
uːtə,291
hai,2109
ail,1964
ilɪ,348
lɪk,246
ɪkt,772
iːn,,512
dɑːʀ,2144
ɑːʀuː,1332
ʀuːm,1424
dɛm,43
ɛms,139
msɛ,43
sɛl,970
lbə,843
ɡəʀ,2086
əʀuː,1099
eːvɔ,366
vɔʀ,1985
ɔʀd,552
eːʃa,41
ʃaf,271
afə,204
fən,1822
zɪn,1853
ɪnt,2825
nt,,1075
it,,477
fɛl,623
ɛld,266
noːx,1166
nɪx,6768
eːva,487
vak,93
aks,307
ksə,207
ən;,2633
ənn,6231
knə,159
kai,1767
nʃ,,49
lan,2258
bau,661
utə,230
ɑːbɐ,4895
neːb,298
eːbeː,211
beːl,663
ɡɪŋ,716
ɪŋk,1529
foːʏ,8
oːʏx,166
ʏxt,135
xteː,849
teːt,3086
nt.,563
neːm,3541
dəŋ,254
əŋk,691
ŋkl,123
kloː,24
loːs,540
oːs,,114
pliː,387
oːdeː,191
nɑːs,76
ɑːsə,262
sə.,210
zeːl,690
eːlə,776
lə.,111
p͡fla,92
nt͡st,65
ɡaʀ,93
eːdə,924
hiːn,1854
iːna,920
nai,483
in,,569
ʊfv,34
fva,11
lʊs,141
ʊst,634
stiː,146
tiːk,302
nt͡suː,130
t͡suːs,287
uːseː,45
seːə,360
aum,333
əns,812
mɪt,520
nnt,124
ntn,122
tniː,95
pöz,358
özə,318
zən,324
ʃtʀ,824
tʀoː,491
ʀoːm,65
oːm,,54
väs,27
äsə,87
taɪ,144
aɪl,230
ltə,2224
fiːʀ,300
haʊ,437
aʊp,524
ʊpt,596
ptv,1
tva,31
haɪ,363
piːs,67
iːsoː,24
soːn,125
oːn,,588
flɪ,55
lɪs,362
heːf,52
fiːl,1409
iːlɑː,90
lɑː;,5
ɑːsɛ,421
ɪnd,3464
ɡɔl,470
ɔlt,1722
lt.,196
köʃ,62
öʃt,261
ʃtl,70
tliː,613
iːx;,158
beːd,136
eːdɛ,147
dɛl,408
ɛliː,3
liːoː,3
iːoːn,193
lst,1176
sta,473
tai,1078
oːnʏ,11
nʏk,11
ʏks,11
ks.,44
ɡiːoː,9
moːʀ,151
oːʀə,666
ənl,257
nla,259
hɪt,11
ɪtd,195
tdeː,11
deːk,69
eːkeː,78
keːl,97
asyː,111
syːʀ,259
yːʀiː,195
ʀiːn,645
iːn.,307
oːʏf,62
ʏfʀ,19
fʀɑː,198
ʀɑːt,545
ɑːt.,396
nɑːm,1304
beːv,180
eːboː,907
boːt,787
zɔl,5557
ɔls,918
vɛl,1024
ɛlx,741
lxeː,593
ɑːɡeː,371
ɡeːs,2136
st,,1709
vɪʀ,3676
ɪʀs,414
toːd,162
əʀb,1195
ʀbə,875
uːt,,184
ala,199
ai;,42
vɪl,3016
ɡeːɪ,7
eːɪl,23
ɪlf,241
fiːn,2
ai.,150
pʀa,1286
ʀax,667
säh,24
ähə,56
hə,,32
viːə,3094
nnə,285
üʀd,331
ɡɑːp,454
iːxə,681
foːɡ,38
oːɡeː,37
füʀ,1640
eːfʊ,168
fʊn,266
ʊnd,1723
väʀ,330
äʀə,365
ʀə.,154
ʃlɑː,512
lɑːf,95
fal,582
ʃliː,87
liːf,195
in.,491
ʀɪp,20
ɪpə,79
pən,157
ʃloː,40
ʃtä,866
tät,834
ätə,1130
fla,349
aiʃ,252
iʃ.,12
pə,,8
foːm,766
ɑːm,,408
iːm.,174
nʃ:,2
doːx,754
mai,4545
iʃ;,7
män,508
äniː,12
niːn,34
anə,196
ənɔ,239
nɔm,233
ɔmə,1774
st.,766
fɑːt,1229
ɑːtɐ,713
mʊt,383
ʊtɐ,346
fəʀ,5540
aib,1111
ibə,762
hɑːŋ,37
ɑːŋə,1003
ŋən,1984
nak,45
akt,581
kt,,74
ip,,109
ʃäm,50
ämt,12

ʊn,280
lɑːŋ,327
tiːɡ,546
iːɡɐ,52
bə:,44
jɑː,,562
saɡ,460
aɡt,850
fʀü,204
ʀüx,131
üxt,229
ən?,814
ŋə:,4
viːʀ,1145
umeː,6
meːs,214
hɑːt,2480
ɡt:,156
ʀüh,289
ühʀ,919
hʀt,685
ʀt',117
t's,575
ʀbt,112
bt.,98
ʀdeː,320
ɪtn,13
tnɪ,12
zɔn,968
is,,123
ɑːs,,731
yːʀə,731
auɡ,622
uɡə,615
eːtɑː,843
vɪs,240
ɪsə,369
ʃau,150
lɪp,191
ɪpl,76
kluː,95
luːk,260
ɑːs.,100
vʊʀ,416
ʊʀd,353
iːʀɐ,542
eːvɑː,84
ɑːʀ,,712
flɔ,15
lɔx,7
ɔxt,343
fai,217
ənb,186
nbl,1
blä,25
lät,22
ätɐ,307
uːsa,200
amə,336
ʃüʀ,4
üʀt͡s,84
ʀt͡sə,455
t͡sə.,30
höʀ,1157
öʀt,777
ʃtɪ,673
tɪm,360
ɪmə,415
ʀʀn,3440
ŋk,,316
küh,36
ühl,84
ɑːdɑː,255
dɑːm,258
stɛ,174
tɛk,94
ɑːŋeː,518
ŋeːs,455
eːsɪ,404
sɪx,408
ʀiːf,313
iːm:,623
bɪs,521
duː?,52
dai,4873
üʀx,437
ʀxt,650
miːx,1934
biːn,785
iːx.,353
diːʀ,2193
iːʀ',195
ʀ's,196
ɡt,,375
st?,121
has,1036
eːɡɛ,176
ɡɛs,658
um,,56
oːt,,296
ltɛ,230
tɛs,570
ɑːm:,32
miːʀ,2248
t͡suːɡ,152
uːɡeː,93
eːsɛ,278
ɛlt,1525
ɑːn?,51
bɛt,308
ɛtʀ,621
ʀoːk,3
soː,,55
ɔlx,625
zaɪ,57
ʀfl,108
flʊ,127
lʊx,120
uxə,23
laŋ,217
ŋk.,181
faɪ,410
aɪn,1629
ɪnt͡ʃ,4
nt͡ʃa,56
t͡ʃaf,139
aft,572
zeːt͡s,155
eːt͡sə,263
ʀsɛ,146
koːp͡f,220
t͡səʀ,863
ʀtʀ,387
tʀeː,270
ʀeːt,536
ʀsə,31
ʃteː,712
teːx,18
eːxə,308
ʃmə,31
məʀ,637
əʀt͡s,1727
vən,1933
ʃvɑː,115
vɑːŋ,85
ɑːŋɐ,79
st;,258
kɪn,2568
ndɐ,2266
ɡeːp,104
eːpä,69
päʀ,75
ʀlɑː,66
diːv,46
iːva,46
ɡeːɔ,277
eːɔʀ,312
ɔʀx,215
ibeː,88
akɐ,123
inɛ,60
nɛt,36
ɛtv,200
tvɪ,89
ɪlə,479
kʊm,6
ʊmɐ,7
diːx,1766
ɑːʀa,416
näh,54
ähʀ,287
hʀə,355
dɔʀ,150
ɔʀn,611
dɪs,42
tɛl,334
ʃva,110
xts,561
pʀoː,977
ʀoːt,491
biːs,1127
viːd,1791
ʀdɛ,73
dɛs,348
hiːs,271
eːfɑː,385
fɑː,,16
alɐ,227
ʀök,16
ökə,67
ɛlə,481
ideː,134
iːə.,124
iːə,,1447
nsə,355
əʀa,1234
ʀai,3906
nuːn,1055
bɐ,,413
aʊs,1315
stʀ,317
tʀɛ,98
ɛkə,517
han,1200
pʀeː,462
ʀeːx,327
eːvɪ,423
vɪk,356
ɪkl,349
iːx!,54
viːs,65
tʀiː,188
ʀiːp,104
lɑːɡ,953
xəʀ,271
ʀuːb,310
uːbiː,85
biːm,133
ploː,27
hau,2121
auə,645
uən,381
ʃvə,459
veːk,398
ns.,135
ʀka,171
kan,517
eːbɑː,517
vɔn,404
ɔnə,270
fuːʀ,108
fɔʀ,673
ɔʀt,2237
ɑːbeː,445
pʀuː,343
ʀuːd,325
uːdɐ,257
dɐ.,157
ʃäf,39
äfɐ,14
fɐ;,14
akə,87
kəʀ,173
əʀm,471
ʀma,239
an.,95
beːɡ,275
eːɡɑː,287
ɛtl,313
oːp͡fɐ,882
ldeː,66
eːs;,126
stl,48
liːŋ,241
fɛt,141
ɛt.,12
ɡnä,105
näd,106
ädiː,109
diːk,375
p͡fɐ;,55
ɑːn.,252
ʀkʀ,159
ʀɪm,245
ɪmt,191
äʀd,8
in:,18
ɪms,201
mst,129
də?,48
st',231
soː?,9
fʀɔ,114
ʀɔm,160
əneː,151
eːm;,31
ɔm,,21
sün,738
ünd,1099
tüʀ,460
üʀ,,15
ʀeːd,1551
eːdeː,916
iːx,,666
əʀh,781
ʀhoː,148
hoːp,153
ʃluː,306
toːt,291
oːt.,140
eːl?,29
xt;,295
uːdə,249
hüt,528
ütɐ,113
in?,22
plʊ,55
lʊt,55
ʊts,39
ʃʀa,323
mau,221
aul,403
pluː,365
luːt,389
hän,504
änd,785
ɛmp͡f,67
mp͡fɑː,49
p͡fɑːŋ,49
hɪn,393
ɪnf,92
nfɔ,52
ʀmö,29
möɡ,130
öɡə,130
steː,430
flü,118
lüx,28
xtiː,340
ʀn:,140
ɡʀö,82
ʀös,82
ösɐ,54
sɐ,,189
əʀɡ,1295
ʀɡeː,443
ɡə.,174
tʀa,1846
ʀaɪ,369
aɪb,153
ɪbs,89
hoːyː,343
oːyːt,1128
yːtə,862
muːs,248
bəʀ,2210
tɔt͡ʃ,34
ɔt͡ʃl,34
t͡ʃlɑː,30
ɡə,,281
eːt.,360
in;,157
t͡ʃlä,28
läɡ,124
äɡt,91
ənf,25
nfä,24
fäl,241
ält,358
ltiː,173
ɡɐä,130
ɐäx,25
äxt,402
niːm,391
iːma,427
ʀʃl,273
ʃlü,14
lüɡ,190
üɡə,154
fän,11
ɔnt,556
noːt,105
jən,182
nsa,127
sai,219
hən,177
ənoː,22
oːx.,20
ʃta,2273
tat,933
at,,130
zoːn,2140
oːneː,465
t͡soːʏ,392
oːʏk,415
ʏkt,239
iːʀɑː,66
ɑːt,,894
mɑːuː,2
ɑːuːj,2
uːjɑː,53
jɑːeː,22
ɑːeːl,2092
meːt,154
eːtuː,43
tuːs,124
uːsɑː,847
sɑːeː,43
lɑːm,113
ɑːmeː,95
meːx,8
eːx.,7
ibɐ,242
bɐ;,32
t͡sɪl,6
ɪlɑː,4
lɑː.,83
jɑːb,34
ɑːbɑː,120
bɑːl,209
ɑːl;,26
ɡeːk,441
eːkɔ,404
kɔm,2226
ütə,662
t͡soːɡ,448
oːɡə,549
juːb,1
uːbɑː,44
ɡai,70
iɡɐ,4
p͡fai,88
aif,181
ifɐ,31
fɐ.,39
ux,,72
näm,137
äml,139
mliː,228
tuːb,10
uːba,4
bal,241
alk,54
lka,11
maɪ,435
ʀt͡s-,1
t͡s-ʊ,1
-ʊn,13
ənv,32
nvə,74
ʀk.,40
vɛs,128
nɑːeː,72
ɑːeːm,55
eːmɑː,137
mɑː.,28
lɑː:,1
ɑːmɛ,9
mɛk,15
ks,,124
ʀkt,207
zɑːɡ,1038
ɡə:,36
vʊn,265
jüŋ,387
üŋk,114
klɪ,41
lɪŋ,220
boːyː,84
oːyːl,125
yːlə,65
lə;,42
ənm,61
nmɑː,121
mɑːl,426
ənʊ,42
nʊn,163
nts,170
tsɪ,30
sɪp,29
ɪpt͡s,115
pt͡sɪ,14
t͡sɪk,285
ɪkm,2
kmɑː,13
ɑːl.,61
mal,215
eːt;,142
iːʀ,,483
sɛt͡s,163
əʀv,888
ʀvü,202
üʀɡ,176
ʀɡt,75
noːs,5
oːs.,50
fɪŋ,68
eːdiː,137

diː,87
diːs,2051
buːx,115
ɡɛʃ,933
ɛʃl,513
ʃlɛ,367
lɛx,364
ɛxt,2812
uːf,,3
t͡suːʀ,842
hʊn,483
ʀtʊ,77
tʊn,213
ntʀ,271
isiː,167
siːk,184
alt,2026
ähn,52
hnl,9
nliː,72
lɛp,71
daʀ,378
aʀn,395
ʀnɑː,353
xtʊ,70
söh,591
öhn,646
hnə,597
töx,254
öxt,342
tɐ;,208
nt͡seː,121
t͡seːs,93
ltɐ,122
noːyː,172
oːyːn,64
yːnh,15
nhʊ,57
taʀ,487
aʀp,160
ʀp.,30
ndf,66
dfü,55
tsiː,13
siːb,12
ndt͡s,182
dt͡sv,182
t͡svö,181
völ,193
ölf,188
noːʏ,62
oːʏn,298
ʏnt͡s,31
nt͡siː,309
t͡siːk,689
ənɑː,139
nɑːn,288
ünt͡s,4
zɪp,93
pt͡siː,102
mɑːɑː,23
ɑːɑːl,14
ɑːlɑː,89
lɑːl,14
ɑːleː,827
leːl,39
ntf,129
tfɪ,48
ɪʀt͡s,211
ʀt͡siː,203
ʊnt͡s,29
t͡seːn,251
nfʊ,97
tsɛ,77
sɛx,34
ɛxt͡s,95
xt͡siː,90
ɑːʀeː,138
tnoː,24
ʀt͡sv,23
aiʊ,277
iʊn,267
sɑːl,923
axd,64
xdeː,64
ɡeːt͡s,241
eːt͡soː,171
oːʏɡ,44
ʏɡt,42
liːp,184
köt,275
ötl,32
ʀtf,36
tfü,25
füh,773
ɪnv,269
nveː,29
eːk,,85
eːseː,677
ʀts,110
nda,26
dax,193
axt͡s,81
ənh,135
yːnʊ,22
noːɑː,78
tʀö,143
ʀöʃ,120
nsʀ,227
sʀɐ,54
müh,76
ühə,95
aʀb,290
ʀba,407
nfh,48
fhʊ,50
zeːm,111
eːm,,429
hɑːm,108
jɑːf,27
ɑːfeː,41
feːt,502

dɑː,91
eːɡa,8
boːʀ,225
zɑːə,149
ɑːən,190
ʃön,143
lxə,476
vɔl,1009
ʀʀ:,227
ʀɑːf,119
ɑːfə,384
fʀɪ,79
ʀɪs,1047
van,1040
tyːʀ,79
yːʀa,23
ʀan,571
aiŋ,232
iŋiː,4
ŋiːŋ,22
bɐü,25
ɐüh,43
ühm,111
hmt,40
änɐ,386
nɐ.,49
boːs,112
oːsh,84
sha,277
dɪx,27
ʀeːs,520
nuːʀ,183
ʀdɑː,165
ʀoːyː,886
beːk,200
eːkü,40
küm,31
ümə,33
bə,,366
ʀtɪ,152
tɪl,298
ɪlɡ,194
lɡə,171
eːl;,157
bə.,242
fan,176
knɑː,295
nɑːd,249
ɑːdə,594
oːɑːs,112
ɔmɐ,22
oːnə,675
tɑːd,20
ɑːdeː,78
deːl,78
fʀeː,78
ʀeːf,79
eːfɛ,47
bt;,43
oːɑː:,5
iʃeː,23
ʃeːs,50
kas,46
tan,619
nhɔ,54
hɔl,212
ɔlt͡s,249
kam,132
ɑːʀiː,875
əʀp,583
ʀpiː,9
piːx,20
peːx,4
ʊsv,38
svə,22
iːk.,192
soː:,93
läŋ,67
äŋə,132
ŋə,,83
nft͡s,197
ft͡siː,172
höh,342
öhə,220
hə.,27
ɑːʀɑː,579
ʀɑːn,204
oːbə,629
boːd,102
oːdə,186
tfl,31
fluː,146
iʃ,,25
iːçɐ,141
eːs,,1157
bʊn,383
ʊfʀ,89
tuːn,936
pɑːʀ,21
änl,51
vaɪ,615
aɪp,67
pla,625
iːʀ.,229
iŋeː,166
ŋeːə,105
eːmə,539
amɛ,331
ln,,117
nɑːʀ,27
ɑːʀʊ,54
ʀʊŋ,183
tɑːt,784
us;,52
əʀɛ,578
ʀɛx,1585
ʀseː,53
iːsɐ,321
it.,260
nɪm,369
ʊnʀ,402
nʀa,299
ɛsk,121
skl,85
ʀtb,60
tboː,52
näx,17
veːs,378
eːsə,479
ksh,62
shʊ,65
kɑːm,1297
ɑːm.,68
eːvä,68
äsɐ,21
ɡiːŋ,347
paʀ,22
aʀv,9
ʀva,134
oːtə,780
ʀɡɑː,52
ɡɑːŋ,213
tst,59
pt͡sɛ,7
t͡sɛn,254
ɛnt,272
moːn,513
oːna,129
nat,118
ats,231
ts,,214
ɑːk,,168
ʊfp,23
fpʀ,20
pʀʊ,141
ʀʊn,391
ʊnə,114
fə,,97
ɑːtə,877
eːt,,929
kɔn,149
fɪt,10
ɪtiː,27
tiːx,14
t͡suː.,33
vʊk,35
ʊks,72
hoːb,69
ɛmp,223
mpoː,21
poːʀ,25
übə,489
ʀha,461
uːʀ.,11
hoːə,169
oːən,246
dɛk,238
ft͡seː,16
hoːx,158
ʀɛɡ,18
ɛɡt,204
lɡt,111
ɡt.,145
üpʀ,297
ʀiːk,179
ɡeːd,534
eːda,249
vɪn,226
iːlə,429
stɔ,155
tɔp͡f,13
ɔp͡ft,17
eːvɛ,38
vɛʀ,22
ʀt;,143
ʀliː,424
ɪmɐ,146
niːd,199
eːbɪ,163
bɪʀ,200
ɪʀɡ,263
ʀɑːʀ,56
oːnɑː,324
nɑːt,413
ʃpiː,114
piːt͡s,27
iːt͡sə,234
oːʀ.,62
ʀɑːb,276
ʊsf,72
sfl,5
floː,169
loːk,11
hɐ,,120
ɔkn,32
tau,811
aub,382
ubə,326
eːfa,212
fuːs,92
ʀuːə,108
uːən,34
haʀ,218
ənt͡s,248
nt͡sa,34
Öl,223
̈lp,13
lpl,1
lat,45
apɡ,185
pɡɛ,22
ɡɛp,352
ɛpʀ,410
ʀoːx,123
oːxə,175
ʀuːk,91
uːk',5
k's,23
mʊn,326
oːɑː,,31
itɐ,175
dɑːx,35
nt͡sɪ,109
t͡sɪç,84
ɪçs,688
çst,114
ts.,108
nɛs,70
ltɑː,313
tɑːʀ,370
ɡɛf,106
ɛfl,74
üɡeː,116
oːp͡fə,466
p͡fəʀ,476
ndoː,433
doːp͡f,452
ʀuːx,101
luːx,94
uːxə,395
nʃl,39
juːɡ,53
uf.,71
zoːl,77
oːlɑː,144
ufh,106
fhö,36
öʀə,633
zɑːt,54
ʀnt,182
ʀɔs,213
ɔst,270
hiːt͡s,18
t͡sə,,40
zɔm,21
fʊʀ,123
ʊʀx,907
ʃʀɛ,221
sə;,53
ünə,44
iːx',146
x's,153
yːʀeː,184
ʀäx,132
äxə,119
ɪl',32
l's,89
ənp,152
npl,24
ʀɡɪ,75
ɡɪs,30
dʊʀ,975
ʀɡɔ,47
ɡɔs,71
ɔsə,265
oːyːɐ,740
zak,334
yːx,,149
uf,,252
iːx:,101
boːɡ,72
ɔlk,2276
lkə,280
ɔmt,594
lsd,58
sda,58
dan,332
ŋkə,856
ans,497
nseː,65
eːviː,233
viːç,130
fɡə,37
əʀɪ,349
iːsə,1256
sə:,129
kɑːn,201
ɑːna,240
t͡st.,28
ɪnb,128
nbə,122
ʀaŋ,247
tʀʊ,78
lɑːk,155
kt.,50
blö,76
lös,79
ösə,91
ɐ's,129
bʀü,454
ʀüd,376
üdə,202
usə,1499
lɛk,309
idɐ,236
ʃʊl,270
ʊlt,144
ʀük,132
ükl,24
ɪŋs,80
ɪnt͡s,153
t͡suː;,14
pɡeː,138
vax,36
ʀfuː,25
uːʀ,,107
üŋs,39
ŋst,202
ɑːnɑː,384
knɛ,941
nɛx,933
ʀn!,68
eːlɔ,85
lɔb,74
ɔbt,76
ʀʀ,,1242
eːm',1
m's,13
's;,23
us,,223
voːn,656
ɑːs:,19
ɑːfɛ,36
ɛts,57
ɡoːm,33
oːmɐ,22
mɐ,,32
mɑːɡ,17
ɑːɡoː,12
ɡoːk,14
oːk,,65
mɑːd,10
ɑːda,46
ɑːfɑː,125
fɑːn,40
ɑːl,,157
seːx,10
tiːʀ,10
ask,64
skə,6
iːfɑː,61
tɔʀ,89
ɡɑːm,24
ɑːmɑː,410
eːliː,582
iːsɑː,268
sɑː,,63
aʀs,242
ʀsiː,82
siːs,35
iːs,,217
xɪt,8
tiːt,131
iːtɐ,839
doːd,12
oːdɑː,16
dɑːn,343
ɑːniː,311
niːt,287
tɐ.,332
ʊsɡ,525
sɡɛ,70
iteː,371
nsɛ,88
län,114
loːyː,546
xuːs,18
uːs,,182
mɪt͡s,51
ɪt͡sʀ,5
t͡sʀa,5
aim,422
im,,63
puːt,6
zeːb,155
bɑː,,69
lɑː,,63
zab,7
abt,443
btɑː,4
tɑː,,44
ʀak,159
akm,7
bteː,2
eːxɑː,11
xɑː.,10
zɑːb,19
deːd,12
eːdɑː,81
ɪmʀ,42
mʀoː,17
jäɡ,6
äɡɐ,56
dɑːɐ,135
pʀɪ,2303
ɑːn:,54
ixeː,45
bɑːb,317
əʀeː,675
eːx,,33
akk,41
kkɑː,33
kɑːt,12
xal,100
aln,3
lnə,8
ziːn,56
iːneː,48
neːɑː,57
eːɑːʀ,29
asuː,48
suːʀ,61
iːniː,41
niːf,20
iːfə,123
ʀeːoː,20
eːoːb,26
oːboː,13
oːt-,14
t-iː,1
-iːʀ,1
kɑːl,81
at.,127
luːd,7
uːdiː,9
diːt,59
ɑːmiː,391
leːɑː,314
eːɑːb,56
ɑːbiː,368
biːt,255
naf,53
ftuː,31
tuːiː,2
uːiːt,7
pat,7
atʀ,34
ʀuːs,960
uːsiː,184
siːt,112
asl,2
sluː,2
luːiː,6
(foː,5
iːlɪ,323
tɐ),4
kaf,6
ftoː,12
toːʀ,444
oːʀiː,166
ʀiːt,186
ziːd,51
iːdoː,49
doːn,103
heːt,65
jeːb,46
eːbuː,221
buːs,138
ɑːmoː,172
ɡɑːs,22
ɑːsiː,47
fiːt,1104
aʀk,237
ʀkiː,9
kiːt,48
aʀf,228
ʀfɑː,206
fɑːd,9
ɑːdiː,46
t͡seːm,79
mɑːʀ,251
mɑːt,59
ɑːtiː,73
kʀə,161
əʀɑː,335
ɡɑːt͡s,23
ɑːt͡sɑː,95
t͡sɑː,,15
zoːd,46
oːdoː,50
doːm,156
oːmɔ,24
ɔʀɑː,37
ʀɑː,,107
mɑː,,70
t͡seːb,312
boːiː,7
oːiːm,7
lɑːs,517
ɑːsɑː,306
sɑː.,18
ham,26
ams,212
Äl,164
̈lt,164
dɐ,,509
eːbɐ,54
bɐ.,60
dɐ:,43
eːlɑː,289
ʀfa,80
fak,17
ksɑː,25
sɑːt,19
ʀɑːm,276
uːt͡s,,10
huːl,3
uːl,,28
eːtɐ,57
mɑːs,185
zɑːl,324
peːl,181
eːleː,291
leːk,61
ʀta,166
jɔk,21
ɔkt,39
ktɑː,7
alm,243
lmoː,23
moːd,3
dɑːt,70
leːf,359
eːf,,29
hɑːt͡s,41
ɑːt͡sa,4
t͡saʀ,33
aʀm,590
ʀmɑː,44
mɑːf,11
hɑːd,133
ɑːdoː,95
doːʀ,26
oːʀɑː,131
dɪk,141
klɑː,159
oːbɑː,45
iːmɑː,28
mɑːeː,71
oːfiː,35
joːb,9
bɑːp,15
ɑːp.,66
oːnʊ,170
nʊŋ,271
zeːf,34
fɑːʀ,733
axk,79
xkɔ,76

eːs,34
nəʀ,308
t͡suːŋ,124
uːŋə,461
xə.,43
ina,251
voːl,543
oːla,21
lau,484
t͡siːɡ,95
iːɡeː,96
pʀə,183
ən!,401
aʀt͡s,35
kal,63
tʊʀ,67
ʊʀm,68
xə,,92
ɔns,316
ʃəŋ,264
ŋkɪ,131
ŋeːf,37
fɑːŋ,277
uːn;,55
apl,21
uːn.,149
ʀvɪ,28
ɪʀə,37
teːə,460
eːə!,7
mʊs,122
zɛm,56
ms:,6
iːʀh,93
ʀhʊ,55
iːʀʊ,47
eːɡuː,23
zəʀ,108
nɑːoː,9
ɑːoːʀ,9
apʀ,278
hɑːʀ,145
loːt,156
ltä,191
täɑː,26
äɑː.,14
ʀam,40
zɑːʀ,74
nɑːɔ,8
ɑːɔʀ,8
ɔʀs,259
mɪl,83
ɪlk,69
lkɑː,35
kɑː,,20
tɔx,306
jɪs,25
ɪsk,135
skɑː,19
kɑː.,5
ʊnf,136
nfʀ,25
ʃviː,80
viːɡ,70
ʀtɔ,17
äɑː,,20
t͡söɡ,28
ɡə;,65
fʀoː,615
ʀoːʏ,238
ʏnt͡ʃ,26
ɪl.,63
zeːɡ,76
sɛk,83
t͡soːk,398
oːk.,18
ʀvɔ,48
ɔʀb,101
ɑːn;,88
das,42
asɛ,54
xeːm,198
ʀə;,52
ʀk,,87
beːt,875
eːt-,230
t-eː,93
-eːl,76
eːdɪ,122
ɪta,43
taɡ,52
aɡs,114
ɡsl,60
sla,31
toːyː,147
oːyːə,347
yːəʀ,79
əʀʊ,198
iːnɑː,167
nɑːp,107
Äɡ,707
̈ɡʏ,707
ɡʏp,723
ʏpt,723
fʀɛ,414
ʀɛm,261
ɛmt,161
mtl,147
tlɪ,88
fhɪ,2
hɪl,375
nɑːə,135
ai:,25
öneː,18
ptɐ,172
oːx,,94
üʀs,495
ʀɑːoː,258
ʀiːs,271
uːteː,164
iːʀɛ,17
ʀɛt,352
ʃɑːf,269
ʀɪn,252
seːl,224
mäk,34
äkd,34
kdə,34
eːlɪ,40
lɪn,108
ɪnə,231
lak,39
plɑː,152
ktɛ,20
ʀə?,19
nn,,30
tɐ?,28
hal,841
alb,254
ip;,11
t͡siːə,463
beːf,201
fɑːl,41
iːm,,213
eːla,133
zɪl,324
ɪlb,324
lbɐ,220
ɪtɑː,137
t͡suːf,188
uːfoː,127
ald,52
ldɑː,39
aia,18
iai,18
t͡saŋ,30
hɪʀ,128
lɔt,4
ɔts,40
fiː.,24
eːsiː,117
oːt:,55
ɡɛb,55
ɛbʀ,41
üdɐ,222
ɔfə,200
ɪls,257
oːdɐ,778
jɔʀ,198
ʀpt,145
ʀʀa,51
ix,,57
t͡soːɑː,19
oːɑːʀ,13
laɪ,552
aɪx,408
ɪxv,121
xviː,97
ʀvä,225
väh,301
ähl,377
hlt,269
dɑːŋ,1
ŋeːɡ,35
oːm.,37
ndɪ,232
eːʃiː,49
heːb,229
zɪs,55
aup,149
t͡säh,221
hlə,202
mam,16
amʀ,36
mʀə,9
hɛp,79
ʀoːn,534
kön,3490
önɪ,842
nɪç,658
mʀɑː,22
feːl,379
ʀiːɔ,1
iːɔk,1
ɔks,156
ɛlɑː,2
sɑːʀ,95
keːd,43
eːdoː,149
oːʀ-,9
ʀ-l,6
-lɑː,5
lɑːoː,5
ɑːoːm,5
ʀs,,328
tiːd,2
iːdeː,59
deːa,2
eːal,148
ʀɪk,203
öniː,2423
niːk,2351
ʀsɑː,214
eːɑːp,3
ɑːp,,179
eːmeː,95
meːb,2
tɑːl,150
zɪt,45
tdiː,9
diːm,12
zal,195
alt͡s,76
lt͡sm,9
t͡smeː,8
oːmoː,298
eːveː,291
ait͡s,101
it͡sɛ,12
niːç,541
çə,,35
ʀt͡sɛ,98
luːɡ,127
stɑː,112
ɑːʀoː,321
t-k,3
-ka,1
kaʀ,41
ʀna,182
zuːs,26
eːmiː,202
kɪʀ,41
ɪʀj,58
ʀjɑː,186
jɑːt,71
ɑːta,68
hoːʀ,60
aiʀ,72
iʀ,,12
eːl-,18
l-f,1
-fɑː,2
ʃtö,33
tös,41
öst,49
bɔʀ,137
mɪs,249
ɪsp,16
spɑː,11
pɑːt,11
kɑːd,28
eːkiː,103
ɑːt͡seː,18
t͡seːt͡s,5
t͡soːn,2
oːn-,16
n-t,3
-tɑː,5
tɑːm,106
ʀüʃ,86
oːʀ,,103
deːɑː,4
eːɑːl,20
ʀiːoː,25
iːoːx,7
ɑːʀ:,33
nfə,67
ʀt͡sk,4
t͡skʀ,2
kʀuː,191
uːbə,257
iːp,,54
oːn.,190
ʀsoː,59
nɐ,,192
ʀɔn,124
ʊsl,32
slä,22
mʀeː,4
iːtə,546
lxɐ,197
skɔ,23
kɔl,5
ɑːnə,15
ʀs.,109
vap,4
apn,77
pneː,17
xt͡seː,42
eːn,,8
jak,60
ɑːma,132
mas,75
skuː,48
kuːs,56
lɪɡ,186
ɪɡt,327
lk.,95
ʀkɑː,27
ʃla,222
lax,188
ntɡ,136
tɡeː,327
lxiː,30
xiːs,55
iːseː,389
seːd,2
hök,67
öks,62
duː,,229
ɔt,,790
ɑːt;,122
bɛʃ,145
ʃlɔ,74
lɔs,122
eːm.,158
ɡiːp,111
küt,181
beːa,129
oːm:,10
ʃuːʀ,4
uːʀiː,75
ʀiːm,69
iːmə,13
ɪl,,79
zaɡ,181
ɡst,167
sɡə,155
t͡sɛʀ,46
ɑːnɐ,2
skoː,7
koːl,26

nɑː,15
eːʃɪ,84
ʃɪx,44
's,,265
ɑːm!,8
ʃɪl,137
oːsɐ,128
loːn,165
bɐ:,27
dɑːiː,228
ɑːiːn,220
dɐ;,72
siːt͡s,68
sɪn,35
naʊ,167
sɡeː,282
nə;,34
laʊ,120
ɛxn,41
xneː,42
xtɪ,249
tɪk,312
ɪkk,481
kka,479
eːfü,213
voːʀ,108
aij,10
ijä,4
jäh,86
hʀiː,62
ʀiːç,301
vɪt,247
tdɐ,126
ʊʀt,199
ʀtɛ,47
lta,107
juːŋ,192
ənü,95
nüb,135
ʀaʊ,234
aʊb,88
ʊbf,1
bfö,1
ʃoːʏ,5
eːfɐ,33
ɑːm;,27
ʀfiː,12
diːn,346
viːŋ,11
lk,,330
müs,339
üsə,617
ʊst͡s,128
st͡siː,61
iːən,538
seːm,299
fät,416
fʀiː,257
ʀiːd,224
teːm,118
bɛk,246
ɛkʀ,250
aneː,186
sal,193
hiːʀ,269
ʀhɐ,35
ɪseː,305
seːt,445
ɔl.,70
aʊx,82
oːfə,68
foːyː,437
lam,152
ʃtü,140
tük,121
ükə,144
ɑːt:,57
əniː,185
iːsiː,5
kat,101
atm,18
tmoː,2
oːniː,232

zɑː,3
äɡʏ,13
ptiː,14
tiːʃ,155
maɡ,115
hɑːɡ,51
ɑːɡɑː,32
ɡɑːʀ,108
fɪl,94
ɪla,55
ʊfb,12
fba,2
is.,21
an,,184
ŋɐ.,24
fʀa,616
ʀɪŋ,463
tʊs,99
nʀɛ,99
ʀmə,257
ziːt,106
iːt,,193
lt;,90
tuːə,204
eːfä,309
eːmü,99
müt,111
ütiː,56
ənɡ,474
nɡeː,213
ʀpʀ,394
veːɡ,395
zuːʀ,7
iːʀ:,254
ɔms,86
iːn?,31
loːə,86
keːʀ,179
au,,33
nɡə,160
eːt͡sä,43
ɪsm,73
smɑː,102
ʀhö,208
ldɐ,66
jeːd,129
tə:,230
nsiː,6
iːt;,31
oːn;,76
ksʊ,24
sʊn,99
lmä,48
mäx,224
ɔt;,58
ntl,261
tlə,71
ɔm.,1
iːn',29
n's,300
iːlɐ,10
föl,293
ölk,290
lkɐ,186
ʀɑːɑː,159
ɑːɑːm,152
iːt͡sʊ,6
t͡sʊŋ,23
ɛʃn,88
ʃnɪ,103
nɪt,140
oːʀh,259
ʃna,66
yːx.,45
knä,24
näp,5
äpl,6
nn',35
dɑːa,25
ɑːai,23
kaʊ,152
ʊft,286
nsb,34
sbɪ,29
əʀɔ,90
ʀɔt,180
kɐ.,30
ɔt:,22
ɑːx,,192
iːʀ!,54
sɑːk,106
t͡soːyː,143
oːyːɡ,150
yːɡə,139
lə,,404
ft,,114
ndɛ,433
ɛsɛ,104
ɪt.,7
it͡seː,15
ɛmd,140
mdə,114
zɑːs,106
isɛ,31
sɛs,166
fhoː,14
pük,25
ükt,86
oːʀü,71
ʀüb,241
füs,255
vɑːʃ,93
ɑːʃə,191
lɛn,19
um.,22
lab,6
ʀtɡ,8
ilə,328
ɛmɛ,50
ɛlm,62
lmeː,59
bak,64
kuːx,35
alp,140
ɑːp',19
p's,45
bʊt,12
ɪlx,42
t͡suːb,27
ʀɑː?,2
ntv,740
tvɔ,686
ɑːʀ;,70
eːta,87
ɔlʊ,4
p͡fleː,61
leːɡ,317
lt?,17
xt:,169
tvɑː,153
ʊnm,22
nmö,12
mök,22
ökl,34
loːʏ,163
ʏkn,176
soː;,13
oːm;,12
uːə,,43
nteː,94
eːfeː,133
uːn,,338
ɛʃʀ,313
ʃvɐ,74
vɐ.,4
nɑːp͡f,5
ɑːp͡fɑː,9
p͡fɑːʀ,9
oːp',19
ɔtl,308
tloː,406
ʊmp,40
mpʀ,37
töt,232
ötɛ,8
sə!,12
st!,69
ʀvʊ,68
möx,87
iːk,,346
t͡süʀ,102
üʀn,102
ɪnm,54
kɛʀ,216
nds,82
ds;,9
liːb,423
ʀʀə,74
ɪbt,312
t͡siːt,76
ɡas,116
nöt,29
ötɪ,11
us.,111
buːk,98
uːŋeː,184
eːsä,114
säuː,243
äuːə,82
uːəʀ,82
ʊmɡ,113
mɡɑː,10
ɡɑːb,165
jʊŋ,94
xt?,46
ns,,378
tuːt,343
übeː,141
eːl!,35
änə,92
ʃat,60
ɑːxeː,42
eːk!,4
ux:,8
t͡siːç,73
lɑːn,49
üpl,2
plɐ,1
ʀɑːŋ,8
t͡suːl,33
uːliː,5
ʀɪf,267
ɪfə,102
nau,408
plɪ,108
nta,211
müd,48
idɑː,20
ŋeːö,5
eːöʀ,229
ʀn;,278
san,221
läx,4
ənʀ,29
nʀö,19
ʀöt,38
ötə,282
fɡɪ,15
ʊmk,117
mkɔ,67
ʀt͡soː,73
ʀʃɔ,28
ʃɔn,28
ɛtə,284
ʀʀ!,25
ɔlɛ,46
lɛs,58
baʀ,365
ʀmh,156
mhə,175
ʀt͡sɪ,158
ʀhɪ,14
ŋkɔ,95
üʀb,10
ɑːə,,11
liːə,78
(ɪs,1
in),1
n),,15
mkeː,25
naɪ,150
aɪŋ,128
əna,129
ʃveː,18
veːf,8
ʀɑːp,114
nvoː,110
oːnɐ,91
lt͡ss,2
t͡ssä,1
äuːl,137
uːlə,195
ʃɑː,,20
mkɛ,9
öhl,199
üŋə,91
ŋəʀ,189
nsɐ,241
ʊfs,208
fst,140
iŋɛ,18
ŋɛs,52
lɛɡ,166
ɛɡs,29
iːm;,41
moːɑː,185
oːɑːp,196
oːɑːb,104
yːtiː,54
amiː,38
miː.,5
amoː,134

ap,3
ʀɑː:,6
zan,345
iːmeː,151
leːx,104
hoːl,101
oːlə,196
eːeːv,1
ʊnʃ,73
nʃʊ,66
ʊld,211
ldiː,128
um:,6
beːü,55
eːüt,56
üteː,119
ʀoːf,434
oːfeː,474
bɪt,174
ɡɪb,163
eːsü,74
dɪç,218
ɪçt,456
çt,,77
ɡeːa,343
eːan,34
ɔtɛ,48
ɛsf,16
sfʊ,4
ɑːʀh,137
haf,49
ftiː,101
hɪŋ,30
nə,,234
tal,173
ʀʃa,87
ft.,47
eːteː,200
useː,169
eːlɛ,253
ʀɑːa,51
ɑːam,51
zʊx,112
lɑːx,84
ʊʀf,25
ʀft,81
äuːɡ,17
ɡə?,21
tvö,10
vöh,21
hnt,51
nt;,209
ɑːɡa,1
ʃpö,24
pöt,30
ötɐ,148
nɑːb,159
ʀxə,90
xə;,25
beːʀ,58
eːʀ-,34
ʀ-z,41
-zeː,88
bɑː.,18
nʃuː,1
ʃuːs,1
it;,96
ɑːʀ?,8
zɑː.,5
tʀä,230
ʀäŋ,122
äŋk,205
ŋkt,261
uːtɐ,42
ʃüt͡s,33
üt͡sə,66
fiːx,3
iːxoː,67
xoːl,5
oːl,,69
taʊ,97
ptm,104
tma,125
ʃvö,79
vöʀ,83
ŋkɛ,24
kɛl,104
ʀt͡sa,107
eːx:,2
eːvʊ,14
vʊs,82
ɡt;,62
ɡeːö,233
eːx;,2
iːta,116
ʃtɛ,227
läm,89
ämɐ,76
kniː,186
ɡɛk,150
ɛʃv,140
ʃvoː,88
eːs.,327
ʀsʊ,45
sʊx,86
ʀiːj,2
iːjɑː,8
küʀ,96
üʀt,88
pal,59
lteː,133
p͡fɐ,,137
ʀtiː,47
tiːn,43
ŋeːb,32
ɑːk;,33
mɛs,85
ɛsɐ,130
tɐ!,36
lt͡s;,7
p͡fɐ?,4
p͡fɐ.,86
ban,175
fas,163
ts;,50
xtɛ,76
hɛk,19
öʀn,57
iːt.,80
iːɡɛ,79
uːfɐ,62
eːʀeː,82
də;,145
bɑː;,10
stɡ,90
buːt͡s,1
keːm,17
eːmuː,19
muːeː,142
uːeːl,168
hɑːs,78
ɑːsoː,7
jɛt,24
tlɑː,3
tuːeː,4
ʀeːb,63
eːbɛ,69
ɛkk,32
kɛb,38
ɛbs,59
bsv,38
sva,41
ʀeːuː,9
eːuːm,11
uːmɑː,47
teːb,5
ɡɑːɑː,3
tɑːɑː,9
ɑːɑːs,83
ɑːxɑː,61
ɑːt-,73
t-a,8
-aʀ,6
ʀbɑː,37
mdɐ,25
yːx;,16
ʀpb,5
pbɛ,5
bɛɡ,14
ɛɡʀ,47
ɡʀä,72
ʀäp,13
äpn,13
pniː,31
iːbɐ,52
ʀnɛ,39
nɛm,69
ʀäb,47
äbə,88
veːʀ,35
ɑːbɛ,41
bɛs,491
ɪteː,43
ɛfʀ,285
t͡soːa,2
oːaʀ,2
viːf,43
fɑːx,17
ʀs;,53
zoːf,29
t͡suːö,15
uːöʀ,15
t͡suː!,15
lkeː,97
keːs,119
kɐ,,60
ʀhuː,4
huːn,1
iːʀ?,53
voːk,6
kau,89
ɡaŋ,101
käb,44
stä,257
ätɪ,29
tɪɡ,81
uːmh,187
mhɐ,155
sɑːə,8
ʀuːp,40
nt:,72
hüf,20
üft,38
eːmɛ,23
t͡sɪs,25
ɔlɡ,195
imɑː,44
kvɪ,49
ms,,203
ʃvuː,39
vuːʀ,39
eːsoː,28
soːp,30
oːpoː,19
poːt,24
oːtɑː,48
miːn,214
p͡flɛ,30
st͡suː,38
ʃöp͡f,34
öp͡fə,58
p͡fən,69
ʊsk,30
dɪʀ,58
ɪʀn,105
xə:,20
uːk,,37
iːnɐ,82
beːʃ,64
eːʃə,100
ʃəʀ,103
tuːɛ,8
uːɛl,26
kseː,11
önə,220
ʊŋf,76
ŋfʀ,76
ʃtiː,90
iːeːk,33
iːə:,46
ɡɛt,317
ɡoːs,47
öp͡ft,7
p͡ftə,14
viːk,33
nneː,18
hät,142
ɔld,214
if,,2
lbeː,13
vɐ,,32
ʀmʀ,3
mʀiː,42
beːə,9
eːəʀ,108
kɑːs,11
fʊt,10
ənuː,79
nuːk,75
aɪk,132
lɑːb,58
bɑːn,169
ɐäʊ,2
äʊm,32
ʊmt,38
t͡säʊ,5
zɑːx,166
ʀɡɛ,215
ɑːn!,30
ɪxl,6
xliː,13
ɪl?,2
p͡ft.,3
ux.,38
tɪʀ,100
lɔp,84
ɔpt,49
veːd,145
eːdɐ,184
özeː,130
zeːs,115
inoː,29
noːd,22
kɑː;,2
dɑː.,97
uf;,40
ʀuːf,248
uːfə,318
sʀə,154
ntm,25
tmɑː,34
ɑːx.,57
(də,66
ɑːk),2
dɑːə,28
ɑːəʀ,44
ʀʀ.,228
teːl,282
ʀhü,66
hül,41
ʀt͡sä,52
iːp.,23
keːt,91
tuːʀ,12
uːʀɑː,17
ʀɑː.,37
zɪm,72
sɑːn,104
meːd,35
miːd,81
iːdiː,72
diːɑː,77
iːɑːn,60
jɛs,64
ɛsb,51
sbɑː,22
bɑːk,4
zuːɑː,22
uːɑː.,9
leːt,107
oːyːm,25
yːmiː,1
diːa,5
iːan,13
fɐ,,28
biːd,8
iːdɑː,17
fɡa,46
ʀuːiː,10
uːiːç,1
sat,6
eːka,59
mɑːɛ,10
ɑːɛl,660
bɑːj,8
ɑːjoː,17
joːt,38
-keː,2
apd,25
pdeː,11
mɪp,4
ɪps,5
psɑː,151
duːm,11
asɑː,60
jeːt,13
nɑːf,6
ɑːfiː,828
fiːs,43
kɛt,44
ɛtm,3
höf,27
öfə,35
t͡sɛl,64
ltö,3
töʀ,216
öʀf,60
ʀfə,386
ls:,81
iːsa,95
sak,76
ʀəʀ,112
ɑːba,73
bɑːt,253
ʀbɪ,62
iːeːs,45
iəʀ,57
bə;,78
Üb,187
̈bə,68
ʀleː,23
t͡svɪ,41
ɪliː,86
ɛl;,3
sau,189
au.,6
au;,5
jɑːk,445
ɑːkoː,304
koːp,274
oːp.,25
zɛx,58
aɪf,31
ɪft,361
ftɐ,19
aɪt,103
ɪtv,75
tvə,80
ʀk;,16
kɔx,12
oːp:,12
kɔs,17
ufə,445
eːbʊ,130
bʊʀ,111
ʀt?,44
ätiː,42
seːt͡s,319
eːt͡s.,25
t͡saɪ,114
ɪtl,46
tla,95
ʊʀk,145
ʀks,135
ʀt͡st,64
eːʃeː,186
ʃeːə,186
jeːm,199
ätɛ,15
tas,20
sät,77
tfä,11
iːk;,177
t͡suː,,134
eːt͡sɛ,34
kʀʊ,106
ʊfk,42
fkʀ,2
seːk,16
ɑːʀü,112
tnɑː,7
nɑː.,32
ɔt.,156
ɑːʊs,2
ʊsɑː,41
ʏnt,147
hab,339
ʀiːb,322
ʃɑːd,81
juːd,1041
eːʀiː,2
bas,10
asm,20
lɔn,23
ʀt͡seː,117
t͡seːl,66
dʊŋ,70
ŋkeː,132
oːn!,32
ɐät,107
köx,8
öxɐ,10
ldp,8
dpʀ,11
aɪm,225
ɪmb,17
mbʀ,9
bʀä,116
oːp,,63
oːn:,55
pök,46
kɑː:,1
at;,25
eːax,29
tʀü,218
ʀüɡ,62
lsə,75
ɑːkɔ,82
kɔb,82
ɔbs,108
oːn?,24
ənɐ,73
's.,57
ʀt͡suː,156
aiɛ,7
iɛs,7
au?,2
küs,38
üst,90
ɛtɪ,3
kɔʀ,77
ülə,128
uːsə,168
jaɡ,26
ɡɐ,,56
eːt?,46
ʃʀiː,355
ʀiːə,107
übt,52
eːk.,40
oːp;,10
ʀlɪ,185
ʀbeː,43
t͡st,,67
nhɐ,21
hɐ.,93
joːx,57
uːs;,18
ʃɪk,111
t͡sɔʀ,340
ɪkə,122
ʊbt,85
ɑːk?,5
ɑːk:,9
ns;,62
iːt͡sɛ,15
t͡sɛs,31
ähm,28
hmə,82
ns:,19
lɑːt,99
ɑːjɔ,6
jɔt,11
häʊ,92
äʊp,100
ʀäʊ,77
iːeːɡ,25
ndɑː,10
ɪɡs,130
iliː,581
liːk,276
tə!,34
p͡fɔʀ,9
luːs,42
uːs.,60
eːlü,78
lüp,65
üpd,65
pdə,55
t͡suːt͡s,24
uːt͡siː,15
eːsh,6
uːm,,151
dɑːb,40
loːx,28
ʀsa,208
nloː,12
väl,48
ält͡s,22
lt͡sə,73
hɐ?,13
ʀs?,9
oːl.,35
oːl?,5
oːl;,20
ʀɑːeː,1936
hoːɐ,5
nt͡sʊ,18
t͡sʊt,19
ʊtʀ,29
nɡɛ,24
fə.,79
lt͡st,31
viːv,24
iːvoː,24
ʊms,133
msɔ,35
löd,9
ödeː,4
hüb,4
übʃ,4
ön.,6
dɪn,284
doːʏ,22
ən',180
nt͡sɛ,15
hɔx,45
ɔxt͡s,20
xt͡sa,20
ɪts,55
tsm,1
ɪlp,7
lpɑː,8
eːɑː.,12
nt?,51
ʀoːɡ,17
voːx,25
biːl,73
iːlh,19
lhɑː,25
eːɑː;,5
ʀdɐ,50
ʊnv,27
fɑːb,19
ziːm,175
meːoː,51
eːoːn,146
daŋ,283
uːdɑː,867
hɑː;,1
ʃoːs,45
eːba,256
hɑː,,7
eːl:,88
ʀɑːɛ,635
uːfɔ,4
ʀtuː,17
ftɑː,92
ɑːliː,163
liː.,9
pɑː,,20
eːɑːs,168
eːɑː:,4
iːk!,38
ɡɑːt,124
it͡sə,52
iːbeː,136
säp͡f,5
äp͡feː,24
p͡feːl,52
äp͡fɛ,2
p͡fɛl,9
il.,37
eːɑː,,30
sɑːʃ,41
ɑːʃɑː,34
ʃɑːʀ,68
buːl,79
uːloː,42
ʃmɑː,50
joːs,587
seːf,171
iːə;,46
ʃpü,9
püʀ,71
üʀə,97
stɪ,90
atɛ,27
ʀsɔ,33
sɔʀ,22
ʊsɔ,8
flɛ,52
ɔl;,23
ämə,318
dɪb,5
ʀəŋ,38
liːç,508
iseː,44
ɑːt',61
täb,23
pap,1
apɛ,2
pɛl,73
ɛlp,9
lpä,14
ʃäl,4
ifə,104
eːʃä,91
ŋkʀ,43
käm,119
mp͡fiː,8
p͡fiːŋ,8
hlɪ,1
ŋk-,1
k-h,1
-hə,8
ʃpä,12
pät,13
ätl,17
hliː,153
xtuː,44
tuːm,176
t͡suːv,19
uːveː,5
eːeːɡ,4
ft;,27
kʀä,71
ʀäf,39
äft,97
eːtä,77
täʊ,24
äʊʃ,11
ʊʃt,14
ɛnm,7
fɐä,26
ɐän,10
ateː,22
ŋə.,56
oːp!,4
lbt,43
uːə.,24
(lɑː,1
n.),13
ʃtɑː,121
köt͡s,147
öt͡sə,146
loː.,16
ɡiːl,173
iːleː,212
eːɑːt,135
ʀɐ,,79
fɡɛ,27
ɪml,72
vɛk,321
ɛkɡ,114
kɡɛ,49
stoː,198
toːl,26
oːyːd,173
yːdə,155
ziːŋ,66
pau,18
auk,18
ukə,18
öʀɪ,29
önt,78
Üp,33
̈pl,14
pleː,36
zɛn,5
ntɛ,32
zuːx,154
ɪm',7
lsa,4
ʃal,43
ɪsɡ,13
hɪt͡s,3
ɪt͡st,67
ʊsʀ,151
sʀɑː,2560
niːə,90
ʀʀɪ,73
beːt͡s,114
eːt͡sɑː,133
t͡sɑːl,162
ɑːlə,137
mɔx,12
ʀʃm,112
ʃma,66
ʀaf,202
uf!,40
jeːɡ,2
ɑːʀ-,21
-zɑː,6
zɑːɑː,5
ɑːɑːd,1
ɑːduː,1
duːt,6
uːtɑː,7
tɑː;,2
(dɑː,25
ɑːt),7
bɛd,22
ɛdʀ,23
dʀü,50
üks,24
t͡suːn,84
uːnɪ,40
hɐü,14
ɐüb,14
ʀfä,23
fäh,82
hʀs,15
ʃäd,21
32:,32
2:1,27

32,1
2:2,24
eːk;,18
2:3,7
ɑːɑːn,17
im.,41
2:4,10
eːdɔ,20
dɔm,24
2:5,7
au:,4
läs,224
äst,172
2:6,2
sɑːɡ,170
2:7,2
2:8,2
bɑːŋ,17
ŋə;,16
2:9,2
ʃlä,141
:10,10
st:,109
ltuː,10
uːn!,9
:11,10
yːə,,9
tɑːp,42
:12,10
:13,10
:14,11
:15,9
:16,9
faʀ,176
aʀə,264
:17,10
ɡeːeː,91
eːeːt,212
aseː,105
:18,10
ʀaɡ,51
veːm,58
öʀs,29
:19,10
:20,11
axɡ,32
xɡiː,8
:21,11
ʀsö,106
:22,10
iːsɛ,86
:23,13
ɛlf,208
jap,10
apb,222
pboː,9
boːk,7
:24,9
iːnü,48
:25,9
anp,9
npʀ,140
:26,10
ʀmɔ,9
ləŋ,28
:27,9
nn.,3
:28,7
:29,6
ɪsʀ,2533
eːkä,4
ämp͡f,17
mp͡ft,11
ɔpɡ,7
:30,5
sə?,21
:31,4
niːl,96
iːl;,24
:32,4
31:,1
1:3,4
:33,4
pan,50
anɑː,42
ɑːdɐ,26
ŋɐü,9

jɑː,2
ʀneː,106
eːɑːn,15
uːlɛ,20
lɛt͡s,86
uːɡɛ,16
uːk.,20
ɔʀt͡s,88
nnɛ,4
hə;,7
eːmä,46
äxl,1
nnɑː,5
iʀ.,5
fɔn,16
ɔnö,1
zʊk,28
ʊkk,27
kkoː,28
koːt,50
iːxɛ,11
xɛm,8
(na,3
ɑːʀ),5
ʀ),,7
ɑːɡɐ,192
heːm,32
eːmɔ,6
ʀoːʃ,27
oːʃə,24
ʃvä,39
väx,46
eːmoː,34
oːʀ:,2
mäɡ,11
ɡtl,11
ʃän,54
bɛf,21
ʏnd,94
ɪneː,88
nɡɑː,4
aɪʃ,11
ɪʃt,28
ʃt;,10
ʊnb,58
nbɛ,38
ʃan,166
ɑːfɔ,21
ɔnt͡s,1
bs.,27
ʀʀl,242
tsɑː,27
bs,,99
ühn,10
üʀk,58
ʃäʀ,45
äʀf,45
plü,24
lün,24
häuː,249
äuːs,306
fiː:,2
ʊŋl,173
ŋlü,167
lük,239
tɪŋ,15
əʀiː,266
iːŋɐ,55
huːʀ,155
uːʀə,149
ln?,5
loːɛ,2
oːɛs,2
inɪ,155
ʀüp,76
üps,33
nsp,37
pɑːŋ,10
axj,33
xja,16
l-b,6
-beː,9
nba,104
deːb,29
ɡeːiː,5
eːiːx,1
ŋkoː,157
eːɡoː,18
̈l.,10
eːmʊ,7
sɡɪ,23
ən-,37
n-oː,1
-oːn,1
niː;,5
n-j,4
-jɑː,8
jɑːm,205
tleː,61
leːeː,51
eːeːm,61
ʀap,73
apm,4
pmɑː,7
ʀms,15
ənj,176
njɑː,297
liː;,5
pɑːs,25
zat,112
oːoːl,24
oːliː,27
iːbɑː,104
bɑːm,12
nɑː,,79
liːn,31
t͡siːb,25
beːɔ,15
eːɔn,16
fɑːs,46
ɡuːeː,7
jeːuː,60
eːuːs,11
koːʀ,89
oːmiː,104
ʀkɔ,58
us:,4
sma,12
mat,75
oːmɑː,16
t͡seːf,20
eːfoː,69
foː,,2
ɡɑːeː,3
ɑːeːt,4
ɪmn,37
mnɑː,26
ɡuːɛ,10
nɑːɑː,28
ɑːɑːt,61
amɑː,13
ɪsɑː,108
eːs:,24
zoːb,26
beːoː,62
eːt͡sɐ,20
ʀiː,,24
oːta,15
alv,3
lvɑː,3
vɑːn,7
ɑːjɑː,276
kvɛ,32
iːsɔ,2
hɛm,5
mdɑː,1
hɑːn,106
zɑːv,2
ɑːvɑː,3
ɑːkɑː,49
t͡sɐ,,15
iːnh,37
nhɑː,55
ʀp,,34
bɔt͡s,10
ɔt͡sʀ,8
t͡sʀɑː,8
huːs,27
dad,10
ads,36
ds,,162
ɑːviː,12
viːt,3
mlɑː,8
asʀ,16
sʀeː,76
ʀeːk,9
zau,380
ɑːl-,42
l-h,14
-hɑː,17
axb,38
xbɔ,11
pɑːɡ,7
ɑːɡuː,2
ɡuː,,2
meːeː,3
tɑːb,37
ʀɛd,3
ɛds,14
sɑːa,2
ɑːab,22
abs,113
vɑː,,5
piːn,27
iːnoː,13
noːn,134
pt͡sɑː,2
t͡sɑːʀ,146
mak,96
akd,15
kdiː,2
diːl,7
iːl,,215
ʀpl,16
bs:,6
pt͡seː,12
ɔk.,15
t͡sʊs,13
ʊsp,58
spʀ,118
öʀeː,97
eːab,36
bt:,5
mɔn,90
ɑːt?,44
beːɪ,12
hiːŋ,131
iːŋiː,19
eːf:,13
eːm?,9
ziː,,7
ɪʀeː,7
doːt,24
lkt,97
anʃ,56
öteː,114
ʀäuː,162
uːmɐ,3
ɑːɐ.,4
ʀɛs,196
ʀbʀ,4
ɔk,,32
ɑːnh,74
nha,111
liːt,156
lsɑː,28
mʏʀ,23
ʏʀh,17
ʀhə,23
lft,161
ft',7
ʊfl,73
ʀʀiː,63
dɑː!,13
oːsɛ,60
sɛf,48
ɛfs,51
nbɔ,38
bɔk,56
ɔk;,3
iːnʊ,36
oːtiː,20
tiːf,7
əʀɐ,232
ɪpv,1
pvɑː,2
vɑːx,105
nap,46
apt͡s,41
pt͡soː,7
ɑːdʊ,39
dʊl,42
ʊlɑː,30
tɐ-,4
ɐ-m,1
-ma,5
uːɑː,,73
iŋɪ,14
ŋɪŋ,21
ɡɐ.,26
siːp,15
eːə,,58
ʀvɛ,102
ɛkɛ,3
kɛs,27
dɑː',275
ɑː's,303
uəʀ,163
vəŋ,4
p͡fan,42
bə?,39
ʃnuː,26
iːʀ;,106
ɑːs?,20
mɑːk,63
ɑːk',9
ɡeːʊ,4
eːʊʀ,4
ɪŋt,150
ʀfɔ,122
ɔʀp,40
ŋɐ,,32
nns,26
jɛt͡s,112
t͡suːə,17
nt͡soː,15
pəʀ,147
ʀeːt͡s,42

joː,9
iːʃɐ,31
nab,10
abp,17
bpʀ,17
ɡlü,52
diːŋ,91
iːŋeː,190
usɐ,80
̈beː,58
täk,112
äkl,134
vɪʃ,4
loː,,17
zeːeː,90
hɛb,77
ʀäiː,16
äiːʃ,29
ŋɛp,9
ʊtv,15
utɐ,28
mə.,75
iːf,,37
ɪmk,16
mkɑː,14
fäŋ,109
ŋkn,109
hʊl,5
mtm,6
knɪ,92
nɪs,128
ük.,18
päk,12
äkɐ,8
ʀsü,48
um;,10
doːyː,77
yːtʊ,19
tʊŋ,109
ŋkɑː,38
auʀ,45
uʀiː,30
iːk?,22
sleː,9
tɔk,91
ünt,30
blü,29
lüh,29
üht,15
htə,14
if;,2
beːx,47
eːxɐ,49
ɑːoːs,61
ʀdʀ,19
ʀheː,65
ʀäɐ,19
alh,8
lhiː,11
köʀ,22
öʀb,15
ɑːoː;,8
pt.,15
ɡal,22
alɡ,1
häŋ,59
ɑːʀɛ,13
lt͡sa,4
äkə,34
ŋka,4
həŋ,2
yːteː,38
tün,36
häs,9
äsl,10
sliː,29
ɑːoː.,8
Äh,21
̈hʀ,21
lm,,3
ɪk.,8
stv,19
nɡt,58
ɑːf.,10
eːəŋ,4
an;,25
ŋɛf,6
ɑːn',42
ʀhiː,15
ɑːoː:,10
ʀkü,168
kün,183
ɑːoː,,30
ʀhɑː,31
səŋ,8
aɪɡ,70
t͡seːʀ,59
mt;,49
ʀnm,24
tän,99
ʀɔʀ,34
ʀtn,127
tnə,20
ʊfʃ,19
fʃü,6
ʃüt,104
ʀnh,25
nhä,19
uːsɐ,153
ʀvɑː,21
tneː,129
huːŋ,91
uːŋɐ,90
ai?,21
kʊn,144
duː.,15
nɪk,354
ʃtuː,158
tuːl,155
öhɐ,13
nva,78
vɑːɡ,218
sʀuː,25
asn,11
snɑː,8
nas,151
im;,20
ds.,61
fiːŋ,87
lɪt,25
ɪt,,9
eːf;,8
äŋɐ,60
uːm?,5
il;,11
fs,,41
yːɐ.,24
liːt͡s,129
iːt͡s.,11
voːɐ,35
ʊnt͡ʃ,16
ʀʀ;,40
pʀü,40
ʀüf,27
üfə,13
oːs!,6
mɡeː,97
isa,12
iːs;,22
ŋeːt,125
ʀʃʊ,21
aŋs,68
nfl,23
fleː,82
eːfɔ,25
dɔl,8
ɔlm,9
meːt͡ʃ,1
eːt͡ʃɐ,1
t͡ʃɐ.,1
säk,31
ʀkä,27
ak,,2
eːʀʊ,5
tfiː,9
ʀt͡s,,70
ʀʃʀ,135
ʃʀɑː,32
ʀɑːk,62
ɑːkə,45
it:,11
nɔt,2
ɔtd,2
tdʊ,2
öɡt,10
ʊsx,25
sxü,12
xüt,12
pün,14
ak.,3
ɪkɡ,47
ɛpl,110
kteː,32
bt?,21
ɔʀʃ,48
oːx?,5
dɐ?,13
də:,28
ʊfm,46
fmɑː,21
ʃoːn,119
uːt',12
ɑːp:,20
hoːn,86
dat,2
ln.,62
iːfä,16
eːf.,8
ush,26
älə,25
stü,99
öliː,11
iːçeː,183
çeːm,24
vɪx,41
ʃɑːt͡s,47
kə.,57
vuːʃ,19
uːʃə,14
ʀüs,35
ntp,20
tpʀ,23
amɐ,89
üʀf,55
ʀäə,4
äəʀ,39
oːyːeː,188
yːeːl,144
iːʃ;,7
nfm,1
fʀö,177
ʀöh,162
ak;,4
jɑːɡ,42
ɑːx!,21
ʀiːx,275
ɪsa,82
ɡt?,14
tə?,61
leːd,18
ɑːmɪ,16
mɪn,27
eːluː,31
ʀʀɑː,20
nə?,16
voːm,55
xtf,14
tfə,21
iːsh,20
shɐ,18
al,,7
jam,70
mkä,10
ɪʀb,66
ʊft͡s,85
iːf:,5
p͡flü,22
ɛtʊ,8
ileː,9
t͡st;,18
skɪ,27
ʀbɛ,12
mün,11
ɪxk,162
xka,159
ɡɐü,84
ɐüx,31
lɑːd,261
maʀ,134
eːbiː,139
hʀeː,70
ʀkl,73
ɡə!,16

ɪs,4
pt͡suː,9
ʊfü,4
ɛsö,1
stö,147
mə;,31
aluː,37
luː,,7
hɛt͡s,25
ɛt͡sʀ,25
t͡sʀoː,18
xaʀ,54
ʀmiː,15
meːɔ,9
oːɑːt,3
jɑːx,21
ɑːxiː,91
xiːn,19
ul,,32
iːtiː,43
iːs:,23
kɑːɑː,32
ʀiː.,16
's:,11
eːt͡s:,4
ɑːmuː,148
muːl,6
uːl.,9
ɑːʃa,7
ʃaʀ,74
ʀs:,9
fuːf,4
uːfɑː,15
joːp,1
uːlɔ,6
eːloː,64
jɑːl,16
ɡad,6
ds:,6
t͡sɪf,1
ɪfj,2
fjoː,1
joːn,176
hak,29
akɡ,20
kɡiː,10
ɡiː,,2
zuːn,14
uːniː,10
niː,,31
ɛt͡sb,14
t͡sboː,2
boːn,61
ʀoːd,54
oːdiː,20
ʀeːl,57
jɪm,7
ɪsv,7
svɑː,3
sviː,5
viː,,4
ʀiːɑː,244
iːɑːs,165
alx,30
xiːl,8
iːl.,41
xɐ,,37
asb,10
sbeː,7
eːiː,,3
mʊp,1
ʊpiː,7
piːm,7
hʊp,4
siːm,10
jɑːt͡s,13
ɡuːn,5
jeːt͡s,4
ɪleː,9
(aʊ,1
dɐ),3
ɐ),,5
zeːx,15
eːxʊ,2
xʊn,3
anv,1
nviː,1
nsɑː,38
fiːh,3
iːhɪ,3
ɪtɡ,6
tɡɛ,19
ŋk?,17
tüx,25
lfa,5
aŋt,26
ɑːɛm,6
mseː,9
ɔʀk,24
oːt!,8
fiː;,7
ʀnä,5
iba,12
lk:,47
säeː,12
äeːt,8
säə,38
äən,24
aik,54
ikɑː,4
ɛteː,116

da,15
lks,161
ŋeːk,18
yːɡɛ,1
pta,117
ʀat,56
iːə?,8
ʀlö,148
löʃ,110
zoː,,4
t͡suːa,66
uːau,55
täʀ,196
äʀk,155
möʀ,33
öʀd,43
ʀiːʃ,57
vaf,59
ŋk;,57
ʀlä,62
läh,7
mt.,52
hɛf,30
ɛft,69
ɪm,,13
öʀiː,8
yːən,169
loːb,148
löv,141
övə,133
və.,11
ziːɡ,17
öviː,5
viːn,5
leːn,15
eːnə,23
t͡sɛp,19
hɛl,254
bɪn,65
bɛʀ,21
ɛʀp,10
lx.,3
ʃɪf,101
knoː,16
oːxiː,5
xiːç,12
hüʀ,24
t͡sɪn,43
ɑːʀɐ,10
ɔtɐ,7
uːʀü,61
ükf,3
kfa,5
il!,5
ɡɛd,8
dʀä,52
äŋt,55
ʀɪɡ,116
ɡsh,2
ʃnɛ,37
nɛl,36
ɛlɐ,19
ɪʀʃ,16
mpɔ,3
pɔʀ,10
auɐ,113
uɐ.,9
ʀt͡sü,66
kʀiː,128
ʀiːɡ,90
eːɔl,34
ɔlf,40
lfə,285
ʊtə,31
ʀkɐ,44
oːʀɛ,5
ʀɛl,8
lf;,6
täm,120
lk;,44
ʀab,15
Äʀ,22
̈ʀt͡s,6
lpt,64
pʀɛ,131
siːç,25
ɑːtɑː,284
ʀda,116
foːl,64
ʀɡiː,51
eːt',53
xiːʀ,17
fs.,20
msuː,67
suːx,106
liː,,26
mp͡fə,10
höb,6
öbə,6
ɔnf,3
nfö,1
fök,20
ökt,22
piːt,3
iːtoː,30
toːn,40
ɔʀa,10
tsh,22
shä,2
t͡svɑː,19
ʀön,11
zɪf,4
ɪfʀ,10
puːɑː,9
uːɑː:,19
käʃ,15
äʃt,142
ʀoːʀ,18
klɛ,11
bɑːd,32
sɐ;,32
oːs:,7
säʊ,24
äʊɡ,3
ʊɡt,13
äʊk,12
ʊkt,25
moːs,827
äɡs,12
näk,137
äks,187
t͡st?,7
uːdeː,4
ɪlɪ,7
t͡sɪp,13
ɪpoː,3
soːm,3
zoːʏ,43
ʏft͡s,43
ft͡st,9

moː,2
oːʀeː,62
ʀeːp,28
eːp.,5
buːʃ,12
uːʃ.,4
iːŋɪ,6
ʃuːə,26
nt!,26
t͡suːʃ,11
uːʃa,5
sfü,43
äŋs,51
hʀɛ,7
mə?,5
üʀ.,30
ɪmɡ,25
eːsʊ,143
xbɑː,12
nɔs,13
ɔsiː,1
siːn,33
fäs,103
ɪʀf,62
hɑːʃ,15
nt͡s.,7
ʊsä,29
sät͡s,40
ät͡siː,29
ʃneː,23
neːə,15
ɡiːs,58
ʃtʊ,142
tʊm,104
ʊmə,66
ʀʀ?,9
iːn:,34
tam,247
ʀoː,,17
vɛɡ,80
ʊtb,2
tbʀ,15
äuːt,60
uːtiː,34
iːɡɑː,20
idʊ,9
pɛs,51
tiːl,58
uːfiː,11
hɐ;,26
nleː,21
xvoː,5
üsiː,12
alʃ,117
lʃə,54
eːmɪ,2
ʃtɔ,107
tɔp,14
ɔpɛ,12
üleː,28
eːvə,50
t͡steː,7
nt͡sɑː,3
äʀɡ,47
ʀɡɐ,62
lk?,5
häʀ,26
äʀt,163
laɡ,53

dɐ,17
löz,133
ɡeːoː,48
ft͡sə,33
ʀhä,131
ɑːnä,2
näiː,2
ɪpn,30
kɑːa,11
ɑːat,14
jiːt͡s,14
iːt͡sh,14
t͡shɑː,10
siːl,29
siː.,5
amʊ,1
mʊŋ,1
muːm,1
oːxeː,6
xeːb,10
t͡sha,12
neːf,8
feːk,13
zɪx,17
ɪxʀ,22
xʀiː,23
uːsɪ,5
sɪl,24
miːs,21
ɛlt͡s,28
lt͡sɑː,3
t͡sɑːf,7
ɪtʀ,63
seːb,26
dab,16
nɑːɛ,17
ɑːɛs,14
ɛsɔ,3
dɑːp,50
biːuː,16
iːuː,,9
iːtɑː,29
asiː,10
siːʀ,5
ɛlk,74
biːɑː,54
sɑːf,116
ʀɑːiː,17
ɑːiːt,53
ɑːʀɔ,76
tiːɛ,9
iːɛl,7
n-ɡ,13
-ɡɛ,1
nt',12
ɔl',57
neːv,39
ɛɡf,35
ɡfü,32
t͡sau,43
ʀɐ;,11
eːkɛ,73
päx,43
ʀöm,48
ömə,34
zeːn,14
süm,1
ümp͡f,1
p͡fə,,8
höl,77
ölt͡s,15
ɑːm',5

7:,1
7:2,14
öʃə,38
vɪm,9
ln;,30
laf,9
afk,3
fka,3
akö,1
köf,1
8:1,11
8:2,12
8:3,1
8:4,1
8:5,1
ɔl,,56
8:6,2
8:7,1
8:8,1
8:9,1
äʊf,34
taŋ,4
lʊf,9
tɛx,2
ɛxm,2
xmü,6
mük,41
ʊsb,19
sbʀ,4
zoːv,28
oːvoː,15
(ziː,3
ən),28
ŋeːt͡s,47
eːt͡siː,25
t͡siːf,12
iːfɐ,10
fhä,8
häl,161
özʊ,9
zʊŋ,9
aʊɡ,10
iniː,103
ʀnɐ,52
täuː,42
äuːʃ,7
ʀɪç,92
ɪçp,68
çpl,68
äɐ:,4
lts,59
fäʊ,8
äʊs,9
äuːb,45
ʊfɑː,5
nsoː,21
soːv,4
ɡɛɡ,33
akl,1
klə,8
dɔn,40
ɑːɡɛ,13
usɑː,12
çt;,15
ɔnɐ,19
eːʃɔ,4
ʃɔs,6
ʃpɛ,4
ätɡ,1
ʀɔf,29
iːçɛ,4
çɛs,4
eːt:,38
hoːʏ,65
oːʏʃ,29
ʏʃʀ,29
yːx!,13
bt!,19
t͡siːeː,38
iːeːt,48
kɡeː,93
ʀfɪ,6
lfm,25
fmeː,23
oːnuː,26
nuːŋ,51
dɑːɪ,25
ɑːɪn,23
zɪt͡s,35
mʊk,36
ʊkə,1
apk,19
pkɔ,10
ɪmiː,30
miːç,26
ɑːteː,18
nheː,15
am,,10
sfɑː,15
ufɛ,10
lt',41
p͡fɔs,20
sɔt,2
ɔtə,124
ŋeːv,55
pas,47
täx,67
xtn,45
məŋ,35
oːt;,48
inʊ,29
inh,69
imiː,20
miːʃ,19
ɛseː,63
püʃ,6
üʃeː,2
ʃeːl,4
ʀʃv,31
ʀbɐ,12
sɑːoː,1
ɑːoːp͡f,1
oːtɐ,7
ʀoːə,16
ik,,6
ʀsä,19
ksɛ,17
lfä,8
pöb,7
öbɛ,2
bɛl,117
lfɔ,3
uːkə,1
toːs,170
isɑː,4
sɑːs,53
biːp,7
ɛsv,11
svɪ,19
ŋkm,8
hʀl,25
ɑːf;,3
özɛ,3
zɛs,7
ənɪ,14
ɔst͡s,5
uːla,7
ɔp͡fʀ,1
p͡fʀə,1
əʀoː,237
ɐüʃ,42
ɛsp,77
nsä,25
viːx,63
ʀʊm,26
ʊml,16
piːɑː,4
iːɑːx,3
iːʀoː,4
mɪk,26
ɪkd,9
kdoː,6
doːl,7
l-t͡s,3
-t͡seː,4
ʀɪʀ,10
ŋɛʃ,9
xjɑː,30
ɪnl,22
ptl,58
eːʀ),2
äbɐ,19
teːeː,24
ʀmeː,73
ndʊ,32
axf,43
xfɔ,27
ŋeːl,60
ʀloː,138
nvɛ,5
ɛkf,5
kfɑː,3
nvɑː,3
ʀäd,35
ädɐ,29
uːŋɛ,37
tüm,54
üm.,2
xɡeː,40
zaŋ,14
saŋ,16
ɡsm,15
kt;,18
sɑːx,100
ɑːxɐ,43
muːt,77
ʀn?,48
löp,6
öpl,6
ʀtä,12
sʀɛ,9
bɛp,21
ms;,16
t͡sɪt,47
moːa,19
oːab,40
ik.,2
ʀxk,3
ktuː,113
mɪʀ,19
ʀɑː;,7
ɪtɐ,55
mʊʀ,40
süs,75
üs.,3
ŋkh,45
kha,78
liːm,36
lmp,2
mpä,2

foː,3
ft͡sɛ,20
töp͡f,33
ʀf,,4
ʀsuː,27
uːʀɪ,33
ɪnp,17
ʊʀə,13
pʀɔ,85
huː?,1
s?),1
?);,1
ʀmɐ,23
ʃmɔ,3
mɔl,4
zap,166
pbɑː,155
koːx,16
t͡sə?,5
aiɐ,28
ʀiːa,2
ɛʃm,38
ɛmeː,3
spa,30
paɪ,11
kʀü,27
fɑː.,10
ʊʀs,92
uːn?,44
ʃlʊ,13
lʊɡ,5
ʊɡs,10
eːp;,2
ŋks,45
oːsuː,202
suːɑː,243
hüɡ,77
üɡɛ,50
zɪk,4
sə',41
ə's,42
vɐ;,3
fsɛ,2
tüt͡s,2
üt͡st,9
eːfɪ,43
ls',1
s's,2
uːɑːs,23
ɑːs;,40
pɑːn,40
niːʀ,78
ükɡ,10
mdeː,11
də),2
oːs),2
s).,2
ühs,16
hsɑː,13
ɔxm,17
xmuː,11
ɡəü,8
əüb,8
sʀɪ,36
lɛʀ,181
ɛʀs,31
leːt͡s,53
eːt͡sa,123
iːteː,16

iːm,31
sɡa,12
atl,36
ntuː,52
ɪkʀ,225
çeːs,116
t͡sʊk,18
ʊkl,24
ʀɑːp͡f,9
iɡeː,28
anʀ,111
nʀü,54
eːʃoː,10
tön,11
poːs,69
oːsa,72
aun,77
unə,71
yːɐ;,7
ut.,15
ʀxp,4
xpʀ,4
ʃmɛ,62
mɛt,35
ɑːp!,12
ltn,13
ɪxn,123
xniː,39
msʊ,6
pba,51
bat,97
ata,1
ɡs,,12
ɑːʀɪ,26
atɑː,28
eːɛp,43
lüʃ,22
çt.,38
tɪf,158
eːau,53
tuːf,22
ɔʀl,16
"kö,5
tɐ",8
p͡fʀiː,5
ʃmä,49
mäh,51
äht,36
eːeːʃ,1
eːʃʊ,10
xɡɛ,4
faʊ,6
t͡stɡ,1
iːfiː,17
ʃɪd,2
ɪds,271
dsʀ,1
t͡sɑːn,14
ɔsl,10
sxl,5
xlä,10
ösiː,2
äbt,4

21,1
21:,7
:37,3
22:,42
diːp,17
ʊtɡ,14
tɡə,3
ɑːf,,31
ädɪ,9
eːt͡sü,30
t͡sün,102
ldɪ,3
loːʀ,49
dam,57
tlɛ,3
dɪŋ,44
ʀlɔ,9
läf,35
väɡ,23
äɡə,64
eːpü,34
püh,27
ʃɪn,12
ist,2
vuːx,13
uːxɐ,13
ʀn",9
läʃ,107
zaf,9
ükh,3

duː,7
lʃɐ,18
baɪ,33
ixɛ,6
xɛs,13
eːʃö,3
uːfü,13
ʀkeː,58
̈lb,32
ʀkv,51
iːp;,13
ʃaɪ,12
ʀʃɐ,18
ʃɐ,,9
anb,74
nbeː,83
ʊmʀ,15
mʀa,8
t͡saɡ,30
hɔʀ,74
ʀnɪ,57
ʊsj,4
sjɑː,50
ɑːxa,54
xai,72
väk,49
älf,50
önɐ,9
zɑːf,55
lɑːʀ,11
tɑːf,37
boːp͡f,27
lt:,17
pʊʀ,76
ʊʀp,63
ʀpuː,50
puːʀ,59
aʀl,166
tdə,24
ʀfɛ,23
dak,24
ksf,14
sfɛ,15
kɑːt͡s,30
ɑːt͡siː,40
t͡siːn,58
lt͡s,,38
amp,34
mpə,40
ʃpeː,27
peːt͡s,23
äʊx,53
ʊxv,49
xvə,50
kss,7
sst,10
ɪpʀ,54
amt͡ʃ,7
mt͡ʃɪ,7
t͡ʃɪl,7
äts,16
ɪth,17
tha,42
tɑːŋ,42
stuː,103
stʊ,25
tʊl,4
ʊls,91
eːə;,14
ndp,5
ʃüs,27
üsɛ,15
löf,24
öfeː,21
ʃɑːl,35
ʃaʊ,18
ʊpʀ,55
öhʀ,18
näuː,22
äuːf,69
luːm,51
kna,19
neːiː,3
eːiːn,3
ɪxt͡ʃ,6
xt͡ʃn,6
t͡ʃnoː,1
oːyːt͡s,62
yːt͡sə,6
öʃn,2
ʃnä,2
näp͡f,4
äp͡fə,4
tnɐ,83
ät.,5
tɛp,22
ɛpiː,19
ɡɛt͡s,23
ɛt͡sv,25
isɐ,70
aueː,55
ueːm,26
oːteː,30
ixɐ,19
ɛpɪ,3
pɪk,5
ɪks,123
füɡ,15
üɡt,28
ɡeːɛ,13
eːɛf,8
fteː,34
ük,,33
hɑːk,33
nhɛ,3
ɛtɐ,65
t͡sɑːp͡f,4
ɑːp͡fə,9
ɛkp,2
kpʀ,2
mɐ;,17
haŋ,39
deːv,4
lɪç,133
ɡsv,10
svä,12
tuːx,23
ɪʀk,40
ɛkiː,13
kiːk,10
ntö,2
ənp͡f,9
np͡fa,9
ɡɪt,51
neːt͡s,158
ʀäɡ,56
hoːf,102
mha,11
kvə,23
feːs,18
näɡ,21
äɡeː,14
fseː,9
fts,145
ŋt.,19
ish,160
iə,,5
ʀpʊ,14
ʊʀɔ,7
huːt,33
ix;,9
ɡʊʀ,12
tnʊ,32
ɪnʃ,18
nʃn,4
suːŋ,6
liːd,40
ɑːx;,26
zaʀ,7
aʀd,76
toːp,15
oːpɑː,4
lʏŋ,2
ʏŋk,2
ŋkuː,11
kuːʀ,8
uːʀɐ,7
xɑːt,9
eːtʏ,3
tʏs,3
ʏst,4
kiːs,38
jas,3
asp,5
spiː,47
ftɛ,5
knü,7
nüp͡f,7
üp͡fə,7
anl,17
ɔsm,8
leːv,29
nɪn,12
ɑːtä,22
täp͡f,20
ʃɛl,42
tɑːp͡f,11
ɑːp͡feː,10
ʀnp,9
skʀ,15
sɡʀ,1
iːçʊ,17
çʊŋ,17
flɑː,21
nmeː,8
ʀt͡sʊ,36
t͡sʊp,40
lpö,13
pöl,13
fbɪ,1
ɛt,,19
nt͡sü,63
ŋsh,10
shə,35
uːm.,70
üsɐ,4
uːx,,42
ʀkn,6
knɔ,8
nɔʀ,9
ʀpeː,8
dau,9
umə,17
t͡seːə,11
öl,,2
ülʊ,5
ŋk),2
k),,3
̈lk,13
lkuː,3
ʀʊs,21
eːɛb,1
çəʀ,11
hnʊ,21
tʀɐ,8
tsü,20
hns,2
oːxh,29
xha,31
uːn:,16
̈ls,6
isoː,162
soːp͡f,162
üseː,43
eːai,85
äuːx,101
uːxa,2
vän,20
ksuː,29
suːm,72
ŋt,,33
uːxoː,5
xoːp͡f,5
hls,13
ktʊ,58
(ai,2
ʀɑː),1
ɑː).,1
ɛsd,15
sdɪ,14
̈bɐ,16
tfɑː,18
uːt͡sü,2
t͡sɪm,51
lmuː,16
siːɑː,100
iːɑː,,230
lba,21
ʀal,45
eːɡɔ,37
tak,6
lbɑː,4
iʀa,22
pʊl,3
ʊlf,3
lfɐ,22
ʃtoː,39
liːɑː,127
iːɑːp,19
ɑːiːs,8
ät,,22
mts,17
tsk,8
nʀiː,14
ʀf',9
f's,14
ɪfeː,5
lp.,1
piːl,116
ɑːp;,32
eːoːp͡f,44
aʀiː,21
̈bɛ,45
ʃʀɪ,168
ŋɛk,2
jaʊ,59
ʊxt͡s,59
xt͡st,17
ɔpl,7
lp,,6
lmt,11
t͡sʊx,34
xtl,8
vät͡s,11
ʀn),5
ʀt!,39
ʀxɡ,19
ita,60
ɪmt͡s,4
mt͡suː,4
uːsuː,2
ʃmʊ,35
ft͡sö,6
ʀkɛ,47
voːb,2
oːba,44
lsk,13
klʊ,7
iɡɛ,6
eːtɛ,22
hiːp,14
eːdʊ,32
yːə!,2
eːtʊ,20
ɑːxɛ,9
sʀɔ,64
axl,23
xla,12
nə!,17
ɡeːʀ,38
ɡlä,35
änt͡s,27
üʀ;,7
ʀhɔ,22
hɔf,191
ɔfs,21
oːf;,5
vɐ',6
ʃpɑː,7
ɔʀiː,1
spɪ,4
pɪn,9
aiv,25
ivɪ,25
ʀboː,11
ɡɐ:,6
ms.,34
fük,13
ŋkä,30
üns,6
köp͡f,14
uːl;,5
iːʃ:,2
t͡ʃnä,1
äuːt͡s,1
uːt͡sə,5
ʀt͡s.,20
piːɡ,4
oːf:,1
mhä,5
zʊm,34
ʀaʀ,10
anx,27
pt,,16
ʀtm,10
ŋs,,11

ɑːb,14
nɡiː,1
üp͡ft,12
nlä,2
äɡɛ,8
lbʊ,2
bʊŋ,14
iːʃ,,22
ʀsp,45
yːɐ,,39
abk,42
bkn,2
ipə,2
spl,7
ʀoːp͡f,12
feːd,13

və,15
̈l,,20
ɡɐö,10
ɐöʃ,10
t͡suːeː,3
uːeːb,5
uːx.,18
eːtö,48
kuː,,2
pɡə,20
mla,15
nt͡s,,17
feːb,3
fɛb,1
ʀbɔ,102
ɔkeː,4
vüs,12
(viː,5
tə),5
ə),,8
eːkə,25
ɑːf-,1
f-oː,2
-oːd,5
nmʊ,4
ɪk,,6
tfɔ,13
ldoː,37

5:,2
5:2,21
nmə,1
uːt;,26
6:1,13
6:2,5
6:3,1
fheː,28
6:4,1
6:5,1
6:6,1
6:7,1
6:8,1
6:9,1
il,,45
ŋk:,7
toːp͡f,38
oːp͡f,,18
ʃoːyː,63
pül,3
dɑːd,47
loːp,28
oːp-,4
yːliː,47
nuːt͡s,9
uːt͡s;,2
üloː,6
loːp͡f,10
ɛl,,5
ɡəö,18
əöl,1
ölt,2
xeːt,93
oːp͡f;,6
çə.,13
ks;,12
sɡiː,9
ʀoːl,11
oːlɔ,13
lɔk,27
ntb,18
tbl,13
uːnh,10
hneː,2
käuː,27
ɑːnɪ,6
ɪnx,4
nxə,31
ɔsf,7
sfeː,10
ʃʊp,10
ʊpə,11
yːt.,14
tlɐ,39
lɐ,,54
ɑːbɪ,44
bɪx,11
iːʃɑː,13
iɐ,,4
xtoː,14
kʊk,4
ʊkʊ,2
ʊk,,5
ʃpə,13
käʊ,3
äʊt͡s,3
ʊt͡sl,3
t͡sla,5
uːuː,,2
ʀdɔ,69
ɔmeː,70
ʀx,,4
häh,2
ähɐ,4
deːoː,46
hüp͡f,13
p͡ft;,1
aʀɡ,48
ʀɡoː,13
ɡoːl,11
äuːeː,1
uːeːt,1
tɑːt͡s,1
ɑːt͡sə,15
kʀö,7
çeːl,4
lx,,8
idɛ,11
ɪnd͡ʒ,1
nd͡ʒl,1
d͡ʒla,2
maʊ,33
aʊl,121
ʊlv,2
lvʊ,1
ʀf;,3
oːʀa,27
ɪʀd,16
äs,,8
kös,1
oːyːs,9
yːsɑː,3
eːsuː,701
suːd,5
uːdɛ,12
mp͡fä,4
p͡fäŋ,4
ɑːaɪ,2
ɪmp,5
mpl,2
tɡa,9
ʊfä,4
sɑːt͡s,56
ɑːt͡s.,11
ʃvʊ,6
ʀfʀ,23
ʀoːeː,3
oːeːs,10
ʃvü,2
ʀüz,7
üzə,13
ʊsa,16
sat͡s,7
at͡sm,13
t͡smɑː,7
naʀ,142
zə,,18
sʀö,1
ɑːt͡s,,15
ün,,2
pteː,26
lɡɛ,11
kleː,8
ʃvɪ,16
ptɑː,16
sfa,2
lɑːt͡s,36
lkoː,13
in!,31
ft͡suː,28
t͡suːk,48
ünl,4
ɛlv,14
lvə,24
ʃə,,28
ʃäb,1
äbiː,1
biːk,6
t͡seːd,142
xfa,6
iːʃeː,23
ʃeːm,20
oːɡɛ,11
apʃ,13
pʃə,10
ɡɐ;,5
ʃoːʀ,11
̈l;,3
ʀvə,54
sʀä,2
ʃɑːb,1
ʃap,2
apt,16
ünx,15
ɔʀf,111
xlɑː,3
xeːl,29
väʃ,3
ʃt,,27
ʊseː,4
ʊtf,8
eːvö,20
fhɑː,1
npö,9
kə:,5
ɑːseː,58
ɔlp,12
lpʀ,13
sxa,3
xaf,1
ltoː,11
oːyːf,76
yːfɛ,5
bkö,32
ŋt',2
ŋiːs,1
ɪl;,15
zɑːt͡s,22
tsf,8
sfʀ,9
t͡suːd,7
ʊfd,23
fdɛ,23
bɑːs,82
uːviː,8
ɑːiːŋ,16
moːl,15
oːloː,15
iə.,3
piːə,5
abʃ,15
bʃn,9
fsa,1
älʃ,9
lʃl,8
eːlö,32
löh,24
oːʏm,12
ʏmd,12
uːʀɛ,10
xtv,15
iːʀiː,19
säɛ,2
äɛs,2
ɛlɡ,19
nduː,5
bʊk,18
ät͡sə,75
uːm;,25
p͡fʊn,18
ʃɛf,18
ɛfeː,18
ux;,14
luːt͡ʃ,14
uːt͡ʃa,1
t͡ʃan,1
ʃɑːm,8
oːaɪ,6
änt,28
aps,124
psɔ,10
äʀeː,7
yːtɐ,10
oːəʀ,8
öls,1
ɛxl,4
iːt͡s;,5
çt:,2
hnɐ,11
t͡suːt,33
uːtuː,18
aieː,30
ieːm,6
äuːd,10
kʊʀ,13
ʊʀt͡s,62
kaɪ,7
p͡fɐ:,8
uːx;,3
yːeːs,27
ʀʊk,9
ŋsp,2
ʊŋs,2
ubh,17
bhü,17
uːt:,5
lmə,35
nt͡sv,13
bax,2
axv,10
xva,15
umö,1
möl,1
(za,1
loːm,410
dɪp,6
ɑːn),2
ʀlɛ,22
atj,56
tjɑː,70
ft͡sɪ,28
ijɑː,6
alj,97
ljɑː,136
pka,2
ʀmt,36
özɐ,31
xnə,19
oːnh,15
pnɪ,4
ʊfn,21
fneː,38
tʀə,16

iːʀ,2
ʀɛʃ,5
ɛʃt͡s,1
ʃt͡sa,1
ɔʀj,3
ʀjä,3
fiːb,25
tɔl,93
aʀɪ,2
t͡süx,50
xɛʃ,1
xnɑː,46
ɪnʀ,15
tseː,54
auʃ,18
uʃə,10
ɡtʀ,7
ʃät͡s,78
ät͡sʊ,9
xt͡sɪ,26
bsb,4
an:,12
ät͡st,8
ʀpɡ,15
pɡuː,14
hoːm,10
ɡɪl,109
kɐ;,13
iːt͡suː,4
zeːd,5
oːʏʀ,5
ʏʀs,5
uːmiː,8
miːl,14
ʀiː-,5
iː-z,10
-za,11
atd,42
tda,15
is;,9
ɛsoː,10
bs;,6
uːaʀ,5
heːl,29
fs:,1
miːʊ,9
iːʊd,9
ʊds,15
ɡam,12
liːl,108
peːd,14
ɑːt͡sʊ,12
t͡sʊʀ,8
ɡiːd,45
miː-,7
ɑːɡiː,10
ɔxʀ,7
xʀa,7
ɛlj,52
jɑːs,237
deːɡ,6
ls;,39
ɑːiːʀ,7
aʊk,21
kta,159
isɪ,42
sɪk,31
ksm,4
fʃl,7
uːma,7
xta,11
t͡siː.,1
mteː,6
äteː,20
t͡suːɔ,1
uːɔʀ,1
dʊn,10
lɑːɛ,1
uːxeː,37
iːliː,16
zɔʀ,36
iːt͡sɑː,4
ʀiːl,25
biːa,6
iːaɪ,4
(t͡sv,2
oːt),1
ɔtiː,1
axʀ,3
xʀoː,45
ʃnoː,4
̈lɡ,1
lɡeː,40
feːɡ,9
çə:,2
ndʀ,1
oːf,,12
tax,20
lüs,11
pts,3
tsʊ,2
sʊm,4
ntd,1
tdɛ,3
ʀɡa,27
də!,54
üxə,26
t͡sɛt,3
apv,20
eːt͡s,,46
ɛsiː,15
üls,3
ʀmɛ,24
plö,41
löt͡s,42
öt͡sl,41
t͡sliː,57
ɔtɡ,5
iːp',6
iʊŋ,10
ameː,69
mɐ.,36
liːa,9
iːab,6
uːmɪ,2
ɑːsa,149
saf,28
afs,40
mlɪ,4
lɪl,2
niː.,1
iːda,2
oːn',2
ɑːiː-,3
iː-eː,5
-eːs,6
eːsɐ,46
ɑːɡɪ,1
öfɛ,2
ɔʀv,4
fiːeː,3
aʀeː,8
nnoː,54
ʃɑː',1
ɔft,47
ʃlɪ,24
yːmɔ,24
xkɑː,2
ls!,7
ŋeːd,7
eːʀɑː,6
viːb,1
iːbɛ,3
nɔp,1
çeːt,30
nf,,5
fʊs,33
sfɔ,30
ŋk!,5
ɑːŋɛ,37
iːx?,23
bə!,19
tɡʀ,5
ns?,12
ktɐ,5
xnɪ,16
iːə!,15
ʀkʊ,28
amuː,7
muːɑː,5
kkʊ,3
leːp,26
eːp,,25
jeːf,16
ʊneː,15
dɑː;,22
jiːç,3
çeːɑː,3
hoːs,31
seːɑː,23
tiː,,8
ɑːfuː,1
ɡat,4
diː,,6
aliː,3
iːxɑː,94
xɑːɛ,5
ɑːeːb,4
biː,,11
faf,1
fsiː,2
seːeː,4
tuːŋ,31
eːoːp,11
ɑːiːm,37
lma,10
oːɑːn,41
bɑːx,75
fvə,8
ʀxv,6
ʃuːt͡s,19
eːɛs,20
mpö,16
pöʀ,13
ɔʀm,39
yːnə,10
nfɪ,11
ilh,5
ht.,8
ʀoːp,5
kva,13
t͡siːp͡f,12
iːp͡fɛ,3
ʃnü,4
nüʀ,4
iːp͡feː,16
tüŋ,41
mtʀ,4
ötiː,11
biːʀ,22
lɛt,4
ɑːmh,1
xt',8
ʀhɛ,31
fiː!,2
fʀuː,11
ʀuːʀ,11
Äk,35
̈kɐ,27
sʀa,14
p͡fɐ!,1
vüt,22
iːʀa,7
ölə,58
eːlä,16
ŋə!,3
17:,28
7:1,12
7:3,1
7:4,1
7:5,1
7:6,1
7:7,1
7:8,1
7:9,1
(ʊn,9
lk),1

17,1
lüt,10
ŋeːɔ,61
mɔs,46
ɛsl,12
äbeː,1
ŋkv,10
ɪʀm,29
ɛkeː,6
äs.,3
fiː?,1
tök,12
ls?,4
boːt͡ʃ,31
oːt͡ʃa,31
dst,6
ʀxt͡s,19
ʀdʊ,4
ʀkö,8
nt͡sö,3
iːjə,2
jə-,2
ə-ɑː,2
-ɑːb,4
saɪ,27
ʀnoː,35
"dɑː,12
fɑːeː,2
ɑːeːp,1
zuːf,3
s.",11
iːt:,58
"pʀ,1
iːm!,9
n.",75
ath,58
thɑː,7
nɑː;,6
moːt,66
pɪs,11
sɡɑː,14
ziːoː,31
käʀ,45
hɛs,41
sboː,50
ɔʀt͡ʃ,38
ʀt͡ʃa,36
ziːɔ,11
iːɔn,23
"kɔ,6
diːb,25
iːboː,28
noːf,8
oːfɑː,25
ɑː.",1
ɑːsɐ,13
jəʀ,1128
xoː.,12
ɪpɔ,7
eːɑːm,184
peːt,7
eːtoː,22
iːk),2
lʊk,9
ɑːla,30
ks:,7
p͡fɑːt,7
lɛm,55
leːa,17
eːam,43
ɑːl?,5
hnɛ,8
ɡɛp͡f,32
ɛp͡fl,32
öfn,39
zeːɛ,8
(biː,1
ɑːm),1
ʀə!,23
ʀs!,8
yːə.,5
an',9
yːdɪ,5
ʀns,85
və;,6
peːoː,15
eːoːʀ,16
əöf,17
öʀɐ,21
nbɑː,46
täl,20
älɐ,8
ɑːloː,433
loːeː,4
oːeːp,1
imɐ,5
ɡɑːk,7
lɡɐ,12
ɑːə.,2
fkɔ,34
eːtü,49
ümɛ,5
ziːk,18
tiːm,14
l-p,10
-peː,12
ɡeːä,18
eːäŋ,18
saʀ,61
tɑːx,26
eːiːf,4
ɑːluː,5
ɔsb,4
sbiː,9
xoː,,16
xiːt,8
miː,,8
uliː,1
iːfoː,2
ɡiːt,10
ɔsn,6
sniː,3
ɑːsuː,18
suːp,7
uːp,,25
suːb,6
eːɑːd,13
eːad,19
sʀiː,18
loːf,10
feːɑː,4
hɔk,7
ɔkl,14
ʀt͡sɑː,31
t͡sɑː.,11
zuːt,5
lɑːiː,1
fɑːm,9
huːf,4
ʀdiː,21
uːɑːm,4
mniː,19
ʀiːiː,1
iːiːt,1
xoː;,2
feːa,5
ɑːxɪ,14
xɪʀ,11
uːvə,5
ʀsb,1
siːə,2
atf,7
tfʀ,4
am.,9
uːx:,8
uːn-,1
n-eː,4
ntɑː,7
ɑːk-,1
-,t͡s,1
,t͡suː,1
-au,1
30:,17
0:1,11

30,1
0:2,6
0:3,4
0:4,1
0:5,1
ʀpü,10
0:6,1
0:7,1
0:8,1
0:9,1
voːt͡s,6
oːt͡suː,6
ʀbʊ,6
ɔsɡ,15
ftɪ,9
fta,28
ltʀ,5
ʀfɐ,43
pvə,19
uːʀ?,1
lt͡sv,5
t͡svə,6
ɡsf,19
ubeː,35
sloː,51
mät,2
ätx,2
txə,4
xt͡sɛ,25
uːta,23
ʀmɡ,2
mɡɛ,24
eːs-,15
s-b,22
-ba,10
ɑːfh,7
fhü,6
ʊmv,10
mvə,5
ueːt,27
ɔɡs,20
ʀoːɐ,15
oːɐ,,5
t-z,55
-zoː,2
ɔkb,2
kbeː,3
beːɑː,176
t-n,17
-nɪ,2
t-h,25
boː,,5
l-m,12
-meː,18
ɪpm,6
jai,20
jaɪ,8
aɪʀ,10
noːb,8
st͡soː,20
hɑːx,6
dɔf,2
ɔfk,2
fkɑː,10
ɪtm,3
ɪmoː,18
n-p,2
-pə,6
pnɑː,28
keːeː,2
eːeːl,8
tɑː.,7
ʀɑːd,27
ɑːkh,4
kheː,3
ɪtk,8
tkɑː,2
smoː,3
pnə,11
nə-,4
ə-j,5
tɡɑː,3
ɔtb,4
eːt͡seː,46
t͡seːoː,7
-ɡeː,7
st͡sʊ,10
t͡sʊɡ,3
t͡sal,35
fuːn,3
uːnoː,2
iːjiː,2
jiːm,2
-ɡɑː,10
n-d,3
-dɪ,3
boː.,1
t-j,22
-jeː,22
jeːs,761
iːmoː,69
l-z,9
-zɪ,2
xɛl,29
nfɑː,17
aɡv,5
ɡvä,6
akʀ,4
pbiː,16
t͡smoː,3
nvä,8
xɪs,3
ɪsl,16
slɔ,1
kkiː,7
kiː,,3
aniː,9
fɔd,1
ɔds,3
iːeːl,3
asa,2
ɑːiːuː,1
iːuːt,8
dɑːeː,1
ʀbk,1
bkü,2
voːiː,21
oːiːn,21
äxɐ,31
sas,21
tɔt,3
hoːɛ,20
oːɛp,20
pɡʊ,1
ɡʊt,6
süh,4
uːt͡ʃʊ,13
t͡ʃʊl,17
toːf,43
sɑːɑː,3
ɑːɑːp,82
uːleː,5
xba,20
ɑːnoː,102
yːx:,109
ɑːt!,21
ft͡soː,13
uf?,5
nɑːk,12
ɑːkiː,48
t͡seːt,25
yːʀɛ,9
kə;,19
ʊmt͡s,18
mt͡soː,3
mɑːŋ,35
ŋɛl,21
(diː,9
hoːeː,7
p.),1
eːt!,43
ʀx.,5
(eːs,8
ʊmiː,3
aff,6
ffiː,3
t.),2
uːneː,47
veːə,38
n):,6
ɡoːp,7
ʀmoː,18
(vɛ,5
zɪʀ,2
ʀjoː,2
iːʀ),2
lxɑː,5
nboː,3
ɡɑːd,25
nt),5
t).,2
ɛsuː,15
ɪtb,32
bt),1
ŋeːoː,4
eːʀ!,8
ɡɑː,,8
t-p,14
oːʀ;,15
nhiː,2
lk!,9
nʀuː,48
alɛ,3
iːnɛ,3
ʀpf,1
pfɔ,1
yːɡeː,9
nt͡sɐ,37
ɡəä,13
əäŋ,12
ʀɛf,42
ɛfə,27
uːxuː,3
xuːŋ,3
ɪsɛ,10
lɪb,62
nbʀ,5
flö,28
ɛpn,10
xfɛ,6
ɡɑː.,2
uːt!,13
ʀm.,12
5:1,8
mɑːj,51
ɑːjɛ,8
ät;,1
5:3,12
nʃä,1
ziːt͡s,138
ɔmɛ,5
əʀj,20
nfü,6
ŋɪb,1
ɡʊn,5
abf,19
bfä,4
äliː,17
ɑːfa,39
fau,39
ntʊ,7
zoːyː,16
yːxə,19
lɡs,5
ütɪ,46
ntä,5
ʃvɔ,3
npä,19
auɛ,4
uɛs,4
baʊ,10
piːoː,8

hö,12
t͡sɔɡ,9
lbiː,4
biːç,40
dɑːl,23

t͡suː,22
eːʀoː,10
-pn,1
ɡuːd,1
ɡoːd,2
ɡuːɡ,1
eːə?,3
ɪpt,13

zoː,14
iːɡʊ,4
ɡʊŋ,27
fmɛ,2
uːkɔ,9
lɡa,6
ätʀ,8
pva,5
ʊss,14
ssoː,13
soːl,13
ʀxeː,16
ʀiːt͡s,18
iːt͡siː,14
t͡siːm,10
lɡɑː,50
ɡɑːl,134
fsuː,1
ʀfs,21
iŋə,13
13:,2
3:1,14
iːfa,14
fab,3
uːfa,5
-diː,2
ɪloː,20
nt-,2
ʀʃ,,2
ʀeː,,2
püf,1
üfeː,1
ɡɛm,5
msə,6
uxɐ,1
-deː,1
eːt),4
t):,2
vün,20
ünʃ,20
nʃt,9
ʀ).,1
jaʀ,19
(dɐ,9
və,,15
tiːç,17
asj,49
ʀxɛ,3
uːal,5
ftʊ,3
(va,2
st),5
t),,15

ha,11
hlɐ,2
ɛxt͡ʃ,17
xt͡ʃa,17
ät͡sl,1
äfə,4
(zoː,3
nʃɪ,2
ʀʃoː,10
ktʀ,4
lnɐ,22
ftʀ,10
flɐ,5
lʃeː,11
t͡sɑːɡ,25
t͡sak,12
nbiː,1
itɛ,18
ʀoːb,109
̈ks,3
bɔl,18
ɔlv,16
eːaʀ,42
bfü,5
ädə,8
nvɪ,17
ɛmɐ,3
lɪʀ,7
fhɛ,7
nsɡ,1
lnɛ,2
ɑːdɛ,6
ɑːp͡fiː,5
p͡fiːl,5
ʀɡs,15
ɡs.,2
ix.,26
uʃa,8
püs,7
lf.,29
23:,26

23,1
3:2,15
ʀʃn,14
3:3,11
3:4,2
3:5,2
ɡəŋ,11
ɪlm,13
3:6,1
fat,33
3:7,1
3:8,1
3:9,1
st͡sɪ,1
ufeː,10
ʀuːp͡f,1
uːp͡fə,1
dɛp,7
hɛʀ,26
ɛʀf,5
iːt),2
ɡɛʀ,38
ɛʀn,2
eːʃü,24
ütɛ,25
ksx,2
xleː,4
ʀdɪ,31
ʀɪʃ,7
ɪl!,6
"deː,6
us",2
s".,2
läʊ,26
xt͡soː,11
ŋeːm,3
alʀ,1
lʀa,32
foːŋ,2
oːŋeː,2
eːʀt,10
oːʏt,3
ʏtl,3
mə:,10
ʀkm,10
kma,14
uːnɛ,2
nɛʀ,1
boːʏ,25
ɡt!,12
ʀmʊ,21
uːə!,6
ɡɪf,9
lps,1
psʊ,1
ɪkv,3
ʀät͡s,1
nsɪ,16
ɪn,,4
tap,19
apə,21
ɪniː,12
vɑːd,1
eːaɪ,20
xvɔ,17
ʃpɔ,73
pɔt,87
bfʀ,3
uːʃɪ,2
eːxeː,11
t͡säʀ,4
ʀtl,10
̈pɪ,2
ɔleː,12
kviː,2
beːb,49

28,1
28:,1
:69,1
ln:,3
(ba,1
lt͡sh,4
ʀʃö,5
öp͡fɐ,18
p͡fɐ),1
ʀmuː,26
(zɔ,2
äʀɛ,7
uːɡuː,6
hlɛ,1
ptuː,7
sja,1
ʀbs,3
ɑːp͡fa,9
p͡fal,9

mə,1
äfl,5
dfl,1
inö,15
nöd,18
ödə,46
oːʏl,5
ʏlt,5
ʊmf,11
mfɪ,1
uɡɑː,5
ɡɑːp͡f,5
uːʀuː,7
ʀuːn,3
ʀmü,5
aɪt͡s,20
tfɛ,13
ʃiːs,20
äheː,2
"voː,17
ən",24
n",,16
nɡɪ,2
siːɡ,31
veːt͡s,1
ɪʀp,2
iʀ;,2
iːp!,2
eːt͡s;,3
nsh,1
shö,1
nɐ;,15
ɡs;,2
lfü,4
uːʀʊ,1
t͡sʊf,24
ix?,5
nhə,33
xoːs,7
nɐ:,11
yːdiː,5
ɪnɛ,2
iːtɛ,1
t͡sʊʃ,15
ʊʃl,11
ʀʀä,19
ʀät,45
uɐ,,11
üp͡fs,1
p͡fst,1
eːs!,36
bfl,7
dɑː?,7
ʀɑːl,11
ɪt:,1
smä,8
uːɑː;,3

jə,1
lja,5
ʀsh,1
shɔ,1
ltɡ,16
mfa,4
spoː,3
ai!,7
ts:,3
eːkʊ,1
uːkʊ,7
fma,22
ut!,7
xɑːn,12
pdiː,10
t-ɑː,19
-ɑːf,8
ai-,3
i-oː,2
beːm,8
äbɛ,1
mt͡sʊ,12
ɑːbyː,5
byːl,5
yːloː,6
niːʃ,17
ɑːxoː,6
xoːʀ,42
lt͡suː,30
it!,35
ndv,8
dvä,9
kɡə,29
xt͡suː,5
t͡suːj,3
ɡeːj,3
eːja,3
ɑːlɪ,1
t͡sbuː,12
ɡiːb,94
läuː,58
ʃɪm,3
oːyː,,7
kɑːf,5
jeːɑː,19
niː-,4
iː-t͡s,1
hoːɑː,1
oːɑːm,10
piːʀ,6
ʀeːɑː,97
fiːɑː,12
ɛʀl,4
dɑːv,10
ns!,30
-hoː,15
oːʀoː,19
eːkɑː,27
kkeː,21
iːŋɑː,2
ŋɑːp,2
inɑː,3
xt͡sü,1
t͡sük,6
klɐ,5
lə:,11
äls,8
oːx;,12
ɑːbh,5
bhä,5
ɑːt͡soː,21
t͡soːʀ,33
foːt,2
t-d,6
-doː,3
ɪt͡sp,50
t͡spɑː,44
pɑː.,8
oːs-,2
s-z,2
-ziː,5
l-ɡ,4
asd,23
sdoː,23
ɐ):,2
apuː,9
n-m,3
-mə,3
meːɡ,12
tdoː,30
doː,,6
iːoːʀ,7
kʀɔ,8
meːɑː,19
xɑː,,21
k).,2
ʀtp,1
tpt,1
t-b,9
-bɑː,14
meːf,19
ɑːɑːʀ,8
t-m,20
-mɪ,1
t͡spə,6
t-ʊ,2
tveː,12
ɑːlɛ,51
ɡsk,20
-hɔ,3
tsv,2
-ɑːʀ,4
boːa,2
oːan,117
tvä,11
dʊm,5
miːm,5
n-z,4
ɪnɔ,3
ksa,16
ɪnoː,10
noːm,10
nɛf,4
toːɑː,4
tsa,13
neːl,7
ɔtn,8
kap,5
ɡuːʀ,3
kiːn,2
-ɑːd,4
ziːf,18
ʀ-h,11
kɑːʀ,22
iːoːt,17
-hɛ,1
mɑːm,2
ʀ-ɡ,1
-ɡa,5
tdɑː,8
ɛsm,2
-zuː,7
uːɑːl,6
ɪsj,3
sjɔ,2
ɔtj,3
bɑːoː,288
ɑːoːt,288
ziːl,46
hiːm,1
tɑːoː,8
ɑːoːl,8
zɑːn,28
zoːx,8
oːxoː,9
kdɑː,15
ɔt͡sk,2
t͡skɑː,2
xap,1
kɪt,14
-dɑː,5
dɑːɡ,19
ɡoːn,9
jɛf,30
t͡siːp,1
keːɡ,18
ksiː,4
jat,9
thiː,6
moː,,22
iːloː,48
jɑːn,7
ɑːnuː,19
nuːm,1
t-t,3
-ta,2
hʊm,1
mtɑː,1
t͡siːoː,145
mɑːoː,8
ɑːoːn,8
jʊt,2
ʊtɑː,2
ɛsʀ,81
ɔkd,1
kdeː,1
ɑːka,1
hɑːl,7
ɑːlh,1
lhuː,1
t-t͡s,5
-t͡suː,4
-ɑːn,4
teːk,19
eːkoː,21
koːn,5
xɑːx,1
nɪp,1
t͡sst,2
diː.,5
aŋv,3
ŋvä,3
jaf,4
afl,4
mɪx,15
ɪxm,13
xmeː,2
ʀɪl,4
t͡sɑː;,2
ɛsʃ,5
sʃn,5
ɡsa,1
t͡sə;,5
sɐ:,7
zeːɑː,10
jɪp,6
fʃʀ,6
ft͡sʊ,2
ʊʃʀ,4
t͡smɛ,1
meːk,2
eːk-,1
k-k,1
keːt͡s,2
t͡siːt͡s,2
iːt͡s,,11
fiːm,4
hap,2
apɑː,2
ɔfʀ,16
ʀ-a,1
-am,2
ɔfn,47
fniː,6
moːt͡s,19
oːt͡sɑː,19
kɑːb,6
ɑːboː,32
t-l,3
-leː,3
ʀ-ʀ,1
-ʀɑː,2
dap,7
pbeː,12
kɪs,6
-heː,3
-kɑː,2
ɑːtoː,25
tɑː-,2
ɑː-eː,2
sʊl,27
ʊloː,1
hɑːf,1
sjoː,2
n-h,11
-ha,13
-pɑː,1
pɑːt͡s,2
ɑːɑːt͡s,1
-lɪ,1
-eːm,1
neːɡ,16
ɑːbuː,3
yːʀuː,53
oːsɑː,118
ʊmɑː,1
iː-n,2
-neː,17
kkuː,16
kuːm,3
snoː,2
hʊk,1
koːk,2
l-eː,1
iːʀ-,7
lap,17
ɡɪp,7
ɪpb,11
eːuːt,11
ə-b,1
t-ʀ,7
-ʀɪ,7
mə-,1
-ja,1
ʀkoː,8
foː.,2
-zə,2
xɐ.,8
iːlä,77
läɑː,62
kɪp,1
pt͡sa,1
pdoː,7
dɪm,1
btʀ,45
üniː,39
säs,3
äsiː,12
sɪç,20
iʀɑː,2
jɑː.,42
iː-b,3
hiːb,12
eːk:,6
iːʃ.,7
(hɛ,1
bɑː),1
ɑː),,6
(deː,3
fɐ),1
ɐ).,3
öʀ.,1
ɪnɑː,10
skʊ,1
loːl,1
lɑːp,2
fiːk,2
boːx,2
xiːm,9
uːbɐ,14
uːbeː,13
ɑːn-,5
n-ʀ,4
-ʀiː,3
ila,32
ɪʃn,6
idiː,15
nfuː,1
oːs;,24
uf),1
f),,1
amɡ,3
ziːs,33
vaŋ,12
ɑːpiː,1
piːd,1
iːdɔ,1
dɔt,2
noːa,6
oːam,13
s-n,1
-na,1
(heː,1
bab,1
s.),4
jɑːɛ,2
lxt,1
nɑːɡ,11
ənt͡ʃ,47
nt͡ʃl,42
t͡ʃlʊ,1
lʊm,18
ɔnm,8
nmä,8
hɐ!,26
oːbeː,202
st͡sɔ,1
ɔf,,2
mɡa,7
ɡiːm,5
ɑːx',7
peːʀ,4
iːt͡seː,8
öp͡f-,1
p͡f-ʀ,1
ʀɑː!,2
iːt!,7
ms!,4
lök,4
doːs,14
eːduː,6
ʀas,9
ʃmiː,11
vɛt͡ʃ,1
ɛt͡ʃt,8
t͡ʃtə,1
ʀxb,8
ʀüm,9
ümt,5
mt?,10
up,,7
klü,24
lüf,10
joːɑː,255
lt!,15
njä,1
xfʀ,1
ʀʊp,16
ʊpb,17
ɛl.,6
ʃt.,15
lsb,79
sba,88
ldv,1
mt:,3
ʀə:,10
deːɔ,2
eːɡʊ,3
akɛ,8
hiːə,2
ɪtɛ,15
eːoːl,5
zeːp,5
ʀɛb,2
zɛb,1
ɪfs,17
diːd,2
muːn,12
uːnɑː,21
ʀeːʃ,3
pnuː,7
nuːeː,10
nuːɛ,2
nɑː:,3
oːʀ?,6
pän,13
ɐ.),7
lsp,5
spä,2
al.,9
-bə,9
eːm:,18
üsɪ,3
ɔk:,1
ʀnb,10
nbuː,3
uːʃ:,1
ɑːnɔ,2
nɔn,2
t);,3
tviː,7
us!,15
uːl:,1
ʀja,10
att,3
ttɔ,1
ädeː,4
fuːɑː,2
lsf,3
t͡svuː,2
vuːŋ,2
ʀiːeː,1

jɛ,1
ibɑː,1
it?,15
tɑː:,5
lfs,19
oːleː,7
tɑːs,26
518,1
18h,1
8hɛ,1
ʏɡs,2
übs,4
ʀʀuː,3
iːn!,38
eːvoː,25
ʃiːb,1
boːl,3
ɛpt͡s,1
ɪlɛ,4
lɛl,4
oːɑː;,3
s-m,1
-mɑː,6
ʊfuː,1
msoː,33

zɪ,3
iːŋɛ,7
ʀül,28
pkɑː,7
nʃv,1
və?,1
ʀän,31
leːiː,5
eːiː.,1
fäd,1
nhö,4
hə),1
ə).,2
hlʊ,1
zoːʀ,2
ŋə?,6
nʃ.,6
(mɑː,3
flä,5
läk,14
loːɡ,9
löx,10
ʃöʀ,2
bʃö,1
ɛʀm,2
ɔsʀ,1
ʃpɪ,26
pɪl,24
lsä,2
pɡɔ,8
ɔld͡ʒ,11
ld͡ʒm,11
d͡ʒmiː,9
xɑːs,27
skö,10
eːm-,11
m-j,10
-juː,10
xɑː:,3
ʀʃeː,6
ʃeːt,10
xɐ;,3
oːnɪ,10
nɪʀ,9
yːx?,6
eːʀ?,6
lə?,13
-ʀeː,1
mp͡fɪ,6
p͡fɪŋ,7
üh,,5
buːb,12
pɔx,3
pɑː;,1
ʊpl,3
eːɑː-,5
ɑː-b,6
yːdɐ,4
(oːn,1
iːn),2
it),1
l-t,1
mʀɪ,9
nuːɑː,3
eːoːm,1
fkä,3
̈pʀ,16
pɑː?,1
eːtɪ,4
xɪl,3
ɪlj,3
ljoː,13
ʀpɑː,11
ʀtö,3
pʀä,34
ɔpʀ,7
miː?,1
ɑːŋɪ,2
boːɑː,35
oːlh,2
miː:,2
sɪs,7
lkɔ,18
ʀsɪ,58
nst͡s,2
st͡sa,4
ŋɛʀ,1
nʀeː,3
tuːɡ,16

boː,1
ɛʀb,12
ɑːlɔ,11
ɑːfɪ,268
fɪd,267
lmɑː,19
mɑː;,7
im-,2
m-t͡s,1
-t͡soː,2
t͡soːf,8
ʀoːa,9
liːuː,33
iːuːs,31
toːuː,3
oːuːs,1
üpt,27
ŋk',6
(eːl,1
tɛm,187
mpɛ,47
uʀɪ,7
"də,2
öht,48
ʀoːt͡s,26
oːt͡sə,8
mkü,7
ʊkʀ,4
ɑːɪŋ,2
eːs?,26
mäʃ,18
ʀäm,24
nniː,3
ɑːɡʊ,18
mpeː,140
loːʃ,1
loː;,5
-eːt͡s,3
t͡sɐ.,3
xt͡sə,36
ɡɐ?,4
t͡sɑːk,2
uteː,11
ümeː,28
liː:,2
ʀp;,5
iːkɑː,13
ɑːɡɔ,5
ɡɔn,5
ʊmp͡f,10
uːɡɪ,6
mäuː,21
käl,22
älb,18
t͡suː:,5
zɑːd,1
(fü,1
ɔt?,18
lxl,1
us),1
joːeː,17
oːeːl,19
çs,,47
öxɪ,1
xɪn,4
lkä,5
öns,13
muːɛ,7
eːxoː,10
ul;,4
zaʊ,87
ul:,24
mtɐ,10
an?,11
(fɔ,1
zeːɐ,19
eːɐ!,1
eːɐ.,6
ʃə.,24
us?,10
oːx:,3
nhɪ,5
fbeː,2
n);,2
lkl,2
ltv,4
psa,114
löt,7
ɡɪn,12
ʀoː.,5
yːt,,13
plə,10
nüt͡s,40

za,6
xmɑː,12
ŋə),1
oːʀɔ,1
p͡flʊ,4
ʊkʃ,4
kʃɑː,4
uə,,10
atb,4
tba,16
ɑːiːɑː,25
iːtɔ,10
tɔb,15
ɑːbɔ,9
bɔd,1
boːt͡s,1
oːt͡seː,4
öxə,6
ʃmɪ,13
iːɑː:,31
l.),1
äɐ,,40
xə!,1
uːtɛ,1
ə.),10
ɑːx?,5
hɐ:,5
t͡soːb,16
nə:,14
iːsuː,13
xɑːl,21
mɑːt͡s,16
pnɐ,54
im:,2
fʀä,5
ʃnö,3
ntü,7
ɛst͡s,2
fmə,12
isü,1
mva,3
lbɛ,14
äʊn,6
ʊnl,2
̈lh,2
lhɔ,8
uːiːk,9
ön,,3
s-d,2
-da,2
xkʀ,6
iːɑːt,10
hmɔ,6
käz,6
äzə,7
nbʊ,4
tfa,11
ul.,11
tɑːʃ,8
eːöh,9
oːk',3
zɑːŋ,7
ɑːp͡fɐ,1
ɔl?,11
ɔlɐ,21
uːʀ:,2
nbɪ,8
nfɛ,13
ɑːl:,5
nɑːj,51
teːɐ,5
zeːk,1
eːkuː,2
iːt?,10
ʀmɪ,12
t͡siːl,17
ʃös,3
lə!,17
ɪʀv,2
ʀtv,5
ɑːmɐ,5
zeːv,4
kän,2
nt͡sl,21
ʀɑːʃ,2
ɑːʃ!,1
1:1,13
spə,16
ʀʀt,9
oːyːk,8
foːp,1
doːeː,6
oːeːk,6
ɪkɛ,11
's!,6
iːk:,50
is?,6
iːat,2
bs!,3
ɐöf,4
ɪbʀ,1
bʀö,1
apj,50
pjɑː,62
lɑː!,2
iːf.,7
ɪsɐ,3
ɔm!,1
lɑː-,1
ɑː-m,1
deːf,2
ls),3
24:,1
4:1,16
ʀɡh,3
ɡhö,3
nʃa,63
"ziː,21
t.",25
ük?,2
"foː,1
iːça,17
çai,17
ʀnʊ,12
afʃ,3
fʃə,3
üt͡sl,2
ɡeːü,1
ʀf.,7
oːsiː,65
nəŋ,6
aʀ,,5
aʀh,15
äms,3
übɛ,4
lvɔ,5
̈ʀɡ,16
il:,1
äʀs,2
ʀuːj,26
joːa,141
nɐ?,5
uːn',2
eːfuː,4
çs;,4
mɑːɔ,2
ɑːɔk,1
lboː,12
oːɑː.,4
ip:,2
ʀʀɔ,1
ʃʀɔ,10
lp;,3
äɐ?,2
iŋa,17
ŋaŋ,17
spü,3
çs?,2
soːʀ,5
kʀeː,14
up.,8
ʀjə,3
ʀ-ɑː,1
-ɑːs,1
t͡suː?,3
al;,4
"diː,18
ɡt',12
ʃmü,34
n!",21
yːə;,3
iːs-,16
-boː,12
sɛt,9
ufa,1
hat͡s,2
at͡st͡s,2
t͡st͡suː,1
ɑːp?,7
ɡiːɑː,2
amn,35
mnoː,28
uːʀ;,5
niːɑː,37
ʀɪt͡s,9
ip?,5
dsk,1
xnɛ,1
bɑːuː,5
ɑːuːʀ,5
ɪft͡s,1
nɐ!,3
ʊxl,7
xloː,8
xɑːp,2
ɪmɔ,5
k.),2
xʀɪ,74
t..,1
...,2
..!,2
meːt͡s,7
ɔmm,2
mmə,2
jiːf,3
jɑːd,69
iːfeː,17
ʀɑːt͡s,7
ʊlb,12
ʀpä,22
viːp͡f,7
fhɔ,3
joː,,3
mbɛ,16
ɑːxɔ,3
xɔn,13
eːt͡s-,2
t͡s-uː,2
-uːs,2
-eːd,19
käŋ,26
ɔtk,1
tkuː,1
uːkü,11
ʀeːɔ,2
eːɔb,2
toːiː,3
oːiː,,2
joːʀ,54
sɐ),2
t͡stɑː,5
ɑːiːl,5
iːlʊ,5
lʊd,5
t͡slɐ,13
lɐ;,5
t͡sɑːd,68
doːk,44
ʀɑːj,37
joːj,115
oːjɑː,116
bɑː?,1
uːə?,6
loː-,6
oː-d,3
amɪ,4
(ʃp,7
çsk,3
ʃtɐ,17
s-t,2
-toː,2
ʀɐ.,10
oːmeː,8
çsh,10
iːam,1
iːɑː.,56
sfiː,3
ts?,5
eːt͡s?,2
eːxɛ,1
eːeːə,1
ix:,2
an!,7
ɑːtɛ,8
tɔd,7
ɔdk,7
dkʀ,8
oːt?,3
moː.,10
dɪt,1
ɪtj,10
säɡ,4
çsoː,4
ɪpɡ,2
ltɪ,18
ösɛ,9
lɔm,9
çs.,23
hɑːp,15
zɑː;,2
koːɑː,11
zoː.,2
fʊŋ,7
slö,5
nʀɪ,15
çɐ,,14
baŋ,11
kt?,6
ülf,11
fə!,15
oːk:,3
eːɐ,,14
ʀat͡ʃ,26
at͡ʃl,26
oːfɛ,6
äxɛ,1
ɑːdɔ,11
dɔk,11
tbiː,1
bɑː:,2
uːtʊ,3
ük;,9
ʀdk,1
dkl,3
klö,3
üts,2
ʃäh,4
mlɛ,1
luːŋ,13
ʀüt͡s,3
oːbiː,19
hʊŋ,26
öɡs,2
oːm!,5
iːɐ.,1
dɐ',2
zas,4
voːɡ,12
m..,1
fə?,5
oːx!,5
oːm?,3
siː:,5
(-),59
söl,11
ölɐ,11

(-,2
ut:,3
ʃam,7
oːl:,4
iʃ?,1
idɪ,4
abt͡s,3
bt͡sö,3
säŋ,52
ltʊ,8
iːmh,4
mhɑː,3
iːm?,5
sɑː:,8
dɐ!,13
at:,4
lɐ.,15
zeːj,1
eːjɑː,39
iʀiː,1
ɑː.),69
zeːa,17
oːɑː),1
noːp,3
pɛʀ,1
eːxa,24
jɑːə,5
ʀə-,2
ə-ɔ,1
-ɔʀ,1
ɡɪm,1
ɔxɡ,5
mfɑː,5
mfiː,3
amp͡f,8
lɪt͡s,3
ɑːɐ,,7
ʀxl,5
knö,4
nöx,4
öxeː,4
t͡säŋ,9
ŋkiː,9
kiːʃ,11
ʊʀɡ,6
öhs,1
hst,3
flə,5
ɔps,29
psiː,27
siːŋ,83
ɪss,3
soːb,14
hax,3
axm,4
xmoː,3
ɑːoːiː,5
oːiːs,1
vaɡ,1
s-h,2
sɛn,5
ɛnl,5
eːlh,11
koːiː,3
oːiːt,7
ʊna,1
mɑːə,3
iːba,3
lə-,2
ə-ɡ,2
biː-,1
iː-a,1
-al,2
huːm,3
iːɑːm,9
ɑːas,68
leːoː,4
pɑːə,1
ʀbiː,4
jɑː;,23
hɔt,1
siː,,10
uːk;,13
afn,8
fnɑː,8
ʃɪʀ,25
lt͡s.,7
äʀm,15
zoːeː,3
ɛtɛ,14
stf,5
iːɑː!,4
uːfeː,13
bɑː!,1
ɑːs!,11
moː!,2
soː!,7
p͡fɪf,3
ʃɔl,14
at?,5
uːl!,1
moː;,3
tmä,2
ɡsp,2
t͡ʃliː,34
jɑː!,28
iːɑː?,7
ɡeːɑː,14
eːɑːŋ,1
oːp͡f!,2
ɔl!,4
oːn),1
aʀj,123
ɑːiːj,1
buːt,3
ɔfm,8
pdɑː,2
hʊʀ,10
heːs,12
sɛd,1
ɔkm,4
kmeː,4
meːa,3
ʀuːɑː,3
isʊ,21
sʊŋ,28
ʀeːə,5
5:4,3
fsɑː,2
5:5,1
5:6,1
np͡fə,3
5:7,1
5:8,1
nnɐ,2
5:9,1
ɑːɔl,1
nf.,4
ʀn-,3
n-ʊ,5
pbɪ,3
uloː,13
bsä,2
ʀkt͡s,3
kt͡soː,4
ʀɛp,12
ɛpə,3
täf,9
äfɛ,7
oːʀ),1
umh,4
mhɔ,5
ʀʊb,6
ʊbs,14
nɪt͡s,4
ɪt͡sv,3
xɔʀ,1
fɛk,2
kiːç,5
päl,1
älk,2
vɪŋ,29
oːf.,3
tüh,34
ʊkɛ,1
hl.,3
nʀä,3
hl,,1
kuːɡ,7
ɛɡl,2
ɪkɐ,5
moː:,6
oːnɛ,4
nam,10
leːə,45
öʀɛ,5
äŋɛ,1
upə,7
ʀm),1
m),,2
nʀʊ,2
ʀʊf,36
çt),1
də-,1
ə-a,1
-aʊ,1
ɑːeːk,3
t͡siːʃ,4
ɔnl,4
shoː,3
ɪf,,7
fsl,4
iːçiː,56
çiːn,54
ixɑː,12
xɑːʀ,28
ilɐ,11
ndp͡f,42
dp͡fl,42
aʀt͡ʃ,8
ʀt͡ʃə,24
t͡ʃən,12
t͡ʃə.,1
ŋkɡ,5
ɛʀʃ,6
ʀʃɪ,4
p͡fau,2
-jä,1
diːʃ,42
koːm,6
m.),2
axp,10
xpə,3
nuːb,2
skn,20
uːɡɑː,1
və),1
"da,2
ɐ",,3
ait͡ʃ,4
it͡ʃə,4
ɑːʀ!,3
iːɑː;,21
ʀʃü,13
äbs,1
ɛkt͡s,7
fɛɡ,9
ʀfʊ,8
oːyːɛ,33
yːɛl,27
lbɪ,6
bɑːeː,29
ɑːeːs,37
ɛsj,2
jɔn,1
iːjoː,3
bɑː-,1
eːuː,,13
t͡sɑːs,2
fɔɡ,6
ɔɡt,7
ɡts,2
ɔmʀ,16
pɑːl,48
tɪp,3
ɡiːn,3
eːmɐ,3
ɑːxʊ,1
ɛtb,1
hiːl,2
ɡuːp,3
tɪs,6
ɪsb,6
kə!,5
lkʀ,6
iːɑː',19
(oːb,1
jɑː:,11
sɐ?,5
fvɑː,9
(t͡suː,1
lt͡s!,1
ɑːl!,5
ɔt!,25
aʊʃ,3
xɔl,4
iːs!,7
tbeː,15
msiː,6
sɑːɛ,6
mt!,9
nlɛ,5
dfö,10
ʀɡk,1
ɡkö,1
eːɡɐ,33
ɑːp),1
pɡɪ,3
ɑːfü,18
ts!,3
bɔt,9
sxʀ,3
pɡiː,3
ɪnä,2
(al,2
jäm,25
jɛm,4
ɛml,4
kiːɑː,228
liːʃ,17
m:v,1
:voː,1
ɛʀɡ,2
:43,1
:44,1
:45,1
:46,1
:47,1
:48,1
:49,1
:50,1
:51,1
:52,1
:53,1
:54,1
buːp,11
ŋeːeː,3
vɛt,31
's?,18
sɑː;,7
xɡɑː,1
nɑːŋ,3
huːiː,6
uːiː,,8
kiːʀ,10
xt͡sʊ,1
pt!,3
xt),2
müz,6
läz,4
ɔkv,1
oːp͡f.,6
tɡʊ,7
ɡʊl,8
xə?,5
üʃə,6
siː?,1
veː,,4
vam,4
heːp,2
eːp',1
t͡ʃla,9
st͡sö,2
fnə,10
kɑːp,25
nmɪ,4
ʀtk,1
tkɪ,1
tɔs,3

eːl,4
eːʀɛ,18
ʀöx,1
sɑː?,1
ɛtd,2
sfuː,2
xfʊ,1
ʀʀ),3
mɪŋ,4
ɡʊk,4

ɑːɑː,2
(jɛ,1
eːl),4
l),,4
f.),1
ifeː,10
xab,9
ʊmb,9
eːuː:,1
oːɑːɑː,23

ɑːt,1
ɛtk,2
tka,2
ɪbv,2
bvä,4
uːʀ!,4
Äm,13
̈mt,13
12:,1
ɪpj,4
ufä,10
uʀə,3
xnʊ,4
eːat,5
sɑːb,32
zoːm,1
oːmə,5
mat͡s,39
at͡sj,39
t͡sjɑː,40
nf-,1
uːp;,1
oːat,7
im!,5
ktoː,5
jeːx,12
eːxɔ,12
ɔlj,2
fuːl,3
peːk,14
kɑːj,3
jə,,1
-piː,3
hɪs,131
skiː,129
xtü,5
kuːt,3
ffɑː,2
nhoː,1
xuːt,1
niːb,1
ɐäuː,13
neːʊ,2
eːʊs,2
t͡skä,3
əʀt͡ʃ,17
t͡ʃəŋ,16
itʊ,4
lkm,3
kmü,3
mül,4
kiːm,40
lkiː,35
zɛp,9
oːt͡s,,17
äsɛ,41
xboː,4
jüd,29
üdiː,29
ɪvv,2
vvɑː,2
vɑː?,3
sɑːj,66
oːt͡s;,4
ʀɪb,13
"iːx,33
aʊm,4
us-,1
s-ʊ,1
kfü,1
nʃiː,1
fɔŋ,8
ɔŋk,8
zə;,3
oːx-,1
x-b,2
ɑːt͡sh,4
yːkh,2

mɑː,4
ɛft͡s,1
xtp,5
tpl,3
ʊleː,1
ʀuːt͡s,1
dɑːj,30
ʊla,7
üʀh,6
zə.,10
ɑːiːk,20
xɑːj,7
alʊ,7
kvɑː,6
p͡faf,4
ɑːneː,22
,deː,1
it͡suː,1
neːx,8
miːɑː,155
buːd,1
uːka,91
atn,101
lnɑː,7
anj,106
oːai,1
(fɪ,1
täɐ,59
tɛt,26
fboː,2
dal,39
iːka,20
nhuː,2
uːmɛ,3
täə,19
iːl-,2

ɑːd,1
toːɡ,3
oːɡa,3
joːyː,7
yːs,,4
ɡiː;,1
ɪt͡sb,1
t͡sbɑː,1
ɪf.,2
t͡sʀɔ,6
luːb,1
ɑːɑːeː,1
iːçoː,1
çoːt,1
ʀdoː,60
uːp.,3
ɑːsh,15
shuː,13
buːn,3
eːkɐ,1
ama,6
iːsʊ,1
sʊʀ,4
iːai,2
apa,2
hɑː.,2
eːuː.,1
jeːk,4
amj,5
mjɑː,19
keːa,2
-t͡sʊ,1
xbə,1
leːɛ,2
eːɛm,2
ɛtɡ,1
zuːm,1
uːxɑː,5
kɡɪ,2
noːɡ,2
oːɡɑː,3
yːn.,1
ɑːkɪ,18
kɪm,18
ɔnj,12
neːa,8
eːat͡s,1
t͡st͡sɑː,1
neːd,4
ɛxj,13
juːs,1
sɑːp,1
ɑːp-,1
p-h,1
fɑːj,6
xan,12
atuː,5
joːə,10
hoːd,12
oːda,6
daf,5
afj,5
fjɑː,6
lɑːj,14
kuːp,8
eːɑːj,4
jɑːɑː,13
ɑːuːm,1
lɑːɑː,1
jɪt,1
at͡sl,3
t͡slɛ,1
lpoː,1
poːn,1
ɛmn,1
ɛtn,2
koːt͡s,6
nuːp,1
luːp,1
meːiː,3
eːiːʀ,1
tɔn,2
teːɪ,1
eːɪn,1
nɪl,2
oːnoː,9
iːʀuː,1
ʀuː,,3
jeːa,3
l-ɛ,2
-ɛl,2
diːj,1
nɑːa,1
iːmɔ,13
oːeːt,3
lɑːeː,9
ɑːeːd,8
joːk,1
oːkiː,1
koːs,5
t͡säuː,5
äuːn,4
uːnə,11
-biː,1
toːx,6
tsʀ,4
mleː,1
oːsɪ,3
ɑːsɪ,9
koːb,32
soːɑː,1
oːɑːj,1
smeː,1
alɔ,1
moːyː,5
yːniː,5
ʀt),3
joːɛ,6
oːɛl,5
oːk;,4
xɑː;,1
-pɪ,3
ɪln,3
lneː,3
ieːl,12
xɑːeː,8
ziːɑː,3
ʀoːɑː,2
ɑːiː,,3
pdɪ,4
dɪl,5
luːʀ,1
tkʊ,1
fʊl,1
kiː.,1
:34,2
:35,2
:36,2
:38,2
:39,1
:40,1
joːt͡s,13
dɑːk,2
:41,1
ɪmɑː,7
doː;,1
mɑːa,1
tɑːa,1
asɪ,1
sɪʀ,1
seːj,27
xiːɑː,16
jɑːa,1
sap,19
amt͡s,2
mt͡siː,5
t͡siːs,2
siː;,1
eːn.,4
huːk,1
uːkoː,1
ɪsiː,7
iːɑːeː,4
iːɑːɛ,2
lha,9
zʊp,3
uːlɑː,4
hoːt,6
iːkh,1
khiː,1
lɑː),5
miːuː,1
ɑːjiː,1
jiːɑː,1
sɑːv,1
ɑːvɪ,1
asv,1
vɑːt,2
jeːʊ,1
eːʊp,1
fɪs,1
ɪt͡sj,1

bə,1
ɑːoːɑː,1
eːʊd,1
eːk),1
k):,1
xɑːm,1
yːt͡s,,3
zax,1
lpa,2
smə,1
ntɔ,2
ɛfd,1
fdeː,1
deːj,3
iːp-,4
p-b,4
fɑː;,1
bɔx,2
xʀuː,2
ɑːt͡sɛ,2
s-s,1
-sö,1
lkn,17
snuː,2
neːj,6
asʊ,5
sʊb,2
akb,7
kba,1
lal,3
p͡föʀ,2
ɛmj,14
ftä,2
thɪ,8
uːt͡suː,6
nʃü,4
ɑːs-,1
iːla,1
uːʀa,5
bɑːə,1
sɛm,1
iːpɑː,1
miːb,1
tiːt͡s,1
ɑːeːf,1
sav,1
avj,1
vjɑː,1
lna,1

au,2
yːsa,1
ana,1
ul),1
l);,1
sxɪ,6
xɪk,2
fbʀ,4
xiːd,1
uʀɐ,2
lpeː,1
bɑːɛ,2
ʀiː:,2
iːl:,4
jeːiː,14
eːiːl,13
ʊniː,6
leːuː,2
ɪkn,2
ʀviː,10
eːiːɑː,1
t͡suːoː,1
uːoːl,1
lf,,5
hmeː,10
"ta,2
t!",14
hleː,5
ʊk!,2
iːtʊ,5
iːtuː,8
uːə;,11
tiːb,5
xuːn,1
oːuː,,1
ɐ);,1
zav,1
avs,1
vsɑː,1
uːkeː,1
ɪpa,1
lfh,1
iːs?,7
uə;,2
uːkh,24
"ɪs,3
"au,6
tnuː,25
sɔm,2
buːeː,3
ʀeːa,3
eːap,4
ɐ,ʊ,1
,ʊn,2
zeːoː,1
miːj,4
ʊpɑː,1
ɑːpɪ,1
pɪt͡s,1
ɪt͡st͡s,1
t͡st͡seː,1
tɑːj,5
jeːɛ,1
skeː,1
zuːb,3
mɔt,12
zoːɑː,1
oːma,2
mtiː,2
tiː-,2
jɔs,2
aloː,2
siːoː,2
eːʀɐ,15
ʃül,2
ülɐ,3
jɪt͡s,1
t͡sʀiː,1
peːɡ,1
uːɡɐ,9
ʀiː;,1
oːmɪ,1
meːuː,3
jiːs,1
shɑː,1
lda,2
eːlʊ,1
lʊb,1
̈lʃ,1
lʃɑː,1
jeːɪ,5
ʀʃɛ,6
ʃɛs,7
fha,6
üfs,6
tɪç,12
(ɑːb,1

1:,1
seːɐ,9
uə?,2
-,t,1
,ta,1
foː;,1
ʊk;,3
m-ɡ,1
-ɡɔ,1
ʃniː,1
niːt͡s,2
bsp,1
çə),1
svʊ,2
oːbɐ,1
bɐ-,1
ɐ-ʊ,1
dɐ-,1
ɐ-b,1
ɐ-ʃ,1
-ʃt,2
uf',3
lt͡sɐ,7
ʊsʃ,4
sʃeː,4
çə;,3
feːt͡s,1
aiuː,1
iuːŋ,1

ʀeː,1
iːbyː,6
byːɐ,4
uːxiː,1
lt͡sb,1
t͡sbʊ,1
doː.,2

13,1
dɑː:,8
oːdɛ,2
dɛd,2
ʀɔl,5
toːb,27
p-ɑː,1
ümɐ,9
sə),2
ʀuːeː,3
eːm!,9
nfiː,5
duː:,4
lɪm,5
atɡ,8
uːʀɔ,2
oːbɛ,2
ntoː,7
usa,1
(və,1

fü,1
hnh,1
uːʀ-,2
ʀ-b,5
ʊxf,2
xfɑː,4
oːt͡s.,2
äld,4
eːɪs,1
nɪʃ,4

hɪ,1
oːyːʊ,2
yːʊŋ,2
anp͡f,3
p͡faɪ,2
ɑːf:,1
ʀt͡sl,9
uːʃü,4
ɪnj,4
ükiː,3
ɪʃl,4
ʀm;,5
iːm),1
vön,5
dsv,1
fɪʃ,10

ax,1
n).,1
ʊsn,2
toːk,1
oːkeː,1
ɡɛx,1
ɛxʀ,2
aʀx,6
sfä,5
ɑːlä,28
ʀsɐ,8
ʃat͡s,6
t͡sma,3
bɑːt͡s,5
ant͡ʃ,9
neːeː,9
oːxa,59
çeːf,6
pɑːɑː,6
-moː,7
thuː,5
asɡ,5
kbiː,1
tmiː,7
ŋɐ:,5
t͡siːɑː,6
suːf,2
iːɑːɑː,1
ɑːɑː,,1
pɑːd,3
neːk,4
koːd,9
kbuː,2
ɑːkuː,4
kuːf,3
bat͡s,2
t͡sluː,1
eːiːd,2
zoːt,2
atiː,2
poːx,5
ʀʀö,3
ŋkʊ,1
ʀiːuː,26
asf,30
sfə,28
slɑː,2
lmɛ,7
mɛt͡ʃ,7
t͡ʃt.,1
msa,4
t͡sɔl,7
iːkə,2
ʃät,14
uːs!,6
kɡa,12
tna,4
-bɔ,4
bɔs,4
sna,4
hʀ,,3
ftɡ,86
t͡siːʀ,4
çs!,2
eːoːs,5
huː:,2
niː:,3
sɪf,1
pbuː,3
ɑːɑːf,3
ɛpj,8
ɪnuː,7
nuːiː,7
uːiːs,1
ifʊ,2
öʀʊ,9
fnʊ,41
sɪb,7
(nuː,1
bta,3
mɐ:,2
tɑː),1
uːm:,1
thn,3
hna,3
ɛtj,1
axn,2
xna,1
boː:,1
oːtɛ,4
nn?,5
uə.,7
lt͡sf,1
t͡sfü,1
alɑː,10
eːm),2
uːt?,10
ʃlö,12
hɑːj,1
maf,1
t-x,2
-xə,2
luːn,1
oːl-,2
loːɑː,5
sbʊ,1
baf,1
ffa,1
ʊsiː,3
ʀtoː,12
d͡ʒmɪ,2
mɪd,2

3:,3
ʃʊt,2
ʊth,1
ɪʀʊ,2
ʊteː,1
sɐ!,7
ütl,5
tab,2
ŋeːä,1
noː!,1
xpl,1
btä,1
bʃʀ,4
luːl,1
pt͡sʊ,3
ʀkf,1
kfɔ,1
neːuː,1
eːn;,2
-as,1
eːnɑː,1
uːkɑː,4
̈lt͡s,2
ʏʀt,6

ɑːm,3
hɔb,5
ükv,4
stb,8
ɡab,11
ʀuːŋ,10
(dʊ,1
uːt),1
ʀt͡sɔ,1
xtɡ,7
10:,1
iːnuː,6
nuː;,1
huː,,1
akp,1
kpiː,1
tduː,14
duːɑː,3
əʀp͡f,3
ʀp͡fl,1
p͡flɪ,1
lt͡seː,13
sts,4
oːɛd,1
iːtɪ,1
jɑː',5
ɡap,6
oːlɪ,1
kbʊ,3
ʊkj,3
kjɑː,3
hʀ.,1
xoːn,3
moːk,2
iːn-,1
tmɪ,1
ska,11
t-ɡ,3
-ɡɪ,1
̈kə,5
ŋkx,3
kxö,2
xöʀ,2
ɐ-k,1
-kɪ,1
mɑːiː,1
kxoː,1
ɔʀä,1
uɐ?,2
çt?,8
üxɐ,5
päŋ,2
bɪç,3
çtɑː,3
baɡ,1
ɡtɑː,1
meːm,3
muːx,3
ix),1
x),,3
tɪn,3
heːɡ,4
tiːs,3
n-ʃ,3
-ʃm,1
kt),2
ɡɑːɡ,5
ft:,6
klä,35
uːvä,1
eːbɔ,2
eːpö,1
nüɡ,8

iːn,4

ɑːn,3
ʀ-m,1
uːnä,2
ʀt͡ʃl,3
lfoː,1
ɑːjeː,1
anä,2
iːp:,1
hiːoː,54
iːoːp,54
oːp?,1
ömɪ,11
ut;,9
ʀp!,1
näʀ,4
äʀiː,3
hiːɔ,4
iːɔb,4
ʀäs,2
ɑːm?,3
itiː,6
hseː,2
eːmh,2

ʀuː,3
nmuː,3
usʊ,3

hiː,8
vöɡ,1
t͡süɡ,5
ʀɑːv,1
ifɛ,8
ɡau,8

muː,1
miːk,5
ʃʀʊ,1
spuː,1
puːl,1
üpn,8
eːʀuː,1
eːoːyː,2
sʊk,1
nhü,1
it͡sa,1
"ka,3
ʏxl,31
xlɐ,26
leːj,2
fɛx,8
dsm,1

ma,7
uːxɛ,3
yːɛs,6
ʀt͡s?,2
ɔkf,2
kfɪ,1
ät͡sɐ,5
ʊnü,17
üt͡sɐ,2
"ba,2
n".,1
mveː,1

ziː,10
ʃt?,1
ksp,2
p͡fɑːd,2
t͡siːɛ,4
iːɛs,9
ösl,2
sɪɡ,2
t͡stɛ,3
mə!,8
lt͡s?,1
"dɐ,21
bɛb,10
äʊb,3
fɪx,1
ɔʀə,16
pvɪ,2
k.",7
ənä,2
ʀuːɛ,3
uːɛs,4
t͡ʃai,1
üʀv,5
spö,5
mɡɪ,3
ʀveː,14
aɡd,1
ɡds,1
ɡsx,2
sxɑː,2
xlə,6
ɪk?,1
ənŋ,6
nŋk,6
hɛɡ,1
khä,1
əʀŋ,7
ʀŋa,1
ŋal,1
xkö,2
köm,2
öml,2
"heː,2
n?",17
"ɑːb,2
iːt',4
lɪʃ,4
ʀmv,5
mvɪ,6
"ɡɔ,3
dɐ",1
ɐ".,1
lkf,1
hə!,8
"vɑː,10
mkʀ,2
"fü,2
oːfɪ,1
eːäʊ,1

vɑː,2
ʀʀü,4
lat͡s,10
at͡sʀ,10
t͡sʀeː,10
p͡fän,4
"miː,2
ɡə",1
ə",,5
ulɐ,10
ht,,16
zɪŋ,11
ʀm!,1
teːɛ,3
bkʀ,6
üm,,1
ʀnɔ,5
lɑːt͡ʃ,4
ɑːt͡ʃə,4
ʃax,1
vüh,4
xt",2
t";,2
iːʀ",3
ʀ".,3
ʀlə,10
"viː,10
ʀɡʀ,6
nt͡sä,5

nuː,1
üŋɐ,185
usiː,1
mäʀ,20
äʀl,2
lt͡sɛ,1
ʃɑːk,13

iːx,9
hə?,3
uːk?,3
ldk,2
"ma,8
st",3
t"?,3
ʀk?,2
ʀ!,,1
mbɪ,1
äfeː,3
ʃ.",2
ə.",19
ɔfa,19
"əʀ,2
khoː,1
ɛkv,11
kvä,5
"və,3
"duː,29
"iːʀ,9
!"?,3
"hiː,2
ɔt",4
"vɐ,12
çə?,3
ə?",3
üɡɐ,8
l?",1
anɪ,9
lds,4
t?",6

deː,6
veːt,7
t͡ʃluː,2
uːk!,2
t͡ʃnuː,4
"biː,1
ɔfä,14
fäʀ,18
ueːs,2
kə?,3

va,2
pə?,1
ʀüt,4
fsp,7
uːiː!,2
ʀɐ?,1
beːeː,1
uxeː,2
sxö,1
xöp͡f,1

40,1
40:,9
yːxɛ,11
oːp͡f?,1
41:,25
1:2,9
hn,,1
1:4,2
1:5,2
1:6,1
1:7,1
1:8,1
ftl,1
dat͡s,1
at͡sv,1
1:9,1
oːə,,1
uleː,2
koːyː,2
"zoː,8
x!",2
puːx,1

voː,5
"la,10
ə!",9
iʃə,6

ai,119
(zeː,73
ɔfeː,4
ükn,7
knɐ,9
tɡiː,5
önɛ,4
ɪm!,1
vɛm,7
ɛmə,8
ükk,10
föʀ,12
vɛt͡s,2
ɪn;,2

hə,6
it͡siː,6
oːt͡siː,8
lʃh,2
ʃha,2
ʀʊɡ,2
päh,1
haʃ,2
aʃt,2
ziːɛ,5
ns',1
afɛ,3
liːeː,8
uːna,16
yːxeː,8
svü,1
ht;,3
kül,6
üld,6
uːt͡s!,2
ɑːɐ;,1
n-ɑː,1
fɐ-,1
ɐ-t͡s,1
ʀt͡s;,11
zɐ.,3
oːp͡f:,1
m.",1
ɑːə;,6
ŋt;,5
ünɐ,3
ɪkeː,1
ɔm;,2
ʊtü,1
mluː,4
oːyː.,2
nsl,2
fɐ!,2
lfɛ,1
uːlɐ,7
hniː,2
yːeːt,13

fʀ,1
ʀɔx,2
ɔxn,2
ɡɐ!,1
lüp͡f,2
üp͡fʀ,2
ʀ.",6
lvɪ,1
ɪmp͡f,1
mp͡feː,1
p͡feːm,1
oːva,17
nʃeː,2
ieːt,10
ʀʊʀ,7
lɔʀ,1
ɪm.,6
pt;,2
ubɐ,3
it͡sʊ,1
t͡st:,2
ɑː!",2
ɪxb,1
xbɛ,1
"va,4
ʀvoː,2
ŋt?,2

ʀɪ,2
axt͡ʃ,3
xt͡ʃɑː,3
t͡ʃɑːf,3
äfs,3
aʊt,1
ʊtl,1
ön!,2
ʊk.,3
ənö,3
nöl,2
uːt͡s.,3
al!,2
lml,19
ɔxb,1
xbɐ,1
iːx),1
"fə,2
ɐ.",6
"hö,2
mdɛ,1
ibɛ,6
oːt͡sɛ,2
ʀfeː,13
noːp͡f,1
löɡ,5
ɡfl,3
ähʊ,3
ʊm,,1
p͡ft,,5
nɛk,8
aud,2
udə,2
umɛ,14
pmɛ,3
vaʃ,2
aʃb,2
ʃbɛ,2
äŋeː,2
lkh,4
ɪlt͡s,5
ʀt-,1
t-ɐ,1
-,ʊ,1
ptɛ,1
ʀʃɑː,5
seːʀ,3
aʀʃ,2
ʀʃä,3
äʀb,3
"loː,1
s!",4
ɪn!,1
sɪŋ,6
ähuː,1
vɑːt͡s,1
t͡seːx,1
uːmeː,5
ʀbl,1
ʃiːʀ,11
uxɛ,6
öbeː,5
zoː!,1
ŋeːʃ,7
"ʊn,4
käs,2
"jɑː,1
süt,4
ütv,4
nt͡s;,6
nvʊ,2
afeː,4
lfeː,2
n";,4
ɐ!",9
ɑː);,1
üʀ?,3
t͡siːɔ,12
kɐ:,1
ɑːxh,3
oːʏs,1
öhɛ,1
nmü,12
ät͡s.,1
ɪm?,1

vɐ,6
shɛ,5
l.",3
lmb,5
mba,3
t͡sɪʀ,7
-dɐ,1
öt͡st,2

kɔ,3
ziːeː,1
ʀoː;,3
lm.,2
zɪɡ,1
öheː,2
ŋkp,1
kps,1
spɔ,14
ft!,2

loː,3
ölb,1
iːl!,1
luːj,22
s,",1
käf,12
eːʀ:,6
tfuː,1
ftm,5
Äŋ,9
̈ŋs,9
t͡svü,1
beːä,6
eːäl,7
"zeː,1
"hə,4
p͡fteː,1

nɪ,1
kɐ!,3
k!",3
lf!,1
ükeː,2
ln!,5
Öf,2
̈fn,1
tsl,2
it͡s.,2
ʃmɐ,1
ɐqɪ,1
qɪk,1
iə;,2
xhɔ,1
ük!,1
fɔk,4
eːak,2
n"!,1
x.",2
"ʀa,1
ʀŋɪ,1
ŋɪf,1
hʀɐ,5
üʀeː,8
üt͡s,,2
lʃ.,4
lʃ,,4
ʀlʊ,1
ɪfl,3
ɔseː,1
mp͡f,,2
ʀnü,17
nün,17
"ɡeː,4
in",3
n":,3
fə:,3
xtɑː,2
uːfɛ,3
oːʃɛ,2
pveː,2
ɔxk,1
"ɑːx,5
eːas,9
ht!,1
ʀeː.,1
lɐ?,1
ɑːf?,1
skä,5
aʀ;,3
mt',6
ŋɐ;,5
nʃm,1
ʊnp,1
ɪʃb,1
ʃba,1

ʀʊ,1
̈fə,1
kvɔ,1
!",,14
üs,,5
nma,3
aʀ.,3
ulə,16

fa,1
ɛlʃ,2
neːä,1
ʊnö,1
tɪx,4
nxɐ,5
ɡoːyː,3
yːdeː,1

dʊ,1
nxeː,2
ʃäʊ,4
tsp,4
mäs,1
äsɪ,1
t͡stɐ,1
ulh,3
t͡suːɪ,1
uːɪʀ,1
"pö,1
zə!,1
eːk?,1
ʀx;,1
ʊŋn,1
ŋnä,1
ɪkf,1
nɡɐ,3
veː?,1
veː;,1

fɔ,1
ʀt͡sp,1
t͡spö,1
ɔm",1
m",,1
Äp͡f,3
̈p͡feː,2
plɛ,2
uʀeː,1

viː,7
üpeː,7
ʀnt͡s,1
ümp,1
mpɐ,1
ʃɪs,3
fax,1
kkɔ,3

ʀü,2
üm;,2
ämp,1
Än,1
̈nd,1
xau,1
äʀ.,1
ŋkɐ,2
ɑːkeː,1
äʀɪ,1
ɪʃs,1
ʃst,1
teːɡ,1
uːk:,1
oːʏt͡s,1
ʏt͡st,1
nsx,1
xɪf,4
"fiː,2
oːyː?,1
ɔlh,2
stk,2
tkä,3
ɑːt͡s;,1
liːʀ,12
fvä,1
abv,2
ifä,1
xɡɪ,3

4:,3
ɛsɡ,3
nös,1
aʀ?,1
ükt͡s,2
kt͡suː,2
uːt͡sa,1
eːs",1
s",,1

də,4
ʃt:,2
ɐük,1

ʃä,1
vɪɡ,1
ɛɡv,1
lɪf,2

lɑː,2

ɡeː,3
ŋs;,1
ə);,1
püx,4
tuːd,1
kʊs,1
ʊsə,5
ɛtx,2
püŋ,1
ktl,1
t͡syːp,3
yːpə,3
ön;,1
t͡sʏp,2
ʏpʀ,2
ɑːp͡fɛ,3
̈p͡fɛ,1
fvɛ,5
ʀʃ.,1
"ha,2
ʀt͡ss,1
sän,2
änf,2
ʊʀn,2
eːt͡sɪ,5
duː!,1
t͡söp͡f,4
bɛx,1
ʀɛt͡s,2
uxh,1
xhü,1
oːpa,1
skɛ,1
afʀ,2
klɔ,4
lɔp͡f,4
p͡ft:,1
xtʀ,3
ɛloː,1
iɐ.,1
amk,1
iːçɪ,2
çɪn,2
nʊs,1
atp,3
tpä,4
-nɑː,1
ɑːdɪ,1
zuːl,2
bɪm,1
dʊf,1

oː,,1
soːɡ,2
köl,1
ʀt͡sb,1
t͡sbə,1
tüt,3
ɑːʃeː,1
mɪʃ,3
bsɡ,1
veː!,4
lvü,1
ʀmä,2
ʀt͡s!,3
msp,1
üʀl,3
ɑːmä,1
mäp͡f,1
ʀɡʊ,1
lʊn,1
ɪnɪ,1
ɔnp,4
t͡sɑːŋ,2
ʀ-j,1
öʃb,1
ʃbʀ,1
fɐö,2
ɐöd,2
uːak,1
"liː,4
ɡaf,2

8:,2
iːk-,1
k-f,1
ɪn:,1
neːɐ,4

veː,12
uːxʊ,15
xʊŋ,17
lnoː,1
uːs?,10
xmʊ,2
ʃnɑː,1
t͡sɪʃ,1
ut?,3
väŋ,1
ʃɑː.,1
tmə,2
Äʃ,15
̈ʃt,15
zɑː:,1
oːeːm,2
yːleː,12
ʀʀoː,1
ntiː,10
iːɛf,2
oːs?,3
s?",6
n?,,1
oːʀ!,10
at!,2
"t͡siː,1

ʃɪ,1
"za,4
uːs:,28
ks!,3
ʊpv,10
ɪlh,1
uɡeː,1
hɪp,1
heːt͡s,1
iːeːb,1
küʃ,1
mɑː:,1
iʀ:,1
utɑː,2
ft?,5
ieːs,2
ɪsx,3
fɡuː,2
xlɪ,2
ɛt;,2
t͡ʃlü,1
pviː,1
duː;,2
ühf,1
hfa,1
sɔf,4
ɪl",1
l";,1
ɛɡʃ,2
ɡʃv,1
miːɡ,1
nʀɑː,1
ds!,3
speː,1
oːyː;,3
ɪʀiː,1
övɪ,3
ökɐ,2
ʀɔt͡s,4
ɔt͡st,4
"na,1
ʀfʃ,4
fʃa,4
nʃʀ,2
s-ʃ,1
-ʃv,2
kt͡siː,7
lnd,2
ʀɐ!,2
bɐ?,5
ɔʀɪ,1
t͡suːä,1
uːäl,1
eːə:,1
ltk,4
tkʀ,4
yːfeː,71
oːbɔ,1
atɐ,2
ms?,1
mhü,1
iːvɑː,1
ɪmf,2
mfü,1
niːx,2
ʀtü,3
ɑːx-,1
yːɡh,1
ɡhä,1

tʀ,1
çə!,5
afm,1
fmü,1
xbɪ,2
ʊsd,1
sdɛ,1
dɛn,1
fɡɑː,2
amb,1
mboː,1
ʀml,1
seːn,1
kiːf,1
ksb,3
çɐ.,1
dɔx,3
zɐ,,6
häm,2
nnh,1
äkt,1
hoːj,1
viːt͡s,2
loːt͡s,1
oːt͡s?,1
kkɛ,1
ɛɡp,1
ɡpʀ,1
up!,1
̈piː,1
piːç,1
çə",1
ə".,3
äɐ;,1
xə",1
lsl,1
ʀŋʊ,1
ŋʊk,1
ʊkɐ,1
svɛ,1
ndk,1
dkö,1
kə),1
pʃoː,1
ilɛ,1
uma,1
uːɡa,1
ks?,2
lkɛ,2
lseː,2
deːn,1
fbl,1
lx!,1
üʀɐ,3
ät͡s;,1
tüʃ,1
äxt͡s,1

uːm,1
akeː,2
ip",1
ɪlʃ,2
lʃv,2
ɔtf,1
ʀm?,1
zɐ;,1

ɑːx,2
siːd,2
lsʊ,1
sʊp,1
"pl,2
də",2
ə";,2
dsn,9
ɑːmɔ,3
ŋk",1
k";,1
ssiː,1
äseː,2
xpɑː,6
ɔk?,1
üʃɛ,1
hmɛ,1
ʊkeː,1
ɔpv,1
pvoː,1
oːn",2

vɪ,1
"eːs,11
ɛld͡ʒ,1
ld͡ʒl,1
ɔʀd͡ʒ,1
ʀd͡ʒʀ,1
d͡ʒʀa,1
ɛsn,2
snö,10
ɔla,2
nɡs,3
oː!",1
?",,1
ʀf?,1
kfö,1

fl,1
"ʀü,1
ɔlb,1
"fʀ,3
siːx,1
ʃə;,5
-hɪ,5
iːɡa,6
xtk,1
ns",1
s"?,3
"vɪ,1
ɡʃl,1
kɡɐ,1
ttoː,2
yːtuː,2
svɔ,2
ɪkb,1
ɪfɛ,1
ɔbk,2
bkl,2
xɐ!,3
"huː,1
"oːp,1
ikɔ,1
ämeː,1
kt:,3
it͡s,,3
lɐ!,4
ɛlʀ,34
lʀɪ,2
äɐ.,4
äs!,1
eːɐ?,1
imə,1
ʀ?",1
ŋkö,2
sneː,1
(nä,1
kɐ),2
ʊmd,1
mdoː,1
l!",1
p-ʊ,1
tbɛ,1
ŋeːp,1
iːt͡sɪ,1
ʀk!,2
uːʀoː,2
ɡoːɑː,1
t͡suː",1
uː",,1
iːx",1
x",,1
"hɑː,3
tə",1
ʀ!",1
xɑːb,4
ɑːpɛ,8
ɑːt͡sɪ,1
jɪk,1
kda,1
təŋ,5
t͡slə,3
pdɛ,1
juːx,2
at͡sk,3
t͡ska,3
ʀ-n,1
eːxiː,1
pɑː:,1
sʀoː,3
üɡs,1
dsä,3
Öd,2
̈də,2
ʀt͡sn,2
t͡sna,2
ɔnʃ,1
pɔl,4
boː!,1
"hɛ,1
ʃʀö,1
p͡fə!,1
sɪt͡s,1
ɡsɡ,3
uːm!,5
t͡sap,1
ɑːt͡sɔ,1
äeːm,4
äɐ!,3
ʀnd,2
stm,2

t͡seː,1
xtö,1
voːf,1
oːfü,1
eːɔf,2
yːt?,1
äʀ,,2
pʃa,1
eːɛt͡s,1
yːt!,1
oːdɔ,1
lx;,1
äʀt͡s,1
yːt;,3
t͡stʀ,1
kiːl,2
ɛleː,4
iːf;,1
l-ɑː,1
ʀmp,3
lt͡siː,1
sxiː,1
çtü,6
fs;,1
mɐ?,1
eːl",1
l",,1
ɡt",1
t",,7
eːt",2
nxt,5
p͡füh,2
(ɑːx,1
utɛ,3
t͡səŋ,3
ʀʀʊ,1
äɑː;,7
ʀt͡sh,1
t͡shuː,1
uːlä,1
ömɐ,3
yːʀɪ,2
dpä,2
n"?,10
uːə:,2
äfiː,1
hə",1
ɪsf,1
ifɑː,12
ɛkʃ,3
kʃa,3
fpl,3
ldɛ,1
noːt͡s,1
oːt͡sü,1
ʀʀ",2
ʀ",,2
bʊl,3
müt͡s,1
ʀäk,9
hɑː!,3
çt!,5
lat͡ʃ,2
at͡ʃt,2
kfeː,1
ɪʃɡ,3
ʃɡa,3
sɑːŋ,1
stp,1
lyːb,2
yːbiː,2
fhiː,1
kɪl,1
fsh,3
fsk,2
eːʀ",1
ʀt͡s:,1
syːə,2
mɡə,1
byːə,2
xuːp,1
uːt͡sh,1
t͡shə,1
mɡiː,1
üp.,1
sveː,1
hɔn,1
nlɑː,1
jə;,1
uf:,2
oːk!,1
ʀə",1
lsv,1
iʀuː,3
ɡɔɡ,2
ɑːl",2
l".,1
nɡʀ,4
ɑːʀ',1
öhʊ,1
üʀp͡f,1
ʀp͡fɔ,1
hə:,2
sbə,1
ʀk),1
bt',4
öfl,1
küx,2
n-ɛ,1
-ɛk,1
hɛt,2
ʀ-t,1
-tiː,1
uʀɑː,2
ʀ-ə,2
-ən,2
täiː,3
ɡoː.,2
ɑːŋɑː,1
ŋɑːn,1
iːfɛ,1
daɪ,1
ɛbl,2
ɡoː;,2
duːʀ,1
ɡoː,,3
sɛʀ,2
fiːiː,1
iːiːʃ,1
ʀsf,1

kö,1
ɑːt͡sɐ,6
zɔf,2
äʀp,1
uː-f,1
-fa,1
əän,1
m);,1
nfɐ,1
iʃ!,2
p͡fə;,1
slɛ,1
sheː,1
ŋeːa,1
pseː,1
oː-ʀ,2
-ʀuː,2
oː-a,1
miː;,1
lk",1
k",,2
ɐ-z,1
-,h,1
,ha,1
an",1
i-ɡ,1
püb,1
übɪ,1
kuː;,1
nɡa,2
"hɪ,1
im?,2
nvɔ,2
akoː,3
koːf,3
ksä,2
iːbuː,1
moːf,1
ʀt͡sö,1
n-v,1
-vɑː,1
-,ɡ,1
,ɡiː,1
ʃɑː;,2
ʃɔʀ,1
14:,1

beː,1

pl,1
ɑːə:,1
nɛp,1
loːd,1
psə,1
ʊxd,2
xda,2
mp͡f;,2
4:2,3
4:3,1
4:4,1
4:5,1
4:6,1
4:7,1
4:8,1
4:9,1
ŋɐä,1
skɐ,1
ʀp͡fä,1
anh,1
läp,1
iːʃh,1
ʃhɑː,1
ntk,2
tkɔ,2
"veː,1
eː!",1
plä,1
läʀ,23
xiːuː,1
iːuːn,1
lʀeː,2
ʊmeː,2
ɑːk!,1
feːm,2
xɐ:,1
ziːp,1
ʀnl,1
iːt͡sɐ,1
hʀɡ,1
ɑːf',1
aŋm,1
ŋmü,1
nuːs,11
bs?,1
çt',1
koː;,1
eːaf,4
t͡sɑːə,1
hɑːeː,1
ɑːeːt͡s,1
(vɪ,1
jɑːv,2
ɑːvoː,2
mʀɔ,1
ʀɔd,1
ʀöp͡f,1
öp͡fl,1
̈l?,1
nɑːʊ,2
ɑːʊm,2
ksʀ,1
jeːɐ,1
eːɐ;,1
"ʃt,1
bɐ!,4
noː-,1
oː-ɑː,1
-ɑːm,1
kuːk,2
ln',1
ʀɐ:,1
iːʃɛ,1
ɑː!),1
!),,3
ʀʃf,1
ʃfü,1
üms,1
lt͡sk,1
öxʀ,1
nal,1
pə;,2
ʀxf,1
xfl,1
ʃɛk,2
xt͡sö,1
m-m,1
s);,1
t͡sə!,2

tuː,1
ix!,1
eːkh,1
ʀp͡fa,1
ɔl:,1
eːɑːx,1
xiː.,1
iːp?,4
p?",1
k?",1
äʃɐ,1
ʃɐ.,3
uːʃeː,1
x?",2
bʃü,1
ŋkt͡s,2
kt͡sɛ,2
iːɑːk,3
suːs,543
imh,1
t͡ʃt:,6
i.",1
läiː,8
nɑːt͡s,27
iːsä,91
säɐ,78
duːt͡s,11
uːt͡sä,11
t͡säɐ,10
ʀŋeː,4
nʊk,4
ɑːpə,16
pɛt,118
oːbuː,30
ʃuːl,42
iːuːm,21
vɑːl,4
dsü,2
süx,3
ɡɪx,13
üxiː,13
eːn-,1
tmü,3
ɪtf,2
uːlö,2
xɑː!,1
aʀ!,2
f.",1
uːx),1
pbɔ,1
t͡söl,23
öln,23
eːlɐ,6
ɪŋl,5
ŋlä,11
ʃpl,6
oːp͡feː,2
p͡feːt,4
xiːk,2
suː,,15
thä,5
yːeːm,4
mäd,1
ädk,1
ʊxb,4
ɑːpɔ,28
pɔs,28
ɪpuː,34
puːs,34
oːmä,4
toːm,12
fäuː,5
ɛbp,1
bpä,1
atä,2
ɔʀɐ,1
fnɪ,12
ɡeːp͡f,2
eːp͡fɪ,2
p͡fɐ",1
ɑːf!,1
ʊm;,1
nn:,5
ɪçf,8
çfä,8
lɡʊ,3
ät?,2
sjä,3
jät,3
nfk,5
atʊ,1
fsä,8
ɑːtü,2
hün,2
äzɑː,3
ɪpiː,2
nɑː',2
lsʀ,1
zə?,1
suː:,5
nsk,2
ɪm;,1
inä,2
uːɡiː,3
ɡiːk,2
ŋeːɛ,4
tkn,5
ksk,1
ɐ;",1
ixa,3
fnɐ,1
yːt͡siː,13
ltl,3
ɛtf,3
fɑːɡ,3
"zɑː,1
siːa,6
ksl,5
slɐ,3
bəŋ,2
zɑːeː,1
nsm,1
smü,1
teːʊ,18
eːʊŋ,19
bs",2
t͡säə,1
sə",1
ə"?,1
kt!,1
t͡sɑːx,14
üxl,1
uːs",2
iːl),1
(vɐ,2
f!),2
(voː,1
ʀə),1
mɐ!,2
oːɑː',1
äfʀ,1
slə,2
yːt͡sɪ,27
yːdʊ,2
biː?,1
ʀäh,12
ät!,1
biː!,2
"eːə,1
pɔn,4
tiːuː,3
ɑːtuː,56
kyːʀ,6
oːʏt͡ʃ,1
ʏt͡ʃt,1
ädɛ,4
yːt͡s.,1
sab,2
niː?,2
tiːɑː,6
säm,3
liːʊ,3
iːʊm,3
juːt,15
uːtä,15
iːduː,1
uːmä,1
mäɑː,1
ʀsk,1
äma,2
nsɔ,3
älɛ,1
(iːʀ,1
auɪ,1
uɪʀ,1
ʊmɛ,1
miː!,1
eːʃuː,1
ʃuːt,1
ɔʀh,1
tɪʃ,1
ɪʃv,1
nxm,1
n,",3
iːxiː,3
xiːʃ,3
yːʀoː,1
oːfö,1
fön,1
püt͡s,3
tɑː!,1
nuːt,1
piː.,1
suː.,8
lɡuː,1
ɡuːŋ,1
ɑːlʊ,1
iːmä,2
abl,3
nɑː!,2
uːʃ,,2
it',3
ns),1
s),,4
lʃt,2
ɑːə!,1
läɐ,5
ɔsk,1
ʊkt͡s,1
uːfuː,1
uːs),1
p͡fuːiː,1
yːt͡s!,1
"eːl,1
teːoː,2
eːoːf,4
iːluː,2
ʊm.,2
ɪn.,1
uɡʊ,1
ɡʊs,1
niːuː,1
"al,1
n"),1
"ai,3
uːʀä,1
ʀäɑː,1
lyːs,1
liː',1
iː's,1
jan,1
ɑːŋa,1
ŋai,1
ɡuːs,1
sad,1
nɔk,1
zɛt,1

jeː,2
äɑːs,2
ɪʃt͡s,1
ʃt͡suː,1
iːs",1
huːp͡f,1
uːp͡feː,1
ɔlʀ,1
ŋkb,1
kbɑː,1
ɐüt,1

na,1
ənɛ,1
nɛt͡s,1
ixʊ,2
kt',1
ɔf.,1
löʀ,1
pʃiː,1
p͡fluː,1
ɐ?",1
ptoː,1
ähs,1
ʀpʃ,1
pʃɪ,1
it͡s;,1
läə,2
ʃɑːə,4
fʊk,1
ɡs-,1
s-oː,1
nt͡ʃʊ,4
ŋɐ!,2
eːpa,2
ʃə?,1
yːn?,1
ip!,1
voː?,1
ɑːxä,3
xäuː,3
s";,1
mbuː,2
öʀuː,1
t͡st!,1
ɔfɡ,1
suː;,1
ɛma,1
ɑːp͡fuː,1
p͡fuːʀ,1
am!,1
keːf,1
(fɛ,1
eːf',1
öp͡feː,1
iːkoː,6
ŋɐ),1
"ɡiː,1
öp͡fɛ,1
p͡fɛs,1
çiːʃ,2
bkä,1
sdɑː,1
"nɪ,2
ʊʀeː,1
t-oː,1
-oːyː,1
neːʀ,1
nt",1
ʀsv,1
svoː,1
ɪʀx,1
ɐ"?,1
tɡɪ,1
miːt͡s,1
btü,1

zɛ,1
iːə',1
ʃʊʀ,2
xma,1
ɐ";,1

zɔ,2
xvö,2
(au,3
lxuː,1
nfoː,1
üh;,1
nʃ!,1
ɔxp͡f,1
xp͡fl,1
yːt͡s;,1
iːk",1
."),1
ɐ)!,1
ubɛ,1
isuː,1
atv,1
ɑːkɛ,1
nə",2
jʊs,1
hiːɑː,2
äɑː?,1
doːt͡s,1
fʀyː,1
ʀyːɡ,1
yːɡiː,1
pam,1
amf,1
mfyː,1
fyːl,1
seːʊ,1
ʀt͡sf,3
t͡sfɑː,1
ɔtp,1

pɛ,1
ɪkʊ,1
kʊŋ,1
"dʊ,1
uːfö,1
s":,1
eːs),1
yːdɑː,1
toː.,2
teːf,5
oːʀuː,1
noːʀ,1
tiːoː,1
t͡sfä,2
ɛmf,1
uluː,6
uː.),1
ŋt!,1
mloː,1
üʃt͡s,1
ʃt͡soː,1
yːk,,1
s.
,1
.

,1
