pɾi,1268
ɾin,416
ink,636
nki,64
kí,189
íp,182
́pi,82
pio,213
kɾi,408
ɾio,512
iow,285
owu,10772
dew,4564
ewʃ,7892
ké,527
éu,444
́uʃ,129
tɛʁ,2730
ɛʁɐ,3027
ɛɾɐ,2377
foɾ,2458
oɾm,701
ɾmɐ,440
vɐz,180
ɐzi,540
ziɐ,564
hɐv,887
ɐvi,1885
viɐ,984
tɾɛ,1825
ɾɛv,261
ɛvɐ,1446
vɐʃ,387
sob,2572
obʁ,3271
bʁɛ,2647
fɐz,1020
ɐzɛ,2699
ɐbi,1427
biʃ,63
iʃm,104
ʃmo,402
mɐʃ,2152
ɛʃp,2661
ʃpi,384
pí,222
íʁ,742
́ʁi,1377
ʁit,277
ito,1966
paj,1199
ajɾ,411
jɾɐ,806
ɾɐv,400
ɐvɐ,1589
dɐʃ,3083
áɡ,583
́ɡɐ,564
ɡɐʃ,522
diʃ,2578
iʃs,3007
ʃsɛ,4162
hɐʒ,68
ɐʒɐ,101
luʒ,216
how,255
wuv,1690
uvɛ,495
viw,242
bow,379
owɐ,1152
fɛʒ,751
sɛp,274
ɛpɐ,333
pɐɾ,7978
ɐɾɐ,8066
ɾɐç,1349
ɐçã,2104
ção,2649
ɛnt,10465
ntɾ,3828
kɐm,1910
ɐmo,1222
mow,1614
diɐ,3036
now,849
owi,6302
wit,465
itɛ,467
fow,908
tɐɾ,3033
ɐɾd,1047
ɾdɛ,1260
mɐ̃ã,218
ɾim,517
imɛ,911
mɛj,1044
ɛjɾ,2581
jɾo,1735
fiɾ,194
iɾm,183
mɐm,83
ɐmɛ,1720
mɛn,3953
nto,4716
ɛjo,1078
pow,3307
wiʃ,4259
ɐɾo,199
ɾow,1009
ɛʃt,8703
ʃtɐ,3265
tɐv,1075
ɐvɐ̃,885
dɛb,253
ɛba,247
baj,379
ajk,366
jks,865
kso,420
poɾ,7125
sim,623
imɐ,567
ɐʃs,3272
ʃsĩ,1609
sɛɡ,875
ɛɡn,651
ɡnd,651
ndo,5559
ɐʒu,306
ʒun,771
unt,815
ntɛ,6508
tɛm,1381
ɛms,64
msɛ,408
ʃó,241
luɡ,759
uɡɐ,816
ɡɐɾ,2107
ʃtã,386
tão,2504
ɐpɐ,606
ɐɾɛ,3071
ɾɛç,98
ɛçɐ,546
ɛlɛ,7419
lɛm,213
ɛmɛ,847
sɛk,121
ɛko,252
ntɐ,3274
tɐm,2118
mɐɾ,1695
ɾɛʃ,2126
ʃso,2435
pɾo,2095
ɾod,146
odu,126
duz,247
uzɐ,793
ʁɛl,62
ɛlv,30
lvɐ,288
ɛɾv,1772
ɾvɐ,419
dê,169
êɛ̃,37
sɛm,794
áʁ,706
́ʁv,130
ʁvo,130
voɾ,466
oɾɛ,1015
fɾu,186
ɾut,201
uti,36
tí,313
íf,137
́fɛ,16
fɛɾ,1699
ɾɐʃ,730
suɐ,4206
uɐʃ,2204
ʃpe,44
pé,347
és,254
́si,1035
siɛ,102
iɛʃ,89
uto,405
tɛn,2420
ɛnɐ,745
uzi,250
ziw,22
dɐv,1206
tin,1071
inɐ,3547
tɛɾ,1697
ɛɾs,551
ɾsɛ,594
sɛj,584
lum,39
umi,276
min,2892
nɐɾ,1024
zɛɾ,3708
ɛɾɛ̃,316
sɛʒ,524
ɛʒɐ̃,149
lɛʃ,3156
sin,887
ina,96
naj,163
ajʃ,2576
tɐç,194
ɐçõ,718
çõɛ,803
õɛʃ,1056
iɐʃ,2671
ɐno,1376
noʃ,3017
siɾ,167
iɾv,46
ɾvɐ̃,18
ɐlu,65
miɐ,252
iɐɾ,460
dow,1083
ɡɾɐ,1082
ɾɐn,1956
ɐnd,4541
ndɛ,2240
dɛʃ,4392
mɐj,68
ɐjo,149
joɾ,56
ɡov,114
ovɛ,521
vɛɾ,2197
ɛɾn,396
ɾnɐ,778
ɛno,7527
noɾ,7004
ɐmb,1542
mbe,1410
bé,1415
ʃtɾ,1190
ɾɛl,74
ɛlɐ,3191
lɐʃ,1320
pô,319
ôʃ,202
kɐɾ,2339
ɐɾt,1151
ɾto,895
uzɐ̃,8
ɾdu,102
dum,66
umɛ,378
mɛʃ,682
sɛɾ,4836
ɛɾɛ,2336
viv,453
ivɛ,878
vɛn,1009
tɛʃ,2745
vow,226
owɛ̃,18
ɐvɛ,710
vɛʃ,654
zim,224
mon,741
ons,953
nst,212
stɾ,207
tɾo,1139
ɾoʃ,1189
ɐɾi,698
ino,1357
tod,3522
odo,1987
doʃ,7557
ɐʁɐ,387
ʁɐʃ,1064
ɐʃt,1143
kaj,560
ziɾ,98
iɾɐ̃,530
ɐbu,190
bun,103
und,443
ndɐ,2071
dɐn,312
ɐnt,5795
odɐ,1763
ntã,2026
ɐbɛ̃,197
bɛ̃ç,179
ɛ̃ço,174
çow,469
owo,201
wow̃,65
diz,1331
izɛ,2161
zɛn,1559
ɛnd,3532
tif,237
ifi,1060
fik,1446
ika,81
mul,926
ult,541
lti,278
tip,127
ipl,136
pli,249
lik,240
ajv,216
jvo,221
voʃ,3102
ɛnk,651
nkɛ,79
kɛj,255
likʷ,30
ikʷɛ,221
kʷɛm,24
kʷin,194
int,1053
ɐni,588
nim,578
ima,172
maj,1279
dõe,6
õé,28
́st,159
sti,243
tik,195
iko,644
koʃ,340
ʁé,34
ép,19
́pt,17
ptɛ,7
tɛj,502
ɛjʃ,2836
sɛl,546
vɐʒ,16
ɐʒɛ,242
ʒɛn,242
ɛnʃ,1494
fɐç,190
ɐçɐ,491
çɐm,30
moʃ,1577
hom,2177
omɛ̃,1171
oʃs,2498
ʃsɐ,1658
mɐʒ,158
ɐʒɛ̃,118
kon,5698
onf,714
nfo,419
ɾmɛ,691
mɛl,555
ɛlɐ̃,40
lɐ̃ç,384
ɐ̃çɐ,1005
dom,170
omi,535
inɛ,279
pɛj,229
ɛjk,530
ksɛ,337
sɛʃ,565
pti,10
til,70
ulɛ,938
lɛɾ,929
suʒ,31
uʒɛ,42
ʒɛj,435
ɛjt,1619
jtɐ,588
tɐj,15
ɐjɐ,270
ʃtɐ̃,31
dɐd,2900
ɐdo,5550
uzɛ̃,5
ɐkɐ̃,19
kom,4325
omo,3093
ɾvo,867
oʃã,2
ʃão,1141
mɐn,1343
nti,919
tim,248
ɛɾd,1338
kɐn,3072
fiz,788
muj,525
ujt,472
jto,1212
sɛs,114
ɛst,271
sto,48
oɾɐ̃,597
ɐkɐ,1054
kɐb,756
ɐbɐ,636
bɐd,261
sew,5763
ɛse,435
sé,436
éʁ,665
́ʁs,548
ʁsi,500
sit,619
oɾɐ,2775
omp,565
mpl,185
plɛ,115
lɛt,74
ɛtɐ,651
tɐd,1023
ʃé,1337
ét,177
́ti,151
imo,829
bʁɐ,887
fɛj,456
ɛʃk,1533
ʃkɐ,516
ɐns,658
nso,326
sow,797
nɛʃ,246
ɛʃs,1911
sɐn,1155
kow,1199
oɾkʷ,1605
ɾkʷɛ,1606
nɛl,547
ɾiɐ,1093
oɾi,547
ɾiʒ,92
iʒɛ,105
iɐd,218
sɛn,7968
ajn,717
jnd,618
nɛn,338
ɛnu,129
num,253
umɐ,1725
plɐ,212
lɐn,400
ɐmp,639
mpo,860
bɾo,277
ɾot,122
otɐ,176
kov,127
lɐv,1186
ɐvʁ,991
vʁɐ,1210
ʁɐɾ,368
vɐp,6
ɐpo,245
oɾe,754
ɾé,834
sub,571
ubi,586
biɐ,184
ʁɛɡ,214
ɛɡɐ,1032
ɡɐv,52
ɾmo,396
sop,45
opʁ,222
pʁo,176
ʁow,216
wul,147
nɐʃ,1787
fô,35
ôl,48
̂lɛ,26
lɛɡ,329
ɛɡo,518
vid,959
idɐ,3012
toɾ,937
oɾn,741
ɾno,238
wuz,393
uzɛ,827
ɐlm,540
lmɐ,336
tow,1273
ʒɐɾ,275
ɾdĩ,43
bɐn,509
ɾiɛ,219
iɛn,198
Éd,7
́dɛ̃,7
ɐli,977
mɐd,636
kɐl,1004
lid,189
ɐdɛ,3300
ɐɡʁ,251
ɡʁɐ,365
ʁɐd,338
ɐda,111
dá,1020
áv,243
́vɛ,293
vɛj,682
viʃ,407
iʃt,1569
wɐʃ,106
mid,384
onɛ,416
nɛz,519
ɛzi,732
mɐl,906
sɐi,250
ɐí,792
íɐ,363
ʁio,695
dɐl,154
div,113
ivi,125
idi,126
nɐv,114
kɐt,504
ɐtʁ,405
tʁo,778
bɾɐ,441
ɐço,337
çoʃ,154
nom,732
omɛ,2926
piz,90
izõ,14
ʃtɛ,3936
ʁod,94
odɛ,976
dɛj,1443
ɛjɐ,363
Hɐv,48
vil,297
ila,24
lá,318
ond,1455
wuɾ,611
uɾo,1008
pɛd,588
ɛdʁ,402
dʁɐ,287
bɛɾ,1055
ɛɾi,1161
ɾil,76
ilo,5202
ʒiõ,7
kuk,20
ukɛ,10
tiɡ,447
iɡʁ,23
ɡʁɛ,105
koʁ,310
oʁɛ,520
pɛl,2179
ɛlo,1729
ɐsʃ,277
sʃi,127
ʃí,371
ʁiɐ,706
ewf,21
wfʁ,21
fʁɐ,52
ʁɐt,48
ɐtɛ,1030
tom,956
ɾdɐ,933
dɐɾ,1084
oɾd,1433
dɛn,1332
pod,795
mɛɾ,930
liv,537
ivʁ,485
vʁɛ,68
ʁɛm,243
ɛɾa,2519
ɾá,6599
áʃ,2091
dɛl,1550
ɛɾt,1878
ɾtɐ,2343
moʁ,592
ʁɛɾ,295
tɛʒ,141
ɛʒɐ,814
fɐɾ,1260
ɐɾl,64
ɾlɛ,97
lɛɛ,20
ɛɛj,93
ʒud,938
udɐ,108
doɾ,1465
ido,1703
dô,17
ôn,487
̂nɛ,7
nɛɐ,35
wuk,436
uks,270
ɐmɐ,1364
kɐv,425
pɛz,179
ɛzɐ,1073
zɐd,242
mɛz,268
ɛze,317
zew,466
oʃt,923
tɛl,169
fɛk,69
ɐɾn,513
ɾnɛ,526
omɐ,704
ɐɡo,585
ɡoɾ,645
mew,2480
soʃ,811
ɐdɐ,3060
vɐɾ,733
oɾk,451
ɾkɐ,953
ɐɾã,1280
ɾão,2984
oɾt,2211
tɐn,1187
ksɐ,557
sɐɾ,794
ɐɾa,3045
uni,51
niɾ,50
iɾs,19
sɛa,61
ɛá,190
ɛɾã,741
mbo,233
boʃ,391
nuʃ,7
ɛnv,544
nvɛ,225
ɛɾɡ,421
ɾɡo,273
ɡon,146
onɐ,287
ɛɾp,173
ɾpɛ,62
pɛn,375
ʃtu,137
tut,214
ɾɛj,3324
ʁɛʃ,1669
ʃpo,891
pon,858
nde,773
dɛm,229
ɛmo,917
ʃta,1058
tá,1222
tok,225
okɐ,800
oʁa,8
ʁaj,137
sɐb,689
ɐbɛ,1948
olo,1340
loʃ,4088
ɐbʁ,555
bʁi,399
ʁiɾ,170
iɾã,938
ɛzɛ,3023
ɐkʷɛ,1424
kʷɛl,1127
vɛl,646
ɐoʃ,1424
dɛz,1092
zɛʒ,120
ɛʒa,47
ʒá,349
ndi,750
dim,184
ome,36
ɾid,311
toʃ,2574
ɛɾɐ̃,2148
koz,46
ozɛ,701
fol,42
olɐ,628
fiɡʷ,13
iɡʷɛ,27
ɡʷɛj,97
nta,173
taj,363
uvi,976
vin,905
ind,470
voʒ,372
pɐʃ,965
sɛɐ,27
ɛɐv,19
ɾdi,98
din,149
ʃko,800
dɛɾ,1403
ɾɐm,742
ɐms,340
pɾɛ,1532
ɾɛz,1537
ɛzɛ̃,275
zɛ̃ç,181
ɛ̃çɐ,211
pɛɾ,2363
ɾɡn,267
ɡnt,267
ewl,114
wlɛ,123
tuɐ,1916
tiv,727
mɛd,253
ɛdo,700
ɛnɛ,233
nɛj,567
mpɐ,474
pɐn,291
ɐnɛ,375
ewm,10
wmɛ,56
ʃto,1855
zɛʃ,1135
ɛnɡ,160
nɡɐ,296
ɡɐn,240
wum,52
ɐld,541
ldi,170
dit,223
itɐ,1913
tew,3260
ini,710
imi,456
miz,181
izɐ,992
ên,506
̂ns,459
nsi,1695
siɐ,898
ɾiɾ,275
iɾa,754
bɛç,351
ɐlk,92
lkɐ,59
ɐnɐ,882
ikɐ,1518
nsɛ,805
ɛjç,18
jçã,98
fil,5337
ɛʒo,120
kaw,774
awz,468
wzɐ,468
fɐd,36
ɐdi,259
diɡ,217
iɡɐ,317
pin,90
bʁo,102
ʁol,76
suo,4
uoɾ,2
ʁoʃ,613
ɐte,1235
té,1339
foʃ,161
éʃ,1306
ɐdã,68
dão,396
tú,41
ún,66
́ni,120
nik,374
kɐʃ,521
ʃti,1148
tiw,111
nɐd,812
óʃ,1465
suz,245
zɛd,451
ɛdɐ,387
ivɐ,162
ɛtɛ,1359
nɐm,123
ɐ̃ço,71
çɐd,181
kʷɛɾ,586
ɛɾu,742
ɾub,104
bin,145
inʃ,203
ʃpɐ,674
pɐd,639
flɐ,18
lɐm,500
mɛʒ,19
ʒɐn,74
vol,644
olv,56
lvi,26
lɐd,644
ɐmi,1094
sɛb,261
ɛbe,58
bew,59
kaj̃,20
bɛl,450
ɐbo,339
ofɛ,1591
moɡ,129
oɡe,130
ɡê,163
̂ni,521
nit,394
duɾ,418
uɾɐ,1412
iɾo,291
ɾtɛ,1461
kɐj,88
ɐju,229
jul,11
ɛmb,426
mbl,81
blɐ,82
iɾɐ,945
kɐi,136
íd,269
́do,219
oɾv,279
ɾvɛ,372
ntu,629
tuɾ,769
ɾoz,393
ɛdɛ,698
lɛv,1782
vɐn,854
pɛk,541
ɛkɐ,775
kɐd,1600
ʒɐʒ,4
dɛv,256
ɛvɛ,575
fɐl,1131
ɐlo,722
low,716
ont,3743
tɾɐ,3527
mɐt,556
ɐto,433
ɐnɡʷ,345
nɡʷɛ,348
klɐ,476
ɛʃd,487
ʃdɛ,459
ʁiw,102
bok,344
ʁɛz,401
zɛb,229
ɛbɛ,644
oɾç,357
ɾçɐ,295
fuʒ,235
uʒi,233
ʒit,606
iti,96
ivo,191
vɐɡ,5
ɐɡɐ,379
ɡɐb,17
poʃ,717
sup,89
upo,36
hoʒ,305
oʒɛ,372
çɐʃ,450
did,365
ɐlkʷ,183
lkʷɛ,159
nko,582
ɾɐɾ,1498
ɐtɐ,1053
ɐɾm,375
mɛa,14
sɛt,541
vɛz,132
jɾa,175
inɡ,262
nɡɐ̃,37
ɡɐ̃ç,36
nɐl,158
ɾiʃ,124
sɐj,208
hɐb,700
bit,779
nod,2
nokʷ,17
okʷɛ,120
ɛdi,811
dif,407
sid,1344
ʃse,101
ɾɐd,837
ʒɛɾ,1296
ɛɾo,685
mɛü,2
ɛüʒ,2
üʒɐ,2
ʒɐɛ,8
ɐɛl,2543
mɛt,344
ɛtu,73
tuz,10
zɐɛ,52
mɛkʷ,14
ɛkʷɛ,363
duɐ,238
wut,818
utʁ,746
tʁɐ,309
zil,80
ilɐ,906
ʒɐb,47
bɐl,560
itɐ̃,56
ʃsu,217
suɛ̃,2
ɡɐd,570
ʒub,31
ubɐ,126
okɐ̃,20
hɐɾ,61
ɐɾp,72
ɾpɐ,83
fla,13
law,14
awt,20
wtɐ,13
tub,26
lka,3
fɐb,9
ʁik,66
ins,485
tɾu,507
ɾum,40
koɾ,1554
kob,419
fɛʁ,128
ɛʁo,275
nɐɐ,35
ɐɐm,12
ʃku,280
kut,120
uta,33
pɐl,1196
ɐlɐ,2093
ɛbo,125
zɐɾ,426
tɛz,384
ɛmp,921
mɛç,136
çɐɾ,253
ɐɾɐ̃,2065
inv,113
nvo,204
vok,156
vʁo,180
Hom,2
ive,57
vew,136
tɾi,912
ôs,47
̂sl,12
slɛ,12
dɛp,684
ɛpo,738
toz,45
nov,367
oʁe,247
ʁew,315
doz,377
kʷɛ̃ã,6
inz,68
nzɛ,225
mɐɐ,122
ɐɐl,183
lɐl,22
ɐlɛ,1249
lɛl,18
ɾɛn,293
dɛʒ,248
ɾɛd,193
ɐtu,235
zɐl,755
ɐle,757
lé,895
noe,67
oé,51
sol,259
lɐɾ,959
ɛɾk,301
sɐʃ,578
ɾɐb,226
ãoʃ,954
ɾov,333
ove,58
vê,121
diç,133
iço,212
kão,129
ʒɐf,21
ɐfe,12
fé,35
ɛde,160
ɐɾs,208
viɾ,970
moz,169
ozɐ,551
zɐʃ,915
kol,630
olɛ,426
ɛɾm,557
mpɾ,776
nɐkʷ,311
nɛf,31
ɛfi,71
ili,398
lin,301
vɐl,712
lɛn,379
ʁɛn,184
iɡü,26
ɡüi,29
üid,308
ldɐ,119
ɐʒi,78
ʒin,51
nɐç,686
ɛns,740
nsɐ,436
sɐm,333
inu,137
nuɐ,95
uɐm,78
ɐʁɛ,191
ʁɛp,386
ɛpɛ,71
ewz,270
wzɛ,292
ɛzo,397
zow,219
ɾuj,303
ujɾ,262
jɾɛ,81
iɛj,67
ɐko,696
tɐʃ,2416
ʒuʃ,572
uʃt,699
ɛɾf,89
ɾfɛ,48
tɾe,336
ɾê,370
êʃ,602
oʁo,88
ʁom,74
mpi,201
pid,71
iɐn,1009
vio,331
iol,87
ole,127
lê,109
kɛɡ,489
ɐɾk,351
ɡô,7
ôf,2
̂fɛ,2
ɾti,425
ʁɛv,333
tiɾ,1042
bɛt,298
tum,64
kô,245
ôv,233
̂vɐ,233
vɐd,494
ɐɾɡ,370
ɾɡɾ,131
nkü,165
küɛ,156
üɛn,164
ɐlt,1141
ltu,164
oɾa,216
fá,107
ál,343
́lɐ,78
lɐa,20
ɐá,36
ɾɐɡ,159
ɛsp,213
spi,155
piɾ,101
iɡo,1108
tɐb,264
lɛz,383
pɐk,347
ɐkt,260
kto,269
mɐk,51
fê,25
êm,61
̂mɛ,40
mɛɐ,58
tɐo,25
lim,137
kɐz,2085
ɐzɐ,2452
imp,239
sɐd,243
stɛ,138
ɾmi,289
iɐt,120
fiʒ,119
jʃs,65
viɛ,355
iɛɾ,238
mpɛ,155
fon,75
kuv,78
uvɐ,210
ɛʃm,521
pá,129
ás,157
́sɐ,8
kɾɛ,217
ɛvo,316
ɛsɛ,70
ʃsi,284
siv,22
vɐm,112
lto,417
obɛ,379
mov,123
ovi,296
tud,230
udo,309
som,261
mbɾ,378
nuj,12
sɛʁ,42
dɛt,152
tɛv,158
ʁɛt,505
ɛti,435
uzo,79
dé,185
kum,256
olt,548
saj,407
ltɐ,1219
pom,35
omb,364
mbɐ,132
inɐ̃,256
wuɐ,42
ʁɛk,264
lew,93
siɡ,79
ʃpɛ,671
bik,17
oli,206
wub,100
ubɛ,129
ɾtu,106
nks,39
ksu,14
sut,16
utɐ,161
ɾɐz,359
zɛo,16
ɛoʃ,31
ɛpʁ,158
fikʷ,99
ikʷɛ̃,26
fɐ̃i,274
ɐ̃í,307
íl,395
́li,424
liɐ,588
hol,290
lok,350
oka,307
awʃ,358
wʃt,292
uɐv,61
wɐɾ,144
ɛni,397
nin,386
niz,30
nkɐ,547
ɛjf,10
jfɐ,10
fɾi,8
loɾ,388
pɐv,64
ɐvo,222
vó,788
ɾɛɡʷ,96
ɛɡʷɛ,173
ɡʷɛʃ,43
ɾvi,511
ʁɛkʷ,24
ɾɛɾ,39
dɛʁ,333
ʁɐm,346
pov,221
ovo,362
owa,8
waj,8
lɛç,19
ɛço,249
onv,240
oʃk,201
́ʁɐ̃,187
ɾui,151
uí,534
́dɐ,55
ɾpe,67
́tu,84
ɾko,127
nuv,129
tuo,76
zid,442
nɐã,89
wɐd,77
kul,430
bɛb,312
bɾi,118
iɐɡ,17
ɡow,352
nud,46
udɛ,209
kɐp,252
puz,172
ɐmn,146
mnɐ,59
tɾa,97
bɛn,697
ʒɐl,21
ɐɾɡʷ,7
ɾɡʷɛ,18
ɡom,25
mɐɡ,67
ɡoɡʷ,16
oɡʷɛ,51
daj,132
ʒɐv,38
ɐvã,10
zɛkʷ,146
ɐʃkʷ,11
ʃkʷɛ,248
kʷɛn,159
nɐʒ,40
ʁif,269
ifɐ,37
fɐt,62
toɡ,4
oɡɐ,43
ɛli,616
liʃ,301
iʃa,5
ʃá,443
siʃ,143
kʷit,50
itĩ,10
dod,29
ɐnĩ,10
tid,351
lí,272
ín,734
́nɡ,122
miʒ,14
iʒɾ,52
ʒɾa,6
ɾaj̃,13
put,28
utɛ,202
ɛbɐ,390
ɐbt,4
bta,2
ʁɐɐ̃,5
ɐɐ̃a,23
ɐ̃á,239
btɛ,9
tɛk,23
ɛka,27
ká,199
bá,143
dɛd,99
ɛdã,14
inʁ,37
nʁo,37
ozo,581
kɐç,104
diʒ,818
ʁɛj,3278
ɛjn,574
jno,404
bɐb,314
ɾɛkʷ,13
ʃmɐ,205
niv,9
ʁɛo,22
ɛob,17
obo,164
bot,50
otɛ,1099
ɐla,135
́sɛ̃,20
lud,26
udĩ,1
ɐmĩ,175
lɛɐ,236
ɛɐb,20
ɐbĩ,16
nɐf,55
ɐft,57
ftu,2
tuj̃,1
pɐt,119
tʁu,2
ʁuz,2
uzĩ,7
ɐʃl,2
ʃlu,2
luj̃,1
don,273
ʃte,328
kɐf,6
fto,7
oɾĩ,2
idõ,29
Hɛt,17
ʒɛb,91
ɛbu,135
buz,72
uze,38
ʒiɾ,239
iɾɡ,7
ɾɡɐ,113
ɡɐz,51
ɐze,8
hɛv,25
ɛve,70
ɐɾkʷ,13
ɾkʷe,2
kʷew,61
ine,2
new,83
ɐɾv,85
ɐde,25
zɛm,146
ɛmɐ,334
ɐɾe,31
ɾew,29
hɐm,3
nɐn,217
ɐne,66
diɾ,630
iɾɛ,729
ɛçã,45
dɐi,49
sod,42
oʁɐ,80
owĩ,5
lɐz,27
ɛlã,37
lão,196
suɾ,62
ɐɾf,27
ɾfɐ,12
fɐk,18
ɐks,34
ʒɛt,75
ɛla,77
lɛɡʷ,7
ʒok,18
okt,8
ktã,6
lmo,32
mod,29
oda,3
lɛf,7
ɛfɛ,470
Hɐz,102
mɐv,162
ɐve,23
vé,79
Hɐd,76
oɾã,100
dik,44
ikl,164
obɐ,66
bim,72
mɐɛ,64
ofi,89
ʒob,9
sɛf,33
ɛfɐ,95
ɛmi,412
dio,118
iom,8
ɛʃl,7
ʃlo,4
unʃ,72
tiʒ,26
iʒo,44
ʒol,13
kʷɛj,514
ɛjm,379
jmɛ,101
mɛm,51
mol,156
ɡɐm,67
toʁ,61
kuʒ,200
uʒo,120
tokʷ,9
ono,446
ʒɐm,241
tê,161
ɛçɐ̃,35
ɾiç,11
içã,164
ɐɾɛ̃,419
ɛʃç,18
ʃçɐ,13
nfu,78
fun,213
dɐm,338
ɡɐʒ,20
diw,98
ʁoz,92
ʁɛu,9
ɛú,98
ɾuɡʷ,5
uɡʷɛ,12
nɐo,31
ɐoɾ,18
bʁã,65
ʁão,106
Hɐɾ,54
ló,263
lde,89
ɾaj,280
mil,196
ilk,16
iʃk,41
ʃka,43
ʁil,28
ajt,50
jtɛ,260
tɛɛ,63
nɡɾ,305
ʃê,37
bê,61
êç,50
̂çã,50
�kʷɛ,49
viɐ̃,152
ɐdkʷ,34
dkʷi,34
kʷiɾ,124
iɾi,199
ɐkʁ,320
kʁɛ,110
iɾɛ̃,101
sik,226
ike,84
moɾ,1091
dol,188
ozi,388
idɛ,418
oko,143
nuo,46
uow,13
sɛɡʷ,378
ɛɡʷi,344
ɡʷin,73
fom,136
ɛʒi,697
ɾɛɡ,627
ɛɡʁ,539
ɡʁi,216
ʁin,156
ɛɡi,124
ɡí,139
́ps,123
psi,129
sio,584
ioʃ,1034
pɛç,156
çot,56
ɐtɛ̃,11
tɛ̃ç,28
ɛ̃çã,40
ɾí,405
́ns,420
sip,424
ipɛ,370
pɛʃ,469
ɾɐo,285
ɐó,273
bɐɾ,274
ɾɐt,518
ʒum,137
ɾiw,168
pɾɐ,709
ɐkʷi,381
vaj,367
biw,123
nɛʒ,39
ɛʒɛ,140
ʒoɾ,236
ʁoɾ,73
ʁɛb,358
odi,151
suʃ,160
́lo,209
diɐ̃,57
ɾiz,71
ize,99
ʁoɡ,91
oɡo,470
ɡot,49
ɛʃkʷ,189
plɐ̃,36
lɐ̃i,31
ís,701
ɾdã,215
Hɐb,11
maw,127
hɛj,74
pud,82
tɐt,321
mud,74
ɐnʁ,29
nʁɛ,13
Hɛb,82
ɛbʁ,381
bʁõ,72
nʁɐ,104
ʁɐf,6
ɐfɛ,80
fɛl,66
iokʷ,7
kʷɛd,58
oɾl,27
ɾlɐ,39
lɐo,7
ɐom,5
owj,121
wjĩ,3
ɡʷɛʁ,225
biɾ,268
ɾsɐ,66
nɐb,141
mɛb,2
idĩ,10
sɐl,873
ɐlɡ,434
lɡɐ,193
ʁɛf,177
ɛfa,24
faj,28
jnʃ,22
ɾna,12
naj̃,21
zuz,1
zin,116
sɐv,36
ékʷ,1
́kʷi,24
ɐta,49
taj̃,19
hoɾ,44
ɛlp,6
lpɐ,134
ɛnm,1
nmi,1
miʃ,98
iʃp,75
lɛkʷ,161
ɛkʷi,237
zɐz,11
ɐzo,251
zom,61
omt,2
mtɐ,2
bɐt,311
tɐl,640
poç,10
oço,102
hɛb,38
bʁe,32
nɛɾ,123
jnɐ,276
úm,140
́mɛ,171
ɡʷiw,49
iwz,23
woʃ,64
ɐʃk,59
ɛlkʷ,3
lkʷi,60
kʷiz,71
dɛkʷ,68
sɐz,770
ɾdo,999
dot,733
miɡ,574
ɡoʃ,400
ám,33
mɐo,32
ʒuɾ,232
wiz,560
lɡm,198
ɡmɐ,212
sɐp,17
ɛnʁ,55
nʁi,51
ʁikʷ,97
kʷɛz,216
ɐlv,335
lvo,57
iʃã,95
kud,112
ɡɐl,134
dí,89
hɛɾ,322
lie,23
ié,31
éz,38
́zɛ,107
kɾe,8
mpu,63
tiç,318
içɐ,318
ɾɐ̃ç,342
ɾda,21
mbi,14
iwo,21
fɾɛ,92
ʁɐp,45
ɐpi,124
siɐ̃,19
sot,6
ôʁ,46
ɾof,605
ofu,70
ɛvi,480
lɛj,660
ʁɛd,419
ɛdu,55
ʃkɾ,367
kɾɐ,66
idã,141
ɐfl,152
fli,154
liʒ,119
iʒi,146
ʒid,189
ʒul,149
ulɡ,141
pɐʒ,203
liz,223
ɛpu,245
pul,274
ikü,265
küi,297
kuɾ,316
foɡ,369
fum,55
mɛɡ,7
ɛne,12
ɐdm,49
dmo,8
one,3
hɛt,48
ɛte,146
ʃpɾ,156
ɐfʁ,44
fʁo,128
ʁon,154
puʃ,44
ɡɐç,223
ulɡʷ,17
lɡʷɛ,19
zɛl,218
ltɾ,17
ʒiw,109
ɐnʒ,268
nʒo,98
nɐt,248
hum,86
lɐt,98
bɛʃ,114
liç,54
ɛlʁ,2
lʁo,1
ʁó,62
ói,60
bɛɛ,37
ɛɛɾ,33
ɛɾl,32
ɐaj,4
ɾó,302
dop,46
opo,144
ʁɐã,177
ɐão,249
jɾã,76
ɛsʃ,273
sʃã,172
vuɡ,1
iɾk,81
ɾku,82
kun,97
uns,232
voz,45
zɛj,610
ɾɛp,166
pú,67
ús,140
nʒɛ,326
siz,50
izo,108
iɾp,34
oɾɛ̃,40
çoa,2
oá,128
lɐɛ,16
ɐɛj,13
oks,122
zɐkʷ,138
owɛ,271
wɛj,62
loɡ,65
uko,306
ɐva,10
ɐml,117
mlɛ,121
ɐpʁ,319
pʁɛ,392
flo,114
bol,48
ɡʷid,37
bɛz,85
zɛʁ,40
ewo,14
ɛjʒ,43
jʒo,26
miɐ̃,26
tʁa,104
ʁá,114
vɐ̃ç,14
ôm,29
̂mo,9
fí,271
sil,112
nɛɡ,108
ʁiʃ,36
oku,184
ɾdɛ̃,198
ɐti,496
ʁɐv,68
ɐbe,7
êl,92
̂lo,68
wup,80
upɐ,88
lon,217
onʒ,168
ʒuj,34
ujʒ,21
tʁɛ,17
nzɐ,35
vɛʒ,224
ʒoʃ,300
çov,14
ʃsa,28
ɐdʁ,137
dʁu,35
ʁuɡ,34
ɾɛm,674
ɾɛt,118
ɐnkʷ,75
nkʷɛ,81
kʷɛt,52
pãɛ,59
ãɛʃ,108
áz,44
́zi,71
ʃsɛ̃,262
moç,67
nɛç,53
ɛda,10
ɐça,19
çaj,57
ʁok,128
ksi,51
ɐʁo,274
pɛkʷ,127
ɾok,198
lɡe,115
ɡé,351
olu,206
nvi,443
ɐpɛ,166
pɛɡ,87
ɾik,156
ioz,148
kó,497
óʁ,445
́ʁd,69
ʁdi,69
mit,211
ubv,8
bvɛ,8
bɐʃ,170
sɐt,118
sof,49
ofʁ,53
fʁɛ,62
ɾte,12
át,206
mɐç,43
ujn,41
ujç,92
vɛm,79
ntɛ̃,50
oʃl,5
ʃlɛ,8
wɐb,343
oni,242
son,125
mbɛ̃,8
nok,4
oke,5
kê,45
tit,293
itu,256
tuj,120
fɛt,414
sɛd,238
tui,47
́ʁɛ,54
mɛã,55
ɛão,286
ʁɛɐ,90
ɛɐl,94
lmɛ,170
ʁɐn,172
ɐon,21
uju,84
wɛd,14
bil,405
lit,150
oɾo,249
tot,78
dʁɛ,103
viz,136
izi,349
zit,80
ɾom,190
ʁiz,18
odʁ,26
�ɡɐ,2
iwɐ,9
nsu,224
sum,152
ɐɾb,56
ɾbu,8
buʃ,235
tâ,21
ân,217
ɛɾɡʷ,13
ɡʷɛt,2
iwl,10
kɛɾ,45
flɛ,74
lɛk,71
ɛkɛ,18
kɛf,299
ɐls,85
lsɐ,98
ʁɛɛ,89
ɛɛn,90
niʃ,150
sɛ̃ã,72
ɛ̃ão,72
iɡn,382
ɡni,187
nif,40
ikɐ̃,71
ɛmu,201
mun,291
uno,109
jʃm,30
ʃmɛ,59
ɾia,7
iá,32
ɐlb,19
lbɐ,16
mɐʁ,25
kif,29
ifʁ,35
ʒɛo,293
ɛov,29
ova,32
vá,82
áʒ,12
́ʒi,94
iɾe,10
uɾɛ,152
ɾɐj,27
suj,74
bɛd,308
ɐnu,146
nun,364
buʒ,6
muɛ,157
uɛl,194
pil,20
ild,28
idl,1
dlɐ,1
lɐf,5
tuɛ,10
bɛk,39
onk,68
nku,91
kub,71
ʁew̃,9
ew̃a,1
w̃á,1
tɛb,20
ɡɐã,1
tɐa,1
ɐɐk,39
ɐka,73
tɛɐ,73
ɛɐɾ,146
ɾbɐ,141
ajm,77
ltɛ,121
ɛnũ,168
vɛd,74
nkl,131
kli,136
von,30
vim,83
ɛfʁ,270
fʁõ,15
ovɐ,267
ɐkp,6
kpɛ,6
ulk,32
lkɾ,28
kɾo,83
wuç,44
uçɐ,29
ɛʁɛ,78
klo,147
nfi,259
sui,47
põɛ,89
kok,56
ɡʷiɾ,131
dɐt,37
iɾt,21
ɡó,64
ós,134
zop,5
pot,14
ota,21
âm,196
̂mi,50
ɐʒo,16
ʒow,324
wɛl,74
íɐ̃,26
̂ʃi,3
ʃit,3
nɛv,51
onz,193
ɐba,100
kâ,185
̂nt,77
ziɡ,52
ɡnɐ,139
iɾʒ,52
ɾʒɛ̃,36
nke,42
kew,36
pɛʒ,10
ile,53
́sp,16
spɛ,29
uls,61
lsɛ,18
foʁ,14
ʁɐʒ,63
ɡʷio,15
lɐb,98
ɐbã,58
bão,56
dɐkʷ,181
zɐʁ,22
ɛow,155
spo,37
umb,44
uʒɐ,101
oʃp,80
kɛɡʷ,37
ɡno,78
ɛbi,117
ndu,128
dɛk,179
ɛkl,120
jmo,51
ʒó,88
́iɐ,239
zio,120
ksa,17
lɡn,87
ɡnʃ,87
miɾ,154
́ɐd,7
boʁ,33
oçɐ,48
́ʁɐ,28
nʁã,17
okʃ,4
kʃã,4
diã,43
iʃb,25
ʃbɐ,32
bɐkʷ,10
sua,11
uá,185
uɾĩ,14
wmĩ,1
Hɐn,58
bid,76
ida,12
ɛld,69
lda,3
ád,22
́di,108
onɡ,307
ɡɾɛ,375
nɛb,67
bɐj,4
jot,17
ɐbd,27
bdɛ,2
dɛɛ,25
ɛɛl,92
mib,6
ibʃ,4
bʃã,5
dũa,5
ũá,8
mɐs,9
sʃa,20
ɐfi,48
fiʃ,12
ɛdɛ̃,37
dɛ̃a,3
ɛ̃á,8
pɐm,13
ɾib,484
ibo,356
koɡ,1
oɡʁ,45
ɐme,7
dãɐ,9
ãɐɾ,9
lut,12
sul,86
ump,200
mɛo,21
ʁuj,20
ujv,25
zɐu,92
ɐú,128
ɡɐʁ,18
ʒɐk,344
ɾit,292
ɡʷiz,10
ɛdõ,94
moʒ,24
ɛpl,20
wɛʃ,32
ilm,8
ulp,156
tup,10
upl,29
plo,113
sʃõ,61
ʃõɛ,103
viç,130
tul,42
ulɐ,84
itn,2
tnɐ,1
ɡʷɛz,4
ɐüz,1
üzɐ,1
zɐt,28
dia,9
iaj,110
Hɐʒ,15
not,96
oti,68
udi,42
bɐz,147
ɛlõ,20
ɛnf,115
nfɾ,26
fɾɐ,62
ɾɐkʷ,41
ziɐ̃,98
ɐlʒ,8
lʒɐ,7
boɾ,204
ɾɐʒ,75
ɐʒe,34
ʒê,23
̂lɐ,46
kʷil,66
bon,61
onʃ,25
ɛva,31
loa,22
ɛlu,21
ɐlp,40
wuo,65
uoʃ,29
izu,21
zuɾ,103
koç,57
ɡɐt,105
lpɛ,37
lpo,3
ow̃o,1
bɛj,168
jʒɐ,24
́ʁt,34
ʁtɛ,4
nda,99
dâ,67
ɾiɡ,97
ɐmt,2
mtɛ,9
uɾv,35
ɾvɛ̃,13
wɐm,9
ilɛ,207
ɐʒã,36
ʒão,35
pɐz,45
ziɛ,48
sɐk,396
ɐku,62
ʒuɡ,58
uɡo,49
iɐv,50
ɾop,196
ɛfu,98
ʒiɐ,66
fuɾ,155
ɾoɾ,113
ɛʃv,209
ʃvi,185
kʷɛç,27
ɛʃf,152
ʃfi,29
nfɐ,35
wɐn,12
biɐ̃,41
dil,58
tɛa,25
ɛme,22
ɛʁi,84
ʁí,30
ív,74
lun,204
unɐ,295
̂sɛ,39
ʁɐkʷ,63
lve,7
sia,21
ʁɐç,44
há,41
éi,255
nfɛ,84
ewn,67
wni,32
niw,9
ilp,7
fɐʒ,210
ɛku,127
ʁú,73
úb,119
́bɛ̃,72
uda,772
bɛɐ,13
lɡo,18
ftɐ,52
ɐfo,27
tun,6
ndɾ,10
dɾa,6
́ɡo,9
ʒɐʃ,97
Há,3
luɡʷ,3
bul,126
ulõ,45
dĩa,8
ĩá,69
ób,60
́bɾ,69
oʃe,239
fuj,42
lpi,53
pik,13
ɐmɐ̃,119
uɾt,39
bod,92
ɐlɡ̃,171
ɐnk,186
pla,6
́tɐ,46
pun,53
ɾɐk,43
ioɾ,129
ʁiɐ̃,11
bʁɛ̃,21
unʒ,113
nʒi,174
ʒiʃ,55
miw,83
oʃkʷ,60
ʃkʷi,33
kʷiɐ,271
ilu,19
ʒil,192
ɛɐd,222
lkɐ̃,59
kɐ̃ç,70
ujz,14
jzɛ,9
tiʃ,52
iɐm,90
saw,426
awd,47
wdɐ,32
vɐo,12
nsɡ,127
sɡɾ,127
ɾɛs,91
uɾi,240
zɐm,178
óv,13
õɛn,11
lɡʷɛ̃,6
unk,204
dɐç,101
fʁi,15
ʒɛɐ,49
oɾz,34
ɾzɛ,34
ewt,1
wtɛ,2
ʒɛɡ,1
sɐɐ,14
ɐɐd,4
ɐdu,102
dut,31
ɛɛd,41
izp,40
zpa,40
viʒ,54
ʒiɛ,9
nɡe,171
kʁi,287
mno,91
ɐɐn,25
ɐna,28
sɐʒ,123
tó,89
omu,4
fid,80
kɐʒ,78
ʒɐd,70
vɐk,38
pɐç,30
ɐpl,37
lɐk,15
ʁɐj,182
jɐl,156
vaw,11
bokʷ,9
ʁib,174
ibɛ,301
iʃɾ,2404
ʃɾɐ,2401
ɾɐɛ,2400
niɛ,97
iɛl,258
dʁi,24
úl,68
́lt,59
ʁiɡ,47
ɛma,87
ɐkɛ,48
suk,20
kot,26
bɐʁ,38
ʁɐk,11
Hɐm,67
loe,7
́iʃ,51
uoz,28
ɡʷɛm,12
jço,16
ow̃z,1
w̃zɛ,1
ajl,49
jlɐ,21
ita,51
ɡoz,144
zia,61
pʁi,80
ʁiɛ,12
iɛd,55
ziʒ,111
iɾd,44
noz,228
hon,84
onʁ,111
ɐki,91
́fi,124
itɛ̃,11
ziɛ̃,1
çoz,33
bɐm,36
ziç,24
içõ,33
ɡʁɐ̃,38
ʁɐ̃ç,27
sɐkʷ,34
kʷɛɐ,22
poʒ,122
oʒɐ,50
uɾb,73
ukɐ,25
ɐ̃ça,10
puɾ,277
ɾif,142
ɐnɡ,134
nɡu,96
ɡú,99
tiɐ,206
ɛlb,6
lbɛ,7
ifɛ,57
fɛʃ,322
éb,17
́bo,26
lom,70
bɐk,3
lib,138
ibɐ,142
bɐç,66
ɾɛk,35
kuʃ,18
jɾl,3
bɛ̃o,1
ɛ̃ô,5
ɛnʒ,184
nʒɐ,190
lɛe,2
ɛé,2
iɡd,12
ɡdɐ,10
lɛd,5
ɐol,31
íb,130
́bɐ,176
zib,48
bɛã,47
lif,26
ewɛ,21
ʒɛu,77
úʃ,9
ɐlã,112
tɛ̃ã,8
zɛf,17
ɛfo,11
ɐtã,76
imn,25
ɐɐt,35
iʒa,15
lot,36
otã,32
Hoɾ,65
Hɛ̃ã,16
lvã,1
õão,285
́ɐʃ,294
ɾma,9
Hɛn,9
ndã,2
ɛʃb,72
ʃbã,2
itʁ,30
tʁã,3
ilã,16
zɐɐ,10
ɐɐv,8
ɐkã,13
bɛo,19
ɛoɾ,49
boʒ,10
oʒɾ,7
ʒɾɐ,12
Huʃ,5
uʃã,52
vit,332
ʃâ,5
ɐʃɾ,7
ʃɾɛ,4
awl,410
bɐɐ,177
ɐlɐ̃,56
lɐ̃ã,8
ɐkb,9
kbo,7
pɐu,1
mɛɛ,37
ɛɛt,3
ɐɐb,14
tɛt,20
inõ,15
ibz,3
bzɐ,2
ɐɡd,10
ɡdi,2
diɛ,13
ʒov,31
ovɛ̃,17
ɛʒl,14
ʒlɛ,13
zif,24
́vɐ,71
dɛɐ,34
dõi,47
õí,58
nio,118
luɐ,55
ntɐ̃,77
nsp,64
fmɐ,1
tɐf,8
çɐj,2
vʁa,15
ɡɐk,4
́ls,20
miʁ,14
iʁɐ,14
ʁov,17
ɐlç,89
lçɐ,75
çɐn,28
ɐʃɡ,54
ʃɡo,34
inʒ,110
ɛsk,24
skl,13
kuz,61
sɛo,61
ɛol,63
iɐl,68
pit,122
itã,64
dul,37
Hiɾ,23
uʃs,35
niɐ,496
̂mɛ̃,6
vɐt,8
viu,53
iú,113
úv,61
soɡ,36
ɡʁo,96
piw,2
iwv,5
wvɛ,4
ɛna,33
jɐm,7
ɡɾa,18
́vi,27
jmɐ,293
nsɛ̃,18
ʁɛʒ,226
ɾɛɛ,70
stɐ,31
pó,167
ɡɾi,114
ʁsɛ,20
zoʃ,309
niɡ,167
nid,182
kuj,61
ujd,91
jdɐ,123
kop,50
opɛ,107
fɛn,79
ɛtɛ̃,15
ɾpɾ,54
kɐk,39
taw,25
awɾ,36
wɾɐ,21
mpa,32
ajs,24
jsã,24
são,24
mɛ̃ç,13
ɐʃm,31
ɐzɛ̃,79
wɾo,7
nil,14
kɐʁ,244
ɐʁi,7
ʁiç,1
çɐl,8
jɐʃ,158
piɡ,31
miu,20
úd,58
áb,471
́bi,318
bio,291
ɐpt,3
ptã,1
hbɾ,1
bɾe,1
nol,7
ɛto,283
ɾbɛ,8
fɛɐ,12
ipi,17
iwd,1
sɛã,42
ví,96
dup,8
bɾɛ,60
ʒɐz,61
ɛjɛ,33
dmi,37
́ɐm,24
ɾon,457
ɛls,17
lsi,27
nɛt,93
laj,82
zɐf,142
ɐfn,4
fnɐ,1
tɛp,15
nɛã,4
jti,34
nɐs,143
sʃe,192
fʁa,143
ʁaj̃,135
ɐʃp,61
piɐ,199
ziʃ,84
via,21
nte,12
́ʁp,45
ʁpɾ,3
kɛʃ,8
iʃõ,38
lɐʒ,11
wim,4
ɛjl,40
jlo,5
ʃfɐ,109
wun,5
wno,1
ɡɐo,4
kãʃ,10
lta,45
pɾa,10
spɾ,6
ɐdv,100
dvɛ,98
́nɛ,14
iku,6
tɛo,21
fiɐ,125
́sɛ,85
oma,37
ɐ̃ê,9
̂nd,16
dob,26
jod,19
ʁim,86
bɛm,56
ewv,1
wvo,1
ãɡɐ,1
siã,271
ião,388
bɛ̃e,6
ɛ̃é,16
év,2
́vo,2
̂mɐ,115
bom,187
ɾçõ,16
ɾçã,72
ɾãʃ,13
uʃk,203
ʃɡɐ,104
ud�,2
liɡ,72
ɛɡa,40
ɡaj,70
tɛç,9
ɛça,16
ʁɛç,25
jlɛ,38
pob,136
ɡlo,299
fɐm,89
ɐlf,25
lfɐ,2
fɐj,11
jow,4
ɛɐn,31
Hɛʒ,19
ɛʒɾ,31
ʒɾõ,18
ʒɛm,66
ʒɐkʷ,11
ɐkʷĩ,77
ɐnɐ̃,14
nɐ̃e,3
ɐ̃é,37
ʁsõ,30
wɐt,48
ɐmu,162
tol,47
puv,4
iob,1
nʁõ,5
fiõ,1
Hɐɡʷ,2
ɐɡʷi,6
sun,15
ɛʒb,2
ʒbõ,2
má,4
iʃv,8
ʃva,3
kʷiɛ,34
bɛkʷ,7
ɐʃb,21
ʃbɛ,7
êʁ,10
̂ʁɐ,10
nɐɐ̃,24
ɐɐ̃ã,19
ɛí,15
mup,1
upĩ,7
Hup,3
Huz,17
zɛɛ,14
ʒɛz,125
nɡo,42
inf,82
kup,30
upɐ̃,3
iɛm,16
mɛs,5
d�n,1
�no,1
fin,92
oɾp,56
ɾpo,50
án,7
́no,7
zol,104
Hoʒ,15
kɛm,4
duç,2
uçã,26
ʃfo,26
ɾol,41
ɛle,48
poz,66
wil,11
zɐɡ,6
zɐn,43
pɾĩ,32
ɾĩi,32
ĩí,46
viɡ,49
ɛɛm,13
ɛmĩ,2
mĩe,2
ĩê,2
lio,115
ble,55
ʒɐʁ,9
kɾu,35
ɾuɛ,17
loz,81
lɛã,82
ãoz,26
lɛo,53
ɛtʁ,117
wto,6
idu,37
ɐɾ�,1
ɾɐl,77
vɐç,101
ʁɛa,11
ɛaj,157
ndɛ̃,40
muɾ,228
okɛ,7
kɛd,6
mba,30
joʃ,82
oʒo,92
ɛkt,33
kti,13
ɾuç,23
çãɛ,1
éd,88
pɾɛ̃,5
uɾs,27
ɾso,81
ɛlm,26
lmi,2
tʁi,70
ibu,130
buj,47
mɐkʷ,66
awm,41
lɛʒ,257
ʒé,14
én,12
́nʃ,12
itõ,3
ʒiɐ̃,19
soɾ,217
nfĩ,10
sif,5
pua,1
vɐv,47
ɐɾʒ,72
ɾiɐ̃,105
iɐ̃ç,99
oto,104
iʃe,756
ʒip,5
ips,5
nʒu,50
́ʃi,112
ʃim,112
kʷɛʃ,31
spu,57
dɛf,188
ʒí,21
́po,3
ɾɛb,40
ɐɾç,28
ʁɛs,32
imɛ̃,2
iɾl,11
jɾd,15
hó,3
çɐɐ,3
ɛjɐ̃,68
lɛp,54
okü,1
uɾd,21
ivɛ̃,8
ɛjs,12
jsa,12
sá,14
kʷiʃ,108
nɡʷĩ,12
ɡʷĩa,12
lɛb,116
olɐ̃,10
upɛ̃,1
ɾɛf,18
izɛ̃,63
́ʁɛ̃,38
ɛʃɡ,80
ʒui,184
íz,231
́zo,138
́bn,8
bni,11
muz,15
ʒokʷ,3
kʷɛb,203
nof,2
fɛɡʷ,4
zik,31
ikʁ,20
ɛlz,5
lzɐ,5
ɐfã,37
dɐb,68
nɐz,46
ɐzõ,10
biu,13
ɛɐz,91
ɛlk,24
iɐz,44
ɾɐi,46
ít,54
tiɛ,14
fĩe,25
ĩé,33
lɐɡ,37
obs,112
bst,36
̂ʁt,1
noʒ,10
ɾnɛ̃,9
ʁãʃ,13
oɡa,22
ajb,63
jbɐ,41
tio,42
õɛt,15
ʃtĩ,3
tĩç,3
ĩçã,3
nve,10
ɾtɛ̃,12
sɛkʷ,31
umo,25
jvɐ,42
ovõ,13
võɛ,17
ím,166
́mp,144
sɛv,62
ɛlt,19
jba,7
ɡɐf,24
ɐfɐ,81
fɐn,121
lɐç,353
ola,29
lso,48
ɛnɐ̃,116
omɐ̃,16
ʃsɐ̃,32
jɐn,6
ɐma,66
tõa,9
õá,31
bɾa,38
kʷɛj̃,6
ɛj̃a,6
j̃á,6
́sk,61
sko,50
zɛk,74
bʁa,8
hiʃ,12
mbɛ,105
jdo,35
ɛʒs,7
ʒsɛ,7
çá,9
iɐʒ,16
nɐ̃ç,85
bsɛ,83
ɐɾõ,43
ɾõɛ,17
bib,9
íʃ,32
lɛa,32
fut,16
utu,20
fɾo,92
nɛm,19
ɛtã,23
ɡʷiɐ,87
zɐp,36
uvɛ̃,94
ltɛ̃,12
mpɛ̃,4
piH,4
iHa,4
Haj,5
ɡdo,10
ɐlz,7
lzɛ,7
ɛfõ,19
tãɛ,24
iɛt,30
ɾkɛ̃,2
dɛo,18
ɾɛɐ,19
iɡi,6
ɾoç,15
iwn,8
wnf,7
ubm,17
bmɛ,17
ɛʁu,80
ʁub,91
wɐl,9
iʃf,36
pʁɐ,67
ɐfu,14
uvo,115
tua,145
pɛt,85
ɾiã,16
tiz,132
dɐ̃ç,28
uɾm,73
ɾmu,34
ɛlĩ,8
oʁi,47
ʁid,50
kõi,2
olɛ̃,7
uɾa,22
kod,106
ɾni,64
upɛ,64
ɾfi,22
bɛʒ,18
ipa,17
mɐ̃a,12
wɛn,33
iba,22
ʒoz,284
ozu,231
zue,204
ué,211
Huɾ,30
mɛ̃o,28
ɛ̃ó,36
ái,1
́í,1
ɛʃa,10
ɛvɛ̃,19
ɐɡɐ̃,12
ubs,41
bsi,40
áɡʷ,25
́ɡʷi,25
uli,4
kɐo,7
ɐvɛ̃,3
uba,11
lâ,66
̂mp,59
pɐɡ,129
ɛɡɐ̃,18
fiɡ,39
ɾdɐ̃,22
Hon,4
onɡʷ,15
nɡʷɛ̃,8
obi,58
biç,20
buɾ,6
ofɐ̃,1
fɐ̃a,1
dɛɡ,33
ɡʁa,27
ʁaw,21
soz,20
sov,3
sɐɛ̃,13
ajç,19
ɐbs,139
bso,5
paw,27
ɛzu,131
zul,124
ɾbi,5
bí,4
́tɾ,137
ɡol,95
olp,15
dɛ̃ç,10
zɐç,10
ɐɡa,6
ɡá,25
dʁã,15
tʁɛ̃,7
óp,173
́pɾ,148
obʒ,32
bʒɛ,32
ɡʷɛl,4
ɾʒɛ,35
́ʁf,47
ʁfã,37
fão,39
kãɛ,17
ktu,1
uɐɾ,43
fɐv,92
ldɛ,259
ɛɾʃ,84
ɾʃa,80
nikʷ,23
ikʷi,14
fuʃ,24
iks,50
ɐçɐ̃,25
ɾʒi,73
sɐf,54
nob,52
́bu,118
buɐ,88
tof,48
ofo,14
ɐzu,89
úʁ,57
ʁpu,42
ɛzĩ,48
pê,3
olf,13
lfi,13
ól,58
́lɛ,67
ũçã,25
ɾõ�,1
õ�t,1
�ti,1
nis,4
éf,52
́fo,51
fod,51
ák,177
́ku,190
ulo,253
old,18
ldu,10
opi,36
ubĩ,24
niç,25
ʒɛl,26
hɐʃ,19
pɛv,8
nʃi,68
oɾs,34
ɾsi,80
ɛnl,15
nlɐ,10
ɡɾu,13
ɾup,14
ɾɐp,24
olk,23
lkɛ,22
kɛt,23
ion,37
vɛs,14
uʃp,29
ɾfo,7
ɾiv,64
èk,1
̀ko,1
nʃã,68
tɐk,42
zɛs,22
ɛsɐ,5
sɐɡ,133
́bɛ,9
kid,2
unɐ̃,7
lɐp,2
ɐvu,6
vuɾ,6
jɐz,8
tɾɐ̃,33
iʃo,6
umĩ,9
bʁũ,2
ʁõã,24
õãʃ,19
tɾɛ̃,10
dó,33
lçõ,3
oʁɐ̃,13
oɾõ,16
̂ʁl,3
ʁlɛ,3
íɡ,40
oʃa,25
skɾ,21
pol,28
fih,1
iho,1
hoʃ,6
iɐç,116
ɾɛa,154
́nu,42
ziã,18
ɾõa,22
ũçõ,5
ɾfu,22
́lb,1
́sĩ,1
sĩa,2
îʁ,6
̂ʁi,6
sie,12
iê,28
iɐb,27
ajz,13
jzɐ,6
ofɐ,108
iɡe,46
okl,53
olɡ,9
mpe,13
pew,12
uço,7
kʷɛo,3
́ʁn,16
ʁni,16
Éʃ,15
mom,33
ovã,6
jɾɛ̃,2
tuɐ̃,1
tsb,1
sbu,1
ʃpl,62
imu,104
h�b,1
�bɛ,1
ɛɾe,80
ɾsɛ̃,4
wib,3
ibi,5
inkʷ,32
ite,23
niɐ̃,3
ɛlɡ,1
fio,18
ɛke,13
nsk,9
ɐbl,1
blu,1
luç,4
uçõ,4
zɐv,29
kiɐ,3
ɡʷiɐ̃,6
ɐkũ,5
pɐp,2
ɡɾã,17
ɾâ,11
onu,26
ubo,26
obt,12
ɛso,5
kõe,18
õê,11
loã,7
oão,168
ʃfɾ,6
omĩ,40
mĩa,44
obl,13
pɾɐ̃,6
iʒe,2
nʃa,16
ubʁ,21
ɐʃɡʷ,3
ʃɡʷɛ,3
íɛ,29
́ɛj,26
ʁɐz,28
zoa,2
ʁum,23
ɾoɡ,9
mĩã,3
ĩãv,1
ãvɛ,1
ʃof,2
çoɾ,3
lkã,4
ɾuʒ,8
mok,2
vot,42
viã,3
oɾu,5
oɾf,7
but,47
ndɐ̃,56
hɐɡ,6
́ɡɾ,28
úp,53
́pɛ,2
oɡã,1
ɡão,13
odɛ̃,34
flu,31
luk,47
stu,5
luʃ,26
vɛt,13
ʁiʒ,22
piʒ,3
iʒɛ̃,14
biɡ,30
ɡod,3
dʁo,87
loɡʷ,5
ipu,1
ɛʒɛ̃,3
nkʷɛ̃,2
ʒiã,80
tuɛ̃,2
kʷid,15
ʁiv,3
lokʷ,10
vom,8
ɐja,13
jaj,14
ʁɐb,130
bɐɡ,9
zɛp,12
ɛpç,9
pçã,15
mɛk,5
ɛks,13
ɾikʷ,1
ɾuz,618
ɾɛi,1
jɾs,4
ltɐ̃,18
uʃkʷ,20
dú,40
Hɛɾ,24
ɾɛ̃ç,3
ipɐ,18
zon,28
mɐz,82
ɐ̃ão,1
ík,17
ɐnɛ̃,2
lvɛ,40
ʒaj,52
oʁu,9
ʁup,9
upç,6
ɐlɡʷ,6
jbɐ̃,14
ɐʃf,29
ʃfɛ,41
fɛm,24
ɾɐɡʷ,4
ɐɡʷɛ,66
ɡʷɛʒ,3
dib,16
ibʁ,11
üin,3
kɐɡ,11
ɐɡe,5
vos,1
osʃ,4
sɐo,6
ukʁ,14
kʁo,21
ziv,6
ɐnz,13
nzi,6
ɾɡʷi,2
fɛb,2
ɛɾb,73
ɐɡl,1
ʁui,76
fuɡ,7
foʒ,24
hô,10
lku,2
ewɾ,5
miɛ,21
zuɐ,18
Hɛl,26
́dɛ,50
liɛ,26
dɐz,9
ɛô,5
okʁ,7
kʁã,5
́ɡn,26
ɐjɛ,6
jɛz,4
vik,1
ɛnɛ̃,1
ibn,21
mɛi,3
bia,6
ivɐ̃,5
wnd,1
inɛ̃,7
siu,17
siw,1
iwm,7
wmɐ,1
nɐɡ,7
ɡʷɛd,3
ʃpa,8
́du,7
duo,18
uod,18
ode,20
lɐã,70
çɐv,19
tiɐ̃,27
zɛt,73
lço,10
tɐɡ,11
Hob,3
uʒɐ̃,5
iʁo,5
vul,7
pɛp,3
ɛpi,16
lõɛ,14
poʁ,1
win,17
́mo,5
ʃtɛ̃,12
ɾoi,1
oí,15
kʷib,6
ʁot,55
tɛH,33
ɛHɐ,37
Hɐt,22
tɐɐ,24
uki,9
kit,9
fiɛ,45
iɡm,17
piɛ̃,2
muɐ,5
zɐk,52
ʒɛf,44
fõe,15
ód,6
mik,107
kɐɛ,10
vof,1
ofs,1
fsi,1
ʒew,13
ɾça,8
aj̃ã,4
sɛz,9
ɛza,11
zaj,66
lma,8
zoã,6
pia,2
jɾm,4
fɛz,30
dɛç,17
umɐ̃,5
ubl,28
blɛ,7
jʃn,4
ʃno,21
ɐʁɾ,1
ʁɾɐ,1
ɛɾç,20
onɐ̃,10
jta,18
ɾta,28
oʁɛ̃,22
uɾɐ̃,31
ɐɾĩ,38
fɐʃ,28
ɾnõ,24
vɐɛ,6
ɐɛb,1
suf,5
ufɐ,14
uɐç,3
ɾdõ,3
dõɛ,10
mot,94
piʃ,24
iʃɡ,10
siõ,37
Hɛʃ,39
ʃbõ,38
́ʁb,31
ʁbi,31
çɐz,6
kʷɛ̃o,7
ɛɐm,6
ibõ,9
ofa,4
ɐʃã,64
lɐkʷ,67
zip,29
ipo,13
nɡʃ,25
ɡʃt,25
kɐ̃a,10
tɐz,19
ulʃ,1
lʃa,1
oze,4
nka,2
ɛHu,2
zot,1
zof,10
ofĩ,2
voɡ,8
ɐkl,12
pɛo,14
ɡɐɡʷ,7
ɛʃi,23
oɾɡ,10
ɾɡl,15
wɛz,14
naw,3
ɛon,14
koʒ,9
oʒb,2
ʒbi,2
hɐn,1
okʷi,1
lui,10
hɛʒ,2
ʒɾo,3
wli,1
hɐɡʷ,1
ɡʷit,1
oʒn,2
ʒni,2
lɐi,24
zub,10
iɛz,10
iɛʒ,5
ʒɾi,15
hɛl,1
ʃɾi,4
sikʷ,3
Hɛf,12
hɛf,1
lof,11
Hoɡ,7
oɡl,7
ɡlɐ,15
iɾz,20
ɾzɐ,20
tɐã,2
fuf,2
ufã,2
huf,1
suã,1
uão,1
mni,2
mpõ,1
õɛl,4
mis,11
isʃ,19
nkʷi,29
iʁɛ,7
ɛfl,7
nul,9
�kʷi,2
ula,4
ɐjɐ̃,11
ɛkʷɛ̃,7
iɡa,25
ɛbã,1
bɛõ,1
ês,5
ɡʷil,10
kuʁ,11
uʁa,7
ɐke,23
ubʒ,11
bʒu,11
lpa,3
wɛɾ,22
ofã,1
ʒoɡ,2
oɡb,2
ɡbɛ,5
bɛa,43
mɛõ,5
sib,11
ibm,5
bmɐ,5
oba,20
dof,2
ofk,2
fkɐ,2
itm,3
tmɐ,3
bnɐ,28
kʷɛɛ,2
itk,2
tkɐ,2
Hɐʃ,10
ʒɐɐ,35
oɾH,3
ɾHɐ,11
idɡ,2
dɡɐ,2
ʒot,26
otb,4
tbɐ,5
omʒ,7
mʒɛ,7
ʁɐɡ,2
unõ,2
omɡ,3
mɡɐ,1
omf,1
mfɐ,1
omd,2
mdi,2
ibl,18
kʁɐ,7
ɐɾH,5
ɐʒm,11
ʒmõ,2
ɾɛ̃ã,2
ɛfã,2
iʃl,6
ʃlõ,1
bukʷ,13
ukʷi,11
óɡ,1
́ɡl,1
ɡli,4
Éf,1
ift,4
ftã,1
aju,2
jú,2
lô,285
dɐɛ,1
fú,71
úʒ,69
ʒio,95
puʁ,7
uʁɐ,10
nui,11
suɐ̃,3
ufɛ,10
spl,8
lɡa,7
opu,11
ɛzũ,5
zũç,5
ũço,1
dov,9
nzu,1
zum,3
ɡob,7
ɾmõ,16
ɾiõ,12
nib,6
klu,12
luz,13
ʁoɡʷ,2
iva,14
uaj,9
dɐj,2
vɐj,23
pɐɡʷ,16
ɐɡʷɛ̃,1
ɾva,16
jɾɐ̃,13
olã,4
jdɛ,1
ewɐ,6
nuɛ,16
ɾuɐ,10
Éʁ,1
tɛ̃e,2
ɛ̃ê,3
piɛ,48
tʁĩ,3
ʁĩo,3
ĩô,5
wɛ̃ç,11
ʃpõ,6
nfl,12
ʁop,6
́tɛ,23
nɛk,24
ɛki,6
otɐ̃,2
ɾpi,20
piõ,6
iõɛ,14
pɛɡʷ,6
ʁoʒ,25
ɛɐç,4
jɾv,2
ôd,11
̂dɛ,9
ɡdɡ,2
dɡo,2
ɾô,46
̂di,2
nsĩ,1
izĩ,4
ilɡ,40
vɛɐ,10
jmɐ̃,5
íʒ,13
lop,2
ʁis,1
iʒɐ,50
pɾe,6
kʷiv,3
sɛ̃a,5
jzo,12
buk,92
oɡn,3
ʒik,5
dvi,1
ɐʁa,24
ajɡ,22
jɡɐ,28
́kɐ,2
dikʷ,2
opɐ,57
puk,5
tiɡʷ,11
iɡʷɛ̃,2
bɛʁ,5
ɛʁã,2
iɾu,3
ɾɛʒ,8
ivu,5
uku,19
otu,7
uɾn,9
lfo,5
oɾʒ,15
ém,5
́mk,1
mkɐ,1
́bl,1
bli,25
ɾfã,2
ols,8
jɐɾ,22
bɾu,13
ɐmɛ̃,10
ʁuʒ,30
uʒɛ̃,13
ɛta,24
hoʁ,22
nlo,2
wukʷ,3
ukʷɛ,31
ton,10
ɾoʒ,26
mim,6
ɛɐʃ,23
tɛ̃i,9
ɛ̃í,11
pão,2
ube,1
ajʒ,21
uçɐ̃,8
ɛmɐ̃,12
nɐj,8
uɾũ,4
ɡɾo,14
dɛ̃o,3
ajd,70
zɛɐ,7
vɛk,4
sɐç,3
çon,2
ʃvɐ,28
́nɐ,61
udɛ̃,2
aws,24
wsi,24
sí,29
ʒɛʃ,61
ʃlɐ,2
ɡlɛ,2
́io,3
sok,62
çɐt,11
ɛkʁ,91
ʁɐɐ,13
ɛjv,34
zob,20
ɛvɐ̃,10
nsb,6
sbo,6
ubɐ̃,5
ʃbo,30
pɐs,3
ʒib,96
ɛɐt,8
Hɐɐ,3
ɐɐɾ,26
dɛa,2
dɐ̃a,2
zɐb,86
bdi,13
tɛA,2
ɛÁ,2
Áv,2
́vɛ̃,2
ɾuɐ̃,1
fis,5
biz,42
oʒɛ̃,12
ʃpu,9
zuɛ,2
ɾki,1
omũ,7
nɡi,5
́nk,7
mut,12
ɛɡl,22
ɡlõ,14
zoɾ,138
ɐtɐ̃,50
tɐ̃ç,27
ɛHo,16
́ms,1
ɐlõ,302
̂ʁs,2
ɐdõ,15
ɛɾõ,4
jol,3
fot,2
maj̃,3
iʒp,10
ʒpɛ,5
Hɐl,9
ɐʃd,20
ʃdo,19
uɾe,4
ʒɛd,92
ulã,36
tɐp,31
ɐpu,9
puɐ,9
fɛkʷ,6
omm,2
mmɛ,39
okn,3
knɛ,3
kʁõ,19
ɐmõ,48
ʁɐ̃a,36
́mi,1
onĩ,1
ɐfõ,2
çɐo,16
bɐi,6
boã,149
Hin,11
ɛft,29
ɐbn,64
bnɛ,63
nɛɛ,13
otn,10
tni,13
ɾsu,12
uɐd,13
ɐbz,4
bzɛ,4
ʒɐɡ,1
kʷĩa,1
ɛlɛ̃,4
iot,6
ɛHɛ,6
ʃmõ,1
uɐl,13
tia,1
lɐɡʷ,15
dmɐ,3
bɐo,6
ɐot,4
ilĩ,1
imõ,24
ɐʃa,12
zɛ̃ã,1
ktɛ,4
oʒk,2
ʒkɐ,2
ɐbõ,1
lɐɐ̃,1
itl,2
tli,1
tɛd,5
dɐɡ,21
ɐɡõ,15
fta,1
ɐkz,3
kzi,3
ɐdʒ,1
dʒɐ,1
ʒɐt,8
ɛzɐ̃,16
zɐ̃a,1
tɛ̃o,1
Hol,3
olõ,3
ɛʃã,12
Hun,1
mɐõ,7
ʒut,2
ʒiʒ,45
ʒɾɛ,44
okd,1
kdɛ,1
dɛã,44
lul,2
ɛkõ,1
ɾkʷi,11
ikm,2
kmɛ,4
jmi,5
bti,2
biɛ,13
kʷĩõ,4
ĩõɛ,4
zɛã,6
kʷĩã,23
ĩão,21
onkʷ,6
ɡna,3
uɾʒ,8
lil,15
kʷɛkʷ,1
ɐvĩ,1
kʷɛf,1
ona,10
ofn,1
fni,1
pɛɛ,1
ɐɾu,25
ɾue,7
ɐzĩ,7
nɛa,4
ɐtõ,2
tɐɛ,2
sũe,3
ũé,3
Hɐf,1
ziõ,3
ɐɐz,50
luj,7
́tɛ̃,1
ɾli,1
jɛl,25
Hoz,9
nɛkʷ,1
ɐʒn,1
ʒno,1
Huk,2
kokʷ,2
iɾõ,1
tlɐ,1
tɛkʷ,5
ɛtõ,9
ɾkõ,3
ɐkõ,2
ʒop,3
lmõ,13
bza,2
zaj̃,1
ɛɛʃ,1
bdõ,8
ɾtã,5
Âʃ,2
mɛf,19
fɐɐ,3
iɡɐ̃,13
liɾ,11
jda,1
nɛɡʷ,6
ɡɐa,4
tʁõ,2
lol,1
okʷĩ,3
die,4
jns,1
piɐ̃,3
ʃãʁ,3
ãʁi,3
ɡmɛ,7
ʁti,31
ɡʷim,3
ʁob,56
obu,6
noã,11
ɛʃn,7
ʃnɐ,5
uva,41
Áɡ,2
ɐʁu,11
ʁuɐ,56
uɐʒ,1
udʒ,1
dʒɛ,1
ʒoa,55
ldo,7
nɐʁ,3
upa,1
ɛɛb,6
lmu,14
doç,5
oçu,5
çuɾ,5
bɐv,7
ɡɐɐ,13
sta,4
ɛnĩ,1
ɐɾũ,2
ɾũa,1
iɡb,1
ɡbo,1
kɾa,3
ɛsa,1
vʁɛ̃,1
ʃɡɾ,5
fte,27
tob,21
ujm,2
jɾi,8
duf,6
iʃkʷ,4
kib,1
ibʒ,2
bʒã,2
Hil,36
noa,20
ɐnʃ,39
mɐɐ̃,2
ɐɐ̃e,2
́dã,2
opõ,4
lɛi,6
ntõ,16
tõɛ,23
nɐk,2
wɛm,3
top,2
inɡʷ,13
ɾɐf,12
ɡʷiʃ,8
üil,13
ɡʷiç,20
̂no,1
ɾɛo,8
ʒô,116
̂nɐ,116
loʒ,23
́mt,1
uɐn,4
lɐj,18
pɐi,41
pɛm,1
ɾço,13
ʒɛʒ,38
ɛʒu,23
ʒuɐ,13
ʁɐi,25
vão,48
ʁud,1
bɛs,12
ɛsʒ,12
sʒi,12
ʒia,3
oê,25
liõ,3
ʁut,15
óʒ,5
oʃi,4
wɐʒ,25
pos,2
ɾɐɐ,4
ʒɛs,44
How,12
jmz,1
mzo,1
ɾoã,10
liu,10
tou,3
oú,3
zuf,5
iʁi,6
ɡâ,18
uɡɐ̃,1
ksɐ̃,10
wɐv,4
nʁɐ̃,1
ɛkü,20
ɛbɛ̃,17
ɾoʁ,2
vib,3
bô,2
izɐ̃,27
pâ,7
kof,4
iki,9
jnɛ,7
ujl,4
ɐlĩ,4
ɛok,2
lte,18
nsf,12
sfo,6
nɐa,13
liɐ̃,29
wdɛ,4
vãʃ,10
jtɐ̃,15
ubt,1
ɛʁa,1
ʁâ,1
nɛo,2
buj̃,1
ɡʁõ,2
́ʒɐ,3
jtu,14
boz,36
sɛ̃e,1
ɐkk,1
kka,1
zaw,2
ɾsa,1
ɐɐʒ,19
laj̃,3
muʒ,4
liã,10
sɐ̃a,103
ʃkʷɛ̃,4
zud,1
ʃdɐ,2
pɛã,3
́ʁɡ,4
ʁɡã,4
umu,3
suʁ,3
uʁã,1
bui,8
nkɾ,7
jɛʃ,2
zɛv,1
ék,10
wʃe,2
ɐɐʃ,33
vɐɐ,1
wɛɡʷ,5
́mɐ,1
Ákʷ,20
wid,8
tuʒ,1
ɐmm,31
wus,1
use,1
ife,2
few,2
Hɐkʷ,5
ɐbɐ̃,4
nvɐ,14
áH,1
́Hɐ,1
owe,4
wew,4
dvo,1
voɡʷ,2
nɡʷi,5
ɐkɛ̃,1
̂mn,1
ɛɡʷɛ̃,25
̂nk,1
iza,29
ujɐ,25
ɐokʷ,1
ɾzi,13
uɾʃ,3
ɾʃã,8
siɛ̃,3
ilb,8
lbo,9
ɡʷɛɐ,16
sku,13
wdo,2
ifm,2
fmo,1
pub,20
ɡʁɛ̃,6
kuo,2
lɛõ,36
ɛõɛ,36
mnõ,29
bsɐ,123
ʁɛã,2
ɡla,4
ʒpɐ,5
sfɛ,5
baw,5
wɾĩ,5
ʃɡa,1
ʒiv,5
ilõ,14
lfɛ,17
vɐi,1
bɐɐ̃,12
fib,16
lõã,284
faj̃,6
jɐo,2
lʒu,1
uʒa,18
ajo,6
jô,6
́mb,16
zuʒ,2
ʒú,47
iʒɐ̃,5
tɛɡʷ,1
ɾde,4
toi,2
wda,2
ɛoz,93
ɐfa,84
jlu,5
dokʷ,111
ivã,37
nɐi,45
wjɐ,116
jɐd,60
lod,8
ɐnũ,11
ɐlɛ̃,15
tɐʒ,10
ʒɐo,2
́dɾ,1
dɾu,1
ɛmɛ̃,36
ɛʒũ,17
oki,5
kik,3
ʒuɛ,1
uɛj,7
ʒon,20
sĩe,8
iwɾ,1
koi,7
oʒi,18
ʃú,51
vɐɡʷ,15
dʁõ,13
uza,15
jʃt,2
wiv,21
tɐkʷ,7
ɐɛm,2
ɐɾz,13
ɛjɡ,6
ʒim,6
mpɐ̃,3
pɐ̃a,3
ɡʷɛo,3
ʃtõ,6
fie,15
jɾn,1
ude,98
ʃbi,7
ʒiɡ,8
huz,5
éo,3
́oɾ,1
ɛʒĩ,1
vokʷ,9
ɾvõ,2
ɐ̃çɐ̃,13
ɐoi,5
una,1
Hid,1
lbõ,2
ʒmɐ,9
ajã,3
jão,2
ʃba,2
pɐɐ,10
ɐtĩ,1
tĩH,1
ĩHo,1
Hó,1
́ds,1
dsi,1
dɐʒ,1
ʒɐã,1
ʒlo,1
ɾɐu,8
zɐɡʷ,5
él,3
ʃçɐ̃,5
jnɐ̃,4
nɐ̃ã,3
ɐ̃ãɛ,3
pɾu,42
ɾud,40
iɾn,2
bud,2
bdɐ,2
nɛH,29
nɛd,2
ɛHɐ̃,2
Hɐ̃ã,65
Hɛz,5
okm,2
ɐza,9
ɾua,2
dɐk,1
ifs,2
fsɐ,2
lko,5
ipʁ,12
otõ,2
unf,4
mof,8
lob,8
iça,10
nzo,7
́pl,49
fũç,3
pɛf,2
puʒ,7
muɡʷ,3
lɐu,17
ɐb�,1
mbu,2
áf,4
ɾfĩ,10
ɐvõ,2
lkõ,5
fnɛ,3
nub,3
ɛzõ,1
ɾob,109
kʷɛ̃e,1
udɐ̃,11
oãɐ,1
mɐi,42
ɡɐj,5
biã,5
iʒõ,3
sɛç,2
Hɐ̃a,11
ɐ̃â,17
ɛtb,1
Hiɛ,1
ɛɡb,3
ɛpt,2
ptɐ,5
iɐo,4
êɛ,3
̂ɛm,3
idɐ̃,1
ɛtɐ̃,4
imb,4
ʃkɐ̃,26
ɛpõ,1
ujo,1
kiɐ̃,3
klɛ,4
iʒʁ,1
ʒʁɛ,1
unɛ̃,1
ʒɐj,1
ʒuo,1
inl,4
nla,5
wnu,30
nuk,30
bdo,2
bub,4
mnɛ,1
ʃãʃ,1
iɾH,5
ʃvɛ,2
sɐu,9
piʁ,2
pɐʁ,1
́nt,14
áo,1
vif,19
ɾbo,38
ɛbɐ̃,5
jɐv,2
ʃfa,1
fit,3
jçõ,14
idk,1
dkɐ,1
ɛɛkʷ,2
wɐk,25
lia,2
ɛoa,23
ɐdĩ,5
ɛfe,3
ʒɛk,16
ɐlũ,28
nɐe,8
ɐé,8
ɾie,2
iɡl,3
ʃô,1
nua,3
ɡoʒ,5
oʒã,5
vaj̃,7
bɐʒ,6
nɛü,1
ɛüs,1
üst,1
stã,1
iɐkʷ,12
ilkʷ,33
ɛbn,9
fiɐ̃,43
jko,7
jkɐ,4
ãow,2
zɐi,53
ʃfe,5
zɐj,3
ió,16
ʃɾo,2
ɾokʷ,3
tɛɡ,32
ɾaw,18
wdi,1
unɡ,9
nɡü,8
ɡüɛ,8
ɛfz,2
fzi,2
awɡ,2
wɡu,2
niʒ,5
mĩh,1
ĩho,1
jkã,20
Hul,2
uld,2
ikv,2
kva,2
tãm,1
ãmɛ,2
ʃmi,14
ón,6
jɐkʷ,41
wɐkʷ,14
nɛu,1
ɛln,8
lnɐ,8
ãom,2
owɐ̃,41
wɐ̃ã,34
tue,1
uew,1
kla,2
ɐdb,2
dbɛ,1
Hõã,1
ɐlʁ,4
lʁɐ̃,2
ʁɐ̃ã,1
lɾã,1
lub,3
ozɛ̃,3
ɐpa,4
paj̃,2
ʃma,4
kʷɛã,1
ɐɐf,2
ɾɐ̃a,1
kbɛ,1
ɾoe,1
uot,1
tʁe,1
ute,1
ɾɐe,1
ɐew,2
noɡ,2
ʒuz,1
bɛH,1
fɐi,8
tuʃ,7
ɐʒɾ,8
ikã,9
Hod,13
ɛɐi,3
ɐüm,1
üma,1
lɐɐ,2
idb,1
dba,2
Éz,3
uʃa,1
ɐüʒ,1
üʒã,1
ɐʃe,30
tɛi,1
ʒɛH,1
æʁu,1
ifa,1
sĩã,1
wɛt,2
ʃbe,1
ɐʃu,1
okʷɛ̃,1
wɐi,1
ziz,4
́nɾ,4
nɾi,4
iln,3
lnɛ,3
zɐʒ,1
ɾoa,1
zis,13
isa,2
ɛsi,9
ɾse,1
toa,1
ɛtn,1
lukʷ,6
ilɛ̃,2
uɛʃ,1
lbʃ,1
siʒ,5
ɛja,2
já,1
iɐɛ,6
ɐɛɾ,3
zod,2
íkʷ,1
niã,2
sɛɛ,3
ɐʃv,1
ewb,1
wba,1
ils,1
ɐoa,1
uɾã,11
ewʒ,1
Hiʒ,1
iʒkʷ,1
ʒkʷi,2
iʒl,1
ʒli,2
ʃpã,1
ifd,1
fde,1
kʷiʒ,1
kʁu,2
ibe,1
́kɾ,3
út,15
́tũ,13
tãʃ,1
Hib,1
hɐk,1
ɐkm,2
kmo,1
fɛɡ,3
ʒiz,1
ɛbz,1
Hɐʁ,1
nij,1
ijɐ,1
ɾkɛ,2
mɐa,2
ɾuf,1
ufi,3
kbɐ,2
wnɐ̃,1
ɛʒe,1
dɐp,2
ʒɛi,1
oms,1
msɐ,1
ɛɐo,1
ʁɐl,6
tib,1
juu,1
uub,1
ɾãm,1
ãmɐ,2
fɐkʷ,2
tɐ̃a,17
uzu,10
ule,1
ɐɡi,3
ɾsõ,1
buɛ,4
Hɐk,12
non,4
zua,29
Hɐp,1
tɐi,5
ʒɛɛ,1
ɛɛʒ,1
ɛʒkʷ,1
ʒkʷɛ,1
bɐɛ,3
dɛi,2
soã,1
ʁõa,2
õâ,2
oʃb,2
ót,3
Hot,2
ʃki,5
́pu,3
ɐtn,1
fɐɛ,1
ɛje,2
jé,2
liw,4
ɐʒʁ,1
ʒʁi,1
fmi,1
ɐdl,2
dla,2
nos,1
sʃo,1
vɛo,4
dɾɛ,3
́ʁm,4
ʁmo,5
dɾɐ,34
kmɐ,1
ɾmɐ̃,13
mɐ̃e,1
unɛ,15
ɡmi,3
nvɛ̃,2
vɛ̃ç,2
ɛ̃çõ,2
isɐ,6
sud,1
ʁɛ̃ã,1
ɐɐo,1
sukʷ,1
ío,15
́op,13
Hum,2
iso,2
põɛ̃,14
ɛɾkʷ,1
ɛHa,1
nsɐ̃,5
obɛ̃,10
vɐu,1
jɾt,2
ɡɾb,1
̂nɡ,5
nɡl,10
ákʷ,1
jʒkʷ,1
utũ,1
fia,8
vãɛ,2
jɾõ,1
ɾke,3
ʁɛ̃e,6
kʁe,1
okʷe,59
ilʃ,2
lʃã,2
iɡv,6
ɡva,6
ɐʒɡ,4
ʒɡɐ,4
ɐzũ,5
ɐɡb,1
ɡbi,1
Hɐɡ,3
ɐnl,1
wnĩ,2
fuz,4
kuf,2
uɾu,2
ɾuɾ,1
ɐʒl,2
ʒlu,1
pokʷ,1
baj̃,2
ɾuʃ,7
suɛ,31
uɛɾ,31
ɾks,15
ʃlã,1
nsa,4
oʃn,3
nɐp,2
ɛkb,1
ʃdɾ,27
ujʃ,3
ɐʃi,2
tô,6
uʃm,2
ɛɛɐ,1
ɛɡã,2
ɐtl,1
tla,1
ɐkn,1
knɐ,1
ʃle,1
ɐɡã,5
zɛz,3
mɐf,1
ɐʒb,1
ʒbu,1
ɾukʷ,17
ɛmv,2
mvi,1
ɾɡa,1
ɡnɛ,4
nsm,3
smi,3
bʁɐ̃,5
ɛkɛ̃,1
new̃,1
ɛɐʒ,1
hɐd,1
ɛsĩ,1
pɐkʷ,1
nɐ̃i,2
kʷɛ̃a,1
ɛ̃â,1
lpl,1
́ɐz,1
bɛ̃i,1
ɐɡp,1
ɡpi,1
jʃkʷ,1
olĩ,1
mokʷ,2
lú,5
úkʷ,1
ilt,1
wɾɛ,1
Ín,2
́nd,2
oza,1
ʁfi,10
ɛpe,1
́ʁo,2
mew̃,1
ew̃ã,1
biʒ,1
iʒt,1
ʒtɐ,1
iɡt,3
ɡtɐ,2
ɐɡt,1
ɾka,2
muk,3
ukã,3
Hɛɡ,4
éʒ,1
ɡtã,2
dok,2
ɾpl,3
ʒua,3
oɡʷɛ̃,1
wud,1
awk,2
wks,2
lfõ,1
ɛmn,9
́lp,8
pɛb,8
vʁɐ̃,2
õɛz,6
uʁo,2
faw,1
skɐ,3
suɡ,5
zuʁ,1
ɐʃn,17
puɡ,2
uɡn,2
zie,2
ɾɡü,3
üiç,1
ɐʒõ,5
ʒõɛ,5
oʁõ,3
ʁõɛ,9
ple,3
êi,2
̂iɐ,2
ɛɾʒ,10
ide,2
ɡnõ,9
nõi,9
kta,4
ifo,2
lĩa,1
ɛkɐ̃,5
ɾʒɐ,11
ɾɡm,2
uɾk,14
kɛn,2
tɛu,1
upt,3
pto,2
nɐõ,1
nʒe,1
ɐɡç,4
ɡçɐ,3
́ko,11
bɐf,1
mbɐ̃,6
ʃmɐ̃,2
ʒuv,2
pɛ̃o,1
̂ʁɛ,1
bó,1
imɐ̃,3
nkɐ̃,3
ʁɛɡʷ,1
ɾnɐ̃,10
vɐʁ,5
ilɐ̃,8
idʁ,1
ɾsk,1
soʁ,1
ɐ̃çã,9
uʁɐ̃,1
uɾp,6
ʁfɐ,1
fɐo,1
wjo,2
Hɛj,2
ʁɐo,3
nfa,4
fâ,4
ɐ̃çõ,4
ɾtɐ̃,15
áu,1
́uɾ,1
lɡɐ̃,6
plu,2
nʒɛ̃,4
ɾɡu,1
úi,1
hip,3
pop,3
ɾkɐ̃,8
ɐpɐ̃,3
ɾpõ,1
ɡʷɛɾ,2
ɾpã,1
bsk,5
pukʷ,1
duʒ,18
jʒa,1
fɾa,12
wdu,7
bɾɐ̃,8
ʁof,2
kɐɛ̃,10
ovɐ̃,1
̂ms,3
oʒɐ̃,5
́mn,1
kɛl,1
jum,1
ɾɡɐ̃,1
klɛ̃,1
lɛ̃e,1
ɾuo,1
úç,5
́ço,1
sfi,1
ɛjɛ̃,1
ndõ,1
spɐ,1
nfɛ̃,1
ʃnu,5
fʁɛ̃,7
fud,1
dɐo,1
ók,2
ɐdɛ̃,1
ote,1
ɾul,2
çom,1
nʃõ,2
ʁuj̃,1
ɡʷiɛ̃,2
ɛmm,5
pum,2
umɛ̃,1
wzo,1
́nɛ̃,1
uvɐ̃,3
üiɾ,1
́mm,1
ɾʒa,1
jvɐ̃,3
ʃmu,1
ʁiɡʷ,1
ɛmt,6
dis,1
́pɐ,1
vɛɛ,1
iʒm,1
ʒmɛ,10
êb,5
̂bɛ,5
olɡʷ,2
mɐɡʷ,2
ɛml,4
ɡoɡ,1
dun,1
nup,1
ups,1
kuɐ,2
oçɐ̃,1
onl,1
nlu,1
ujɐ̃,1
tɛã,9
nɡa,4
tɛs,1
upʁ,4
ɐɡn,2
̂ʁm,1
lɡõ,1
ɡõɛ,1
ɐɛz,5
lmɐ̃,1
uɛm,1
diɡʷ,2
nʁa,1
jvɛ,1
lpɐ̃,1
doO,1
oÓ,1
ʒom,2
nlɛ,3
ɾʒɐ̃,1
kʷɛʒ,3
ipɐ̃,1
ktɐ,4
mɐb,1
ĩú,2
ɾmɛ̃,3
ɛʒm,8
ɡʷiɛ,3
mɛɡʷ,1
pɐo,1
oɾO,1
ɾÓ,1
oʒm,1
upi,1
dɐɐ,2
oçõ,1
klĩ,1
lĩã,1
ʁɐC,1
ɐÇ,1
Çɐ,3
̧ɐɾ,1
jmɛ̃,2
́iz,1
́ʁk,2
ʁku,2
lʁɐ,3
bte,3
uʃo,2
foz,1
zɐo,1
ɛʁɐ̃,2
pɛ̃u,3
ɛ̃ú,3
ifu,1
ɐdɐ̃,3
tʁɐ̃,2
kuç,1
nuɾ,2
ɛʁõ,2
iɾ�,1
ɾ�ʃ,1
dʁĩ,1
ʁĩa,1
çãʃ,3
nse,1
wnt,1
ɾvã,1
viɛ̃,1
nfɐ̃,1
ɐzɐ̃,1
tikʷ,3
bɾɛ̃,1
Ál,1
iod,1
tsɐ,1
kin,3
nuɐ̃,3
nkɛ̃,1
voe,1
dõo,1
õó,1
jʒɛ,1
éɡ,2
hɛn,2
jbʁ,1
nkʷĩ,1
oʃo,2
ɛop,5
çɐf,1
fʁã,1
ldɾ,1
dɾo,4
ɾbɐ̃,1
noɡʷ,1
̂sm,1
smɛ,1
õɛm,1
uʃõ,2
vie,1
wif,2
luɛ,1
uɛt,1
ʃɐl,1
́fɐ,3
kil,4
ɐʁɐ̃,1
ilʁ,3
lʁɛ,3
jɐt,1
dmɛ,1
ɛbĩ,1
lça,1
jva,8
hiɛ,2
ɐʁe,1
ʁê,1
nʁĩ,2
ɾHɛ,3
ʁoç,3
idɛ̃,4
fɛd,1
̂nf,7
ɾɡã,1
iop,1
tuf,1
ufõ,1
fõɛ,1
iɡʷi,1
vɛɡ,3
dukʷ,1
kip,1
ɡɐ̃a,5
oçã,2
vô,1
isi,1
iwç,6
wçɐ,4
́çɐ,4
foɡʷ,4
ibɐ̃,1
stɛ̃,1
ɡɐɡ,1
ɾba,1
piv,1
upe,1
kʷɛ̃i,1
olm,2
lsɛ̃,1
́nɐ̃,1
ʒãɛ,1
áp,1
boç,2
oça,1
jɛj,2
oɡɐ̃,1
ʃtũ,1
tũa,1
lvɛ̃,1
ʒoʁ,1
vãm,1
inĩ,1
ɐ̃ãʃ,2
ntĩ,2
tĩo,2
bú,1
ste,1
jçɐ,1
ɐow,1
wla,1
pɐj,1
iɐɡʷ,3
ɾnu,1
suɡʷ,1
fɐɡ,1
inb,2
nbɐ,1
voç,1
ʃli,1
ɛnb,2
nbo,3
btu,1
ɛpɐ̃,1
nut,3
́oʃ,1
zɐs,1
ɐsɛ,1
dʁɐ̃,1
liɡʷ,1
ʒũi,1
ũí,1
iɐj,3
ɾsɐ̃,1
tiC,2
iÇ,2
jdɐ̃,1
́od,1
ʒɛɛ̃,1
ɛdɐ̃,2
ɡʷia,1
tsɾ,1
sɾɐ,1
ewk,2
wkɐ,2
iɛɐ,1
uʃe,1
jom,1
ɛkʷĩ,2
ɐzb,1
zbã,1
mɐe,1
zɛa,1
óH,1
́Ho,1
Hof,1
çɐk,1
lva,1
fiɛ̃,1
unv,1
ɡça,1
ɡʁu,1
çʁf,1
wvɐ,1
̂mb,3
ɛçõ,3
nip,1
ksɛ̃,4
́ɛt,3
ɾmĩ,2
õɛj,3
duɡ,1
bob,3
́ol,2
oɾʃ,1
ʒaw,1
wlɐ,1
bɐ̃a,1
ɾçɐ̃,1
juz,1
lus,5
usu,5
sú,5
soa,1
pù,1
ùɛ,1
kɛɐ,1
uɾɛ̃,1
nuf,3
kɐ̃e,1
plɛ̃,1
vɛ̃e,2
pib,1
uʁõ,1
mɡo,2
ɛʁɛ̃,1
kãm,1
onɛ̃,1
mvo,1
ʃbu,1
ʒɛç,1
ɛtl,2
tlõ,2
ɛɾH,1
ikõ,1
Haw,2
wɾã,2
ɛnõ,2
́sɐ̃,1
ɛdn,15
dnɛ,15
ɛɡm,2
wço,2
muʃ,1
ɾbɛ̃,1
mio,1
ɾsl,1
ɡɾe,3
kú,1
́mu,1
miɡʷ,2
