dev,1228
evaː,875
vaːn,763
aːne,4603
aːkaː,457
kaːɕ,127
aːɕə,307
pr̩tʰ,129
r̩tʰv,129
tʰviː,129
nir,278
irm,82
rmaː,78
maːɳ,1548
kel,2729
eliː,1411
liː.,1204
sur,180
uru,356
ruv,63
uvaː,154
vaːt,189
aːtiː,1014
tiːl,1690
iːlaː,415
puːr,623
uːrɳ,121
rɳə,161
ɳəp,27
əpɳ,75
pɳe,49
rik,76
ikaː,529
kaːm,595
aːmiː,335
ɦot,2797
otiː,624
tiː;,31
viːv,78
iːvə,375
vər,6447
kaːɦ,679
aːɦiː,3121
ɦiːɦ,85
iːɦiː,420
nəv,454
əvɦ,262
vɦə,200
ɦət,249
əte,157
te.,880
nd̤aː,55
d̤aːr,112
aːraː,981
raːn,1318
d͡ʑəl,153
əlaː,1518
laːɕ,15
ɕəj,109
d͡ʑ̤aːk,52
aːkl,153
kle,294
lel,1865
ele,2111
ote,936
te;,50
aːɳi,3453
vaːt͡ɕ,509
aːt͡ɕaː,2054
aːtm,87
tmaː,23
paːɳ,307
aːɳj,426
ɳjaː,1714
jaːv,1709
aːvə,1833
paːkʰ,6
aːkʰə,42
kʰər,233
ɡ̤aːl,365
aːliː,855
liːt,61
otaː,917
nən,759
ənt,1913
ntə,1440
tər,2577
bol,577
oll,161
llaː,433
laː,,1637
“pr,18
prə,2244
rək,548
əkaː,1084
ɦov,46
ovo,44
vo”,5
t͡ɕəm,56
əmk,6
mkuː,1
laːɡ,623
aːɡl,402
ɡlaː,244
laː.,1897
paːɦ,867
aːɦi,964
ɦil,860
ilaː,1002
tjaː,11098
jaːl,1822
aːlaː,6967
kəɭ,240
əɭə,1313
ɭəl,237
əle,1080
t͡ɕaːŋ,236
aːŋɡ,1429
ŋɡl,265
aːɦe,3522
ɦe.,1416
raːp,168
aːpaː,865
paːs,666
aːsuː,504
suːn,614
veɡ,126
eɡə,92
ɡəɭ,314
əɭaː,226
elaː,2108
aːɕaː,181
ɕaːl,268
“di,3
div,753
ivə,778
vəs,655
əs”,1
raːl,508
“raː,20
raːt,721
aːtr,417
trə,1160
rə”,5
aɕiː,243
naːv,531
aːve,1428
dil,1205
iliː,362
sən,667
ənd̤,262
nd̤j,86
d̤jaː,148
jaːk,817
kaːɭ,440
aːɭə,754
d͡ʑ̤aːl,1172
sək,124
pəɦ,189
əɦi,297
əs.,10
“d͡ʑə,57
laːn,611
aːns,394
nsə,233
dub̤,15
ub̤aː,147
b̤aːɡ,352
aːɡɳ,109
ɡɳj,42
aːkr,302
kri,140
rit,192
itaː,234
aːnt͡ɕ,3752
nt͡ɕj,1699
t͡ɕjaː,8767
məd̤,523
əd̤j,243
d̤jə,47
jəb̤,38
əb̤aː,42
aːɡiː,133
əraː,4591
raːɭ,91
vo.,32
o.”,119
tev,1924
evɦ,1952
vɦaː,2098
aːɭaː,283
ɭaːv,121
aːvr,381
vrə,116
rət͡ɕ,710
ət͡ɕj,2343
kʰaːl,250
aːlə,249
lət͡ɕ,645
əɭe,281
le.,2919
ɭaːs,10
“aːk,3
ɕə”,1
ase,1252
naːn,517
aːnv,353
nvə,306
ile,1098
dus,352
usr,145
sraː,1889
“nt,2
ɭaːkʰ,1
aːkʰaː,132
liːl,60
aːɳiː,485
ekt,126
ktr,119
ɡoɭ,71
oɭaː,96
kor,105
orɖ,46
rɖiː,20
d͡ʑəm,521
əmiː,256
miːn,349
dis,200
isuː,34
jev,8
evo,19
təs,557
əse,630
ɡ̤əɖ,198
əɖl,336
ɖle,296
le,,677
rɖj,9
ɖjaː,279
əmi,196
min,206
iniː,198
niːs,25
“b̤uː,2
b̤uːm,131
uːmi,18
mi”,1
aːle,1347
elj,1078
ljaː,4026
əls,1
lsə,6
ənt͡ɕ,94
nt͡ɕə,200
t͡ɕəj,8
əjaː,452
jaːs,1320
“sə,40
səm,704
əmu,381
mud,137
udr,136
drə,91
ɡle,286
məɡ,1363
“ɡə,5
ɡəv,46
əvə,776
vət,624
ət,,14
biːd͡ʑ,30
iːd͡ʑə,184
deɳ,251
eɳaː,245
ɳaːर,282
aːऱ,546
ऱ्,1278
़्j,1184
्jaː,1187
vən,823
əns,54
nsp,16
spə,77
pət,133
ətiː,181
pʰəɭ,99
vaːɖ̤,87
aːɖ̤o,14
ɖ̤ot,2
ot.,89
ɭəd͡ʑ̤,4
əd͡ʑ̤aː,3
d͡ʑ̤aːɖ,120
aːɖe,69
bij,41
ijaː,112
asl,427
sle,416
təj,171
jaːr,432
kər,4970
ərt,605
rtiː,232
rət,962
ətj,400
tje,355
jek,308
aːpl,2135
plj,1434
d͡ʑaːt,244
tiːt͡ɕ,192
iːt͡ɕj,532
jaːt͡ɕ,4476
aːt͡ɕə,864
əriː,1141
riːl,507
aɕaː,301
t.”,111
paːp,446
iːt͡ɕe,281
iːt͡ɕiː,211
ɳaːr,1002
aːriː,564
ɭaːt,141
aːtə,86
tət͡ɕ,144
ət͡ɕə,728
asɳ,30
sɳaː,46
uːmiː,99
iːne,418
upə,24
pəd͡ʑ,15
əd͡ʑə,473
d͡ʑəv,724
əvi,601
vil,156
tis,66
isr,2103
əɭiː,257
ərɳ,763
rɳj,479
aːsaː,1332
saːʈʰ,1314
aːʈʰiː,1387
ɕaːt,775
d͡ʑjo,8
jot,9
oti,7
vot,13
viɕ,174
iɕe,120
ɕeʂ,96
t͡ɕin,29
inɦ,86
nɦe,18
ɦe,,108
meɭ,18
eɭaː,53
ve,,79
r̩tuː,3
tuː,,12
əs,,15
ərʂ,506
rʂe,182
daːkʰ,205
aːkʰv,183
kʰvi,22
viɳ,80
iɳaː,21
viːl,78
eɳj,228
don,607
moʈʰ,212
oʈʰj,70
ʈʰjaː,119
jaː.,492
ivs,132
vsaː,137
saːv,414
sət,247
ətt,191
ttaː,161
t͡ɕaːl,353
aːlv,90
lvi,17
iɳj,70
oʈʰiː,35
suːr,55
uːrj,41
rjə,604
triː,364
riːv,39
ləɦ,110
əɦaː,650
ɦaːn,312
ti,,1
t͡ɕən,229
ənd,653
ndr,18
rə,,8
jaːn,7144
taːr,103
aːre,364
reɦ,13
eɦiː,236
t͡ɕɔːd̤,1
ɔːd̤aː,1
laːm,364
aːmd̤,113
md̤j,198
d̤je,386
d͡ʑiːv,139
vəd͡ʑ,241
d͡ʑən,383
ntuː,40
tuːt͡ɕ,52
uːt͡ɕe,29
tʰəv,7
əve,168
vet͡ɕ,39
et͡ɕj,142
utp,42
tpə,72
pən,236
ənn,139
nnə,204
pək,139
əkɕ,497
kɕiː,93
uɖo,1
ɖob,1
obaː,193
baːɡ,28
aːɡɖ,6
ɡɖo,1
ɖot,2
ot”,2
draː,248
ənɖ,527
nɖə,425
ələ,107
t͡ɕər,134
mɦə,3854
ɦəɳ,3796
əɳə,636
ɳəd͡ʑ,572
əd͡ʑe,625
jaːt,1152
pʰir,66
irɳ,23
rɳaː,339
ane,73
nek,75
kaːr,1025
aːrə,630
ət͡ɕe,784
əlp,28
lpr,17
praː,493
raːɳ,341
set͡ɕ,371
et͡ɕə,977
uɖɳ,5
ɖɳaː,50
irn,13
rni,12
iraː,196
ɭəɖ,4
əɖj,53
ɕiːɦ,14
aːnn,4776
nnaː,2991
aːɕiː,784
ɕiːr,177
iːrv,173
rvaː,622
vaːd,240
“pʰə,4
pʰəl,8
əld,8
ldr,2
druː,3
ruːp,13
ɦaː,,58
aːɖ̤aː,39
ɖ̤aː,,3
vjaː,819
jaːp,798
aːpuː,92
puːn,85
b̤ər,470
əru,1269
run,902
ʈaːk,391
bəɦ,82
əɦu,38
ɦuɡ,2
uɡu,2
ɡuɳ,7
uɳi,4
ɳit,10
aːko,305
kot,1
paːt͡ɕ,316
t͡ɕəv,127
əvaː,853
“ni,5
ɭəj,50
pəɕ,194
əɕuː,138
ɕuː,,9
oʈʰe,91
eɡv,25
ɡve,21
sər,2102
ərp,195
rpə,899
pəʈ,176
əʈə,25
ʈəɳ,17
əɳaː,2540
raːŋ,41
ŋɡɳ,54
ɡɳaː,78
iːvd̤,4
vd̤aː,5
əro,403
rot,9
ərv,2137
rvə,1926
ənp,11
npə,18
paːɭ,268
aːɭiː,237
ɭiːv,17
ənaː,653
vre,34
re,,84
ʈət,35
d͡ʑaːɳ,185
aːɳaː,356
“aːp,64
aːpə,337
pəɳ,1893
əti,53
tir,51
iruː,14
uːpaː,17
saːr,397
aːrkʰ,274
rkʰaː,116
mən,845
ənu,58
nuʂ,49
uʂj,92
ʂjə,78
ru;,4
maːs,97
aːse,13
se,,21
ɕiː,,18
niːv,83
vit,592
itiː,96
iːl.,1194
l.”,334
iru,239
rup,57
upaː,130
laː;,218
aːt͡ɕe,1820
asaː,352
nər,41
naːr,83
ɳaːl,2087
kaː;,46
tte,68
tekʰ,4
ekʰaː,298
ɳaː;,2
səd͡ʑ,48
əd͡ʑiː,133
lvaː,123
vaː.,270
aː.”,259
“d̤aː,5
d̤aːn,227
aːnj,273
njə,287
ɭaːm,17
jet͡ɕ,25
vr̩k,59
r̩kɕ,59
kɕaː,471
ɕaːt͡ɕ,310
tum,3628
umɦ,2137
mɦaː,1081
ɦet,527
et.,389
ɦaːŋ,3
aːŋk,119
ŋkr,37
ann,181
iːvr,107
vriː,199
əɳuː,1005
ɳuːn,1041
ɦir,105
irv,41
rvj,19
ilj,247
vək,221
pʰaːr,434
səɦ,242
ɦaːv,203
aːvaː,1056
aːpr,676
rəm,996
əmaː,893
aːɳe,741
viː,,38
aːnt,367
ntiː,134
riːt,268
əmp,111
mpv,12
pvə,31
vəl,644
saːt,391
aːtv,86
tvj,55
vəɕ,421
əɕiː,630
vis,127
isaː,101
ɡ̤et,487
etl,427
tlaː,214
tvaː,41
deuː,205
euːn,648
pəv,546
itr,635
ʈʰər,215
rvi,38
rəɳ,661
d͡ʑəɡ,88
rtaː,202
taːn,559
aːnaː,782
aːmaː,602
maːp,61
iti,29
tiɦ,28
iɦaː,35
ɦaːs,127
veɭ,376
eɭiː,257
tti,1
krə,118
maːv,78
aːvi,204
viʂ,143
iʂj,133
ʂjiː,115
jiːt͡ɕ,13
iːt͡ɕaː,224
vr̩t,28
r̩tt,16
uːrv,439
rviː,177
tiː,,44
ɕet,180
etaː,264
taːt,444
uɡv,21
ɡvə,25
pər,4939
ərm,3446
rme,3346
meɕ,3342
eɕv,3307
ɕvə,3304
adj,18
djaː,838
paːuː,44
aːuːs,30
paːɖ,112
aːɖl,45
ɖlaː,138
ətaː,344
niːt͡ɕ,104
məɕ,134
əɕaː,266
ɕaːɡ,6
aːɡə,82
ɡət,120
koɳ,723
oɳiː,359
taː.,763
vru,114
d̤uk,1
uke,24
ɕip,6
ipə,8
nɖl,29
pəs,104
əsr,95
srə,415
rəl,189
se.,82
d͡ʑaːm,52
aːmi,7
niːt,85
iːtiː,184
maːt,207
əɖv,37
ɖvə,94
aːt͡ɕj,3636
naːk,78
aːkp,4
kpu,3
puɖ,4
uɖj,8
iːvn,19
vnaː,26
naːt͡ɕ,341
ɕvaː,70
vaːs,471
pʰuŋ,23
uŋk,27
ŋkl,28
klaː,91
rve,105
vek,61
ekɖ,164
kɖe,852
ede,22
den,173
d͡ʑaːɡ,204
aːɡe,264
ɡet,30
laːv,472
aːvl,359
vliː,115
ɖvi,15
ʂjaː,39
ʈʰev,741
evl,330
vle,433
sud,36
udə,19
dən,102
ənr,53
nrə,50
isɳ,10
naːs,139
utt,230
ttə,322
təm,203
ɡem,3
emd̤,1
əliː,346
ɡet͡ɕ,44
bəर,25
əऱ,93
vaːiː,146
aːiːʈ,126
iːʈaː,8
ʈaːt͡ɕ,96
ɡɲaː,453
ɲaːn,35
nəd,261
ədiː,250
uɡə,15
ɡəm,40
paːv,216
tin,192
ine,224
ɡel,953
pur,391
urv,41
vib̤,16
ib̤aː,17
aːɡuː,84
ɡuːn,66
tit͡ɕ,397
it͡ɕj,261
t͡ɕaːr,446
ədj,29
aːlj,273
ədi,5
dit͡ɕ,2
it͡ɕe,70
piːɕ,2
iːɕo,4
ɕon,100
ɦəv,155
əviː,126
deɕ,1123
eɕaː,684
veɖ̤,26
eɖ̤aː,25
aːluː,174
luːn,193
vaːɦ,201
aːɦaː,917
ɦaːt,725
aːte,69
ɡlj,65
son,210
one,104
saːm,228
aːmp,209
mpɖ,44
pɖə,66
ɖət,81
tetʰ,608
etʰe,993
mot,4
ɡom,40
ome,8
med,13
ətn,87
tne,21
saːp,119
aːpɖ,84
usर,227
sऱ,272
diːt͡ɕ,225
ɡiːɦ,7
iːɦo,88
ɦon,96
səɡ,172
əɡə,327
əɭj,114
ɭjaː,174
kuːɕ,7
uːɕə,24
itʰi,3
tʰio,3
iop,3
opi,2
pij,1
ɕaːb̤,2
aːb̤o,47
b̤ov,140
ovt,134
vtiː,140
aːɦt,144
ɦte,3
isर,35
ɦid,3
idd,18
ddə,330
dək,66
əke,36
el.,400
aɕɕ,13
ɕɕuː,12
ɕuːr,54
asiː,1
siːr,2
iːri,25
rij,75
ves,42
vəɦ,6
t͡ɕɔːtʰ,15
ɔːtʰj,8
tʰjaː,75
pʰər,37
jupʰ,6
upʰr,6
pʰre,3
reʈ,5
eʈiː,66
ʈiːs,21
it͡ɕiː,62
et͡ɕiː,60
ɭəd͡ʑ,83
ɡ̤eɳ,101
aːɡɲ,445
liː;,145
“baː,35
etiː,116
oɳt,138
ɳtj,71
jaːɦ,158
aːɖaː,162
ɖaːt͡ɕ,108
kʰuɕ,25
uɕaː,39
kʰaːuː,112
ɕək,380
əkt,491
kto,58
to.,319
ərə,1357
rən,506
ntu,432
pʰuɭ,1
uɭə,20
nək,567
əko,181
ko;,15
d͡ʑər,472
kʰaːɕ,2
ɕiːl,189
əkk,113
kkiː,30
mər,365
rəɕ,139
“mə,131
ekʈ,36
kʈe,30
bər,1102
əre,350
naːɦ,1874
ɦiː;,73
joɡ,184
oɡj,108
ɡjə,108
məd,223
ədt,84
dtə,14
tən,120
əniː,51
riːn,313
iːn.,316
n.”,113
tiːt,107
iːtuː,95
tuːn,751
əd͡ʑaː,513
aːkɖ,722
nel,96
aːdaː,219
daːm,48
maːn,664
ɳiː,,16
vəp,68
əpə,134
d͡ʑəŋ,12
əŋɡ,219
laːt,163
iːl,,86
aːvn,24
naːt,317
aːpɳ,94
pɳaː,133
ɳaːs,119
ɖəl,180
ɦiː.,863
maːl,288
ɡaːɖ̤,129
d͡ʑ̤op,60
opl,45
plaː,284
ast,368
staː,263
maːt͡ɕ,145
ɕər,72
riːr,63
iːraː,92
aːtuː,586
pʰaːs,20
aːsə,174
səɭ,46
kaːɖ̤,301
aːɖ̤l,138
ɖ̤liː,22
aːɡaː,325
əmɖ,1
mɖə,4
ɖət͡ɕ,61
ət͡ɕaː,1136
t͡ɕaːn,119
bən,540
ndə,251
nsaː,168
saːn,293
aːt͡ɕiː,1551
aːɖ̤uː,120
ɖ̤uːn,139
str,385
ənv,110
til,252
maːk,24
2te,2
“aːt,74
aːtaː,834
maːd͡ʑ̤,1563
aːd͡ʑ̤j,956
d͡ʑ̤jaː,1611
rkʰiː,52
ɦaːɖ,31
det,221
eto,110
e.”,509
aːiːb,6
iːbaː,60
baːp,245
paːn,131
soɖ,349
oɖuː,207
ɖuːn,530
baːj,251
aːjk,255
jko,170
kol,30
olaː,278
d͡ʑəɖ,19
əɖuː,119
raːɦ,1386
ɦiːl,115
doɡ̤,108
oɡ̤e,31
deɦ,47
nəɡ,585
əɡn,131
ɡnə,104
tiː.,427
kəs,128
əsl,200
sliː,51
liːt͡ɕ,110
iːt͡ɕə,474
laːd͡ʑ,78
aːd͡ʑə,1243
vaːʈ,445
aːʈə,57
ənj,186
jaːm,639
aːmm,169
mmd̤,116
ati,73
tiɕ,67
iɕə,74
d̤uːr,10
uːrt,75
rtə,127
ɦuʂ,3
uʂaː,97
ʂaːr,34
riːt͡ɕ,175
pʰəs,36
əsv,104
svə,418
vəɳ,216
ɳuːk,35
raːj,480
aːjə,614
jət͡ɕ,449
ət͡ɕiː,588
riːɕ,13
iːɕiː,73
“st,9
tri,64
ije,22
je,,17
tlj,185
tul,534
ulaː,1110
rokʰ,49
okʰr,22
kʰrə,22
saːŋ,1115
ŋɡi,647
ɡit,650
itl,654
tle,865
kaːj,464
aːj?,67
j?”,29
rpaː,79
paːl,138
“naː,43
ɦəʈ,65
əʈl,72
ʈle,149
ɖaːn,87
nt͡ɕiː,767
aːmɦ,636
mɦiː,1739
d͡ʑjaː,358
kʰaːt,92
nəj,307
əje,310
ɦaːl,977
‘baː,3
əd̤o,7
d̤om,4
omə,72
muɭ,415
uɭiː,23
ɭiːt͡ɕ,76
kaː.,282
ɖaːl,25
ərɕ,223
rɕə,224
ɕəɦ,225
əɦiː,169
ɦiːt,348
iːtə,51
aːl.,165
“tu,339
okʰə,47
vaːl,220
maːɦ,139
aːnl,118
nlaː,159
əmə,484
məd͡ʑ,231
d͡ʑel,34
rkʰe,109
sɳj,13
sun,83
und,87
dər,428
ər,,86
kʰaːɳ,63
ɦaːɳ,101
aːɳp,12
ɳpə,13
toɖ,58
aːll,122
lle,104
it͡ɕaː,322
əvr,59
vraː,96
jaːb,429
aːbr,350
bro,453
rob,668
obə,641
taː;,37
tʰoɖ,98
oɖe,120
oɡ̤aː,61
ɡ̤aːn,73
nt͡ɕe,562
ɖoɭ,42
oɭe,23
uɡ̤ɖ,33
ɡ̤ɖə,21
aːɦo,126
le;,250
nniː,2046
nd͡ʑi,5
d͡ʑir,8
raːt͡ɕ,1294
ɕiv,118
ivuː,5
vuːn,482
əst,533
tre,108
ɡ̤aːt,121
aːtl,321
tliː,176
irə,37
kon,32
vaːd͡ʑ,148
æːkl,195
nəd͡ʑ,45
res,40
pəɖ,482
ɖaːt,11
ləp,77
əpl,16
pliː,213
ɦaːk,180
maːr,815
aːru,111
“tuː,186
koʈʰ,54
ɦes,182
es?,55
s?”,34
tud͡ʑ̤,1089
ud͡ʑ̤j,650
aːlɳ,30
lɳj,38
məl,946
b̤iːt,72
aːʈl,110
ʈliː,42
oto,74
plo,1
lo.,49
le?,34
kos,86
les,122
liːs,66
iːs.,66
liː,,255
b̤ur,1
urə,50
rəɭ,25
svi,7
ud͡ʑ̤e,170
ɦoiː,435
oiːl,372
itə,336
aːpe,125
pek,170
ekɕ,149
ad̤i,287
d̤ik,289
ɕaːp,160
aːpi,31
pit,139
es.,131
poʈ,58
oʈaː,70
ʈaːn,69
ləɕ,16
aːju,57
juʂ,47
əb̤ə,77
riː,,47
ekm,46
kme,39
mek,63
ekaː,451
kaːn,2426
ɕət,236
ətr,279
tru,50
ud͡ʑ̤iː,120
ntt,77
ttiː,114
kaːt͡ɕ,192
truː,205
paːj,166
aːjaː,242
pʰoɖ,33
oɖə,2
ɖəɕ,7
ɖok,89
oke,26
ʈʰet͡ɕ,10
t͡ɕiːl,1
ɡər,307
rod,33
odə,46
traː,249
raːs,321
mul,1803
ənm,281
nmə,276
ete,47
kʰuːp,94
ved,321
edn,7
dnaː,11
əvर,31
vऱ,31
iːl;,146
lviː,7
“tj,73
ɡoʂ,323
oʂʈ,322
ʂʈiː,397
klj,43
aːmu,369
uɭe,463
miːl,33
tid͡ʑ,6
id͡ʑə,85
d͡ʑəp,36
əpaː,249
miɭ,444
iɭə,153
ɭəv,233
məb̤,8
kəʂ,30
əʂʈ,120
ʂʈə,247
kaːʈ,31
aːʈe,141
ʈek,55
eku,9
kuʈ,202
uʈe,9
aːɖ̤v,120
ɖ̤ve,39
vel,258
aːnʈ,6
nʈiː,7
kʰaːv,83
aːvj,418
aːɡt,27
ɡtiː,30
ɕrə,36
niɖ̤,1
iɖ̤ə,1
ɖ̤əɭ,51
ɭaːt͡ɕ,65
ɡ̤aːm,9
b̤aːk,119
aːkə,146
iɕiː,12
iːlə,16
lən,77
ərj,155
jən,530
pun,230
unɦ,242
nɦaː,332
ɦoɕ,307
oɕiː,45
ɦe;,172
d͡ʑaːuː,437
aːuːn,255
ɭəɕ,4
kot͡ɕ,21
ot͡ɕe,42
əvv,77
vvaː,17
əɡaː,86
ɡaːt,145
aːɳs,608
ɳsaː,405
t͡ɕaːm,19
aːmɖ,18
mɖj,7
“paː,20
d͡ʑət,42
kəd,71
ədə,161
dət͡ɕ,89
ət͡ɕi,11
t͡ɕit,146
ɖaːv,167
ɡ̤eiː,55
eiːl,245
kʰaːiː,23
aːiːl,156
səd,51
ədaː,223
daːs,159
aːsr,56
srv,8
etuː,20
baːɦ,390
ɦer,427
lvuː,47
oɖɳ,30
ɖɳj,32
jaːʈʰ,10
raːkʰ,90
kʰəɳ,22
rub,39
evd,62
vduː,50
duːt,150
uːtaː,70
ɦaːr,158
ɖaːk,5
aːrɡ,74
rɡə,67
ɡət͡ɕ,37
kɕə,389
ɕəɳ,103
ərɡ,43
arn,1
rniː,1
təl,214
əlv,121
vaːr,283
nt͡ɕaː,949
læːɡ,2
æːɡi,2
ɡik,20
əmb,211
mbə,268
nd̤ə,108
ərb̤,37
rb̤ə,40
b̤əv,198
əvt,27
ɦouː,160
ouːn,93
baːɭ,159
ɭaːl,252
laːt͡ɕ,310
kaːi,23
aːin,23
“pə,232
ɦaːj,94
aːjj,31
jjaː,16
ruʂ,204
uʂs,1
ʂsə,1
laːb̤,18
aːb̤l,4
b̤le,3
aːnə,485
vve,3
ven,10
ene,351
aːɳkʰ,166
ɳkʰiː,166
ulɡ,973
lɡaː,693
inaː,82
b̤aːuː,186
ɦaːb,146
aːbe,45
bel,83
men,274
enɖ̤,269
nɖ̤p,20
ɖ̤paː,22
etk,10
tkə,12
ɭaːn,99
ɦəŋ,23
ŋɡaː,309
ɡaːm,31
aːdr,9
daːn,367
arp,459
aːɳl,285
ɳle,214
neɦ,98
ɭəp,131
paːt,210
nɖ̤r,122
ɖ̤re,74
ɳliː,51
ɖ̤raː,39
sviː,53
viːk,54
iːkaː,55
aːrl,440
rle,445
rtu,2
tun,12
du:,82
u:kʰ,82
:kʰiː,25
raːɡ,124
naːl,108
vit͡ɕ,263
ɡaːv,284
vlaː,201
laːs,149
aːs?,18
ud͡ʑ̤aː,150
t͡ɕeɦ,33
eɦr,12
ɦraː,130
isə,199
ɦe?,52
aːd͡ʑ̤e,245
ɦtiː,50
iːn;,78
tiːn,397
lvə,93
ɦid͡ʑ,260
id͡ʑe,259
d͡ʑes,27
s.”,41
“t͡ɕə,20
t͡ɕəl,208
əl,,7
“te,59
laːl,114
ɦəl,150
əll,160
ʈʰaːr,182
e?”,51
b̤aːv,170
vaːv,378
evɳ,52
vɳe,24
eɳe,36
ktə,298
ple,308
ton,80
onɖ,98
ɦjaː,543
aːrɳ,108
ɳaːn,133
rel,148
piːk,46
ʈʰik,218
kaːɳ,210
ɡ̤ər,626
aːɦɳ,145
ɦɳaː,103
ɦiːs,96
b̤əʈ,22
əʈk,36
ʈkə,20
kət,180
aːɦə,54
ɦəɕ,36
ɡən,57
ndaː,87
“ɦiː,17
ɕik,181
ikɕ,105
əɦə,82
ɦən,62
əkɳ,36
kɳaː,59
itk,157
tkiː,39
b̤aːr,113
miv,6
ivr,6
duːr,68
paːʈʰ,491
aːʈʰv,441
ʈʰviː,19
viːt,108
es,,20
aːɦuː,322
kin,456
inv,443
nvaː,507
vəɭ,705
jet,227
jeɳ,136
ərd,110
rdaː,74
daːr,347
ikʈʰ,4
kʈʰi,4
kəɳ,34
əɳe,221
ɦoɳ,133
oɳe,8
laːd,128
aːdl,34
dle,12
oɳaː,261
ɳaːt͡ɕ,278
pɖe,80
ɖen,10
aːke,9
“miː,164
kit,70
iːtr,43
əʈiː,7
ʈiːn,81
deiː,205
eiːn,155
iɕi,5
ɕiʂ,7
iʂʈʰ,29
ʂʈʰə,37
kʰuːɳ,14
əmo,140
mor,425
oru,15
niɡ̤,289
iɡ̤uː,80
ɡ̤uːn,81
enaː,116
nod,2
tniː,45
niːd͡ʑ,6
nid͡ʑ,31
əno,26
nokʰ,13
baːn,476
aːnd̤,256
nd̤l,97
d̤le,51
əɡr,472
ɡraː,535
t͡ɕet͡ɕ,31
okʰaː,7
ɦər,106
raːd,15
daːl,98
məɦ,343
əɦuː,260
ɦuːj,2
uːjaː,2
jaːe,17
aːel,1818
mətʰ,16
ətʰu,16
tʰuɕ,7
ɕaːe,5
aːme,66
mekʰ,22
kʰaːn,86
jkaː,92
sriː,53
sil,3
ill,74
aːbaː,452
baːl,254
mbuː,117
buːt,43
ɡur,116
ure,125
reɖ̤,38
eɖ̤o,38
ɖ̤or,58
ore,114
ɭəɳ,120
lok,2988
okaː,2110
muːɭ,22
uːɭə,105
(tj,10
jub,2
ubaː,16
aːl;,13
aːuː),2
uː);,1
tuv,1
aːdd,3
dde,26
de,,24
vaːj,150
juv,1
viːɳ,16
iːɳaː,13
baːs,27
kəl,92
ntaː,140
taːt͡ɕ,193
tub,3
ubə,14
bəl,192
taːm,88
aːmb,401
mbj,8
bjaː,104
lokʰ,32
kʰən,80
nɖaː,81
naːm,119
ɦiːɳ,32
“aːd,2
aːd͡ʑ̤iː,163
vaːɳ,26
æːkaː,41
kʰaːt͡ɕ,47
nno,36
no,,19
olt,42
lto,21
tik,41
ikɖ,81
ddaː,13
daː;,5
d͡ʑəkʰ,26
əkʰm,13
kʰmiː,46
ruɳ,97
uɳaː,55
ɦiːp,5
iːpe,16
aːd̤i,23
kaːt,164
ɕetʰ,53
“kaː,30
etʰl,52
tʰlaː,40
laːɦ,116
ano,8
noɕ,6
oɕə,367
ɭaːp,36
raːr,422
aːrtʰ,164
rtʰə,239
tʰən,121
ənɕ,462
nɕaː,301
ɕaːv,74
non,79
ond,42
aːm”,3
ekə,125
kəɕ,118
əɕe,196
tiːs,124
rʂaː,221
ʂaːn,162
ɦub,2
ube,82
beɦ,5
eɦuː,110
ɦuːb,3
əlj,220
aːʈʰə,18
ʈʰəɕ,8
ɕen,287
əɡl,47
lɡe,192
uliː,174
kən,246
nəu,23
əuɕ,13
uɕe,14
ɕem,49
emp,8
mpaː,65
ɕət͡ɕ,54
nmaː,43
ens,1
jaː;,84
emb,4
mbaː,205
baːr,110
vvə,6
vəd,13
ken,54
mpə,16
nd̤r,31
d̤raː,25
əɦl,18
ɦlə,7
ləl,16
ent͡ɕ,1
t͡ɕaːɭ,83
ɭiːs,82
end,6
ndɦ,1
dɦaː,5
aːsʂ,10
sʂʈ,10
red,24
ent,1
jaːɳ,34
aːɳɳ,38
ɳɳə,4
ɳəv,5
uɕə,133
ɕəl,345
iːnə,52
nəɕ,162
vaːb,259
eke,91
lət,90
ɦis,48
jaːæː,8
aːæːn,7
æːnɕ,17
nɕiː,155
təɕ,80
kuɳ,28
uɳs,2
ɳsə,3
noɦ,65
oɦaː,73
(mɦ,42
vaː),1
“de,25
mil,25
kaːʂ,3
aːʂʈ,129
raːv,896
ɡtaː,20
aːt;,32
t͡ɕəɕ,24
ɦtt,21
em,,14
ɦaːm,222
jaːpʰ,15
aːpʰe,13
pʰetʰ,10
səŋ,134
əŋkʰ,68
ŋkʰj,45
kʰjaː,94
aːɖ̤t,10
ɖ̤tə,2
evp,2
vpu,1
put,95
utr,184
aːvɖ,60
vɖiː,56
niv,375
ivɖ,109
jaːɕ,336
ləɡ,188
riːj,39
iːjaː,275
nepʰ,6
epʰi,1
pʰil,1
ili,2
lim,3
maːŋ,3
ŋki,6
t͡ɕiːn,3
uːnə,86
nət͡ɕ,344
aːviː,1251
viːr,21
eɦd̤,1
ɦd̤aː,1
b̤raː,6
tmj,28
mjaː,68
ʈʰaːj,5
aːjiː,49
ətə,110
tət,63
env,2
nviː,8
viːs,136
duʂ,87
uʂʈ,59
et;,87
eɦm,62
ɦmiː,62
aːt.,228
aːbd,252
bdd,241
dəl,354
ərl,130
rlaː,128
iːtl,20
nəʂ,46
ɳse,220
naːɕ,144
:kʰə,33
aːɳuː,283
ɳuːs,192
ɦaː.,82
ɦaːt͡ɕ,97
kəɦ,48
piɖ̤,82
iɖ̤iː,13
ɖ̤iːt,9
iːti,6
tim,53
imaː,58
ɲaːm,6
mpr,55
iːkɖ,91
b̤rə,29
rəʂ,22
aːɖ̤ə,85
d͡ʑik,7
kruː,15
ruːr,7
taːp,90
nne,97
ɦin,125
ins,8
nse,3
sen,89
kliː,70
naːj,105
aːjn,33
jnaː,9
naːʈ,11
saːj,23
aːjp,4
jpr,1
rəs,206
ɡopʰ,7
opʰe,20
pʰer,24
laːk,173
kɖaː,80
ər;,30
kʰol,56
olj,10
eru,12
ɖaːm,21
aːv.,6
v.”,19
“taː,4
aːrv,49
mod͡ʑ,61
od͡ʑə,147
ŋɡt,106
ɡto,81
ve.,461
300,7
kjuː,5
juːb,5
uːbi,3
biʈ,3
bə,,16
50k,1
0kj,1
də,,6
unt͡ɕ,94
ve;,185
t͡ɕʰət,14
sum,33
umaː,60
18i,1
8in,1
int͡ɕ,42
t͡ɕaːv,33
kʰiɖ,16
iɖk,18
ɖkiː,17
baːd͡ʑ,198
aːd͡ʑuː,203
d͡ʑuːs,35
ev;,7
t͡ɕaː,,18
əd̤l,28
d̤laː,31
ər.,163
əd͡ʑuː,33
d͡ʑuːn,144
ɡ̤e.,33
ləj,5
ɳiːn,32
əlo,39
rto,150
to;,43
ɡe,,5
unaː,30
ɡ̤euː,469
d͡ʑaː.,127
aːpæː,121
pæːk,217
æːkiː,217
maːd,21
aːdiː,121
d͡ʑoɖ,63
oɖiː,39
ne,,47
d͡ʑiv,189
ev.,37
miːv,16
ndo,7
ne;,2
ʈʰvuː,47
“jaː,75
aːsm,224
smo,221
uːt͡ɕə,62
uʈu,184
ʈum,184
umb,210
baːt,136
ɕud,337
udd̤,597
dd̤ə,535
aːdj,171
oɖj,33
jaː,,120
aɕu,173
kət͡ɕ,76
d͡ʑoɽ,1
oɽiː,1
ɽiː,,1
ɕaːn,339
bre,9
reb,28
ebə,27
nen,11
en.,45
aːɖiː,55
ɖiːn,24
ʈiːt͡ɕ,35
ɦaːɕ,39
aːɕe,63
d͡ʑaːv,185
ko,,15
ɕuːp,6
uːpə,6
əɖɳ,37
iːvaː,21
onə,214
ɡəʈ,48
əʈaː,67
ɡɲe,69
ɲep,40
epr,137
ut͡ɕə,83
ɦaːp,33
aːpu,128
t͡ɕəɖ̤,96
əɖ̤t,9
niːp,18
iːpaː,80
rəŋ,60
ŋɡuː,32
tke,78
əɖ̤ə,20
ɖ̤ət,31
dekʰ,80
ekʰiː,40
kʰiːl,39
buɖ,16
uɖuː,12
ɕikʰ,11
ikʰr,15
kʰraː,9
pʰuʈ,20
uʈaː,9
əɖ̤l,18
ɖ̤le,78
viːt͡ɕ,57
ʈʰiːv,13
əv,,6
sob,37
bət,53
pʰək,110
evɖ̤,209
vɖ̤e,113
ɖ̤et͡ɕ,21
t͡ɕə.,61
aːkuː,95
kuːn,206
ʈʰvə,326
aːɦv,8
ɦvə,2
ise,31
mus,4
usə,13
ɭəd̤,6
əd̤aː,55
tʰaːm,156
mbl,44
blaː,49
ʈaːt,125
upʰaː,4
pʰaːɭ,3
aːɭuː,91
ɭuːn,237
d͡ʑ̤əर,21
ble,25
inj,74
njaː,926
taːd͡ʑ,22
buːn,13
ekl,11
osr,3
dəɦ,127
kʰre,7
ɡliː,115
kaːv,179
oɖl,133
mpuː,39
oiːp,28
iːpr,137
prj,404
ɖe-,4
e-t,4
-ti,2
uɖə,8
pr̩ʂ,4
r̩ʂʈ,88
ʈəb̤,1
kəb,94
əbu,43
but,7
ad͡ʑuː,89
slj,140
aːjl,696
jlaː,691
iɭaː,201
vaːk,53
kəɖ,282
əɖe,228
d̤ər,127
dup,24
paːr,188
t͡ɕot͡ɕ,1
ot͡ɕiː,6
iːnt,5
aː̃l,1
̃liː,1
liːv,10
iːvɦ,1
d͡ʑæːt,26
æːtuː,17
t͡ɕe),3
kov,13
ovə,21
suk,28
ukl,27
ukuː,39
isl,77
ʂaːt͡ɕ,81
601,1
taːv,159
kʰəɖ,49
əɖkʰ,1
ɖkʰə,6
əɖiː,266
ɖiːt,29
ule,219
niːɡ̤,5
iːɡ̤;,2
aːɳ;,6
rpuː,82
aːkt,26
ktiː,128
iɡ̤aː,208
obr,67
brə,124
ɖiːd͡ʑ,2
iːd͡ʑo,1
raːk,284
ediː,314
d̤liː,40
aɡo,22
ɡod,24
eɳɡ,22
ɳɡiː,13
diːv,131
ɦom,184
omaː,130
aːrp,341
suv,49
ət:,193
t:s,31
:sə,5
“maː,130
kəd̤,116
əd̤iː,230
d̤iːɦ,40
aːnp,33
ɳaːp,23
jetʰ,648
etʰuː,156
tʰuːn,196
puɖ̤,488
uɖ̤e,359
əsə,67
sr̩ʂ,4
ɦaː;,15
d͡ʑop,5
opr,17
per,33
erɳ,15
rɳiː,34
kaːp,163
pɳiː,22
nɖiː,65
uːn,,38
ɦiv,42
ivaː,368
vaːɭ,159
ɦaːɭ,7
ɭaː,,21
mbɳ,3
bɳaː,2
ɦiːn,77
tə.,3
ə.”,47
“pu,8
puʂ,42
uʂk,75
ʂkə,36
umə,1488
mət͡ɕ,2178
2pr̩,1
b̤əj,104
stiː,187
aːd̤iː,157
ɳiːɦ,87
pr̩d̤,1
r̩d̤v,1
d̤viː,1
ktaː,95
taːs,43
aːsk,11
skə,25
kəʈ,96
maːɡ,275
ɡɳiː,23
saːl,144
ɕuːt͡ɕ,22
uːt͡ɕj,62
ɡaːɳ,13
saːt͡ɕ,201
kʰaːd,259
vjə,123
jək,161
kti,53
tid,10
idv,3
dvaː,47
rliː,98
tip,15
ret͡ɕ,69
d͡ʑaːiː,140
“no,2
aːnd,174
ndv,2
aːvo,17
ʈiːɕ,3
saː:,6
əpr,105
ɳiːm,2
iːmaː,101
d̤iːt͡ɕ,50
ɦiː,,99
kʰuɳ,7
uɳe,9
ɳev,2
evr,17
(pu,8
uraː,115
un),1
sel,401
iɖ̤j,69
ɖ̤jaː,190
npi,24
juɡ,3
uɡaː,32
ɡaːn,99
aːnu,14
nuj,15
uju,1
jəm,164
ɖ̤əɡ,52
aːpt,69
ptə,33
ŋɡiː,17
d̤ən,96
d͡ʑev,178
ɳel,29
səp,27
əpt,13
aːnɕ,161
ɦuːn,295
t͡ɕir,34
ɡiːt,38
(ɦaː,8
okv,3
kvə,56
aːkɕ,206
ɕəm,377
məɭ,70
ɕaːr,97
pjaː,88
aːrs,28
rsaː,47
d̤un,4
ɡ̤ɖaː,4
naːɡ,9
ɡɖaː,45
buːt͡ɕ,18
jeuː,174
d͡ʑ̤əɡ,29
evuː,96
aːʈʰm,8
ʈʰmo,14
vəɖ,403
əɖi,84
ɖil,90
nət,20
(to,2
emu,9
taː),8
d̤aːk,59
aːkʈ,53
kʈaː,59
“kə,20
vo,,3
ɡul,130
“ɕe,4
emə,52
jəv,195
aːdi,38
dit,29
aso,66
so!,3
etʰaː,12
tʰaːl,4
vo!,4
ɦo,,22
saːɖ,34
ɖet,3
ekuː,68
kuːɳ,47
ɦmaː,2
ɳe:,8
tʰaːt͡ɕ,33
nɕə,191
ɕəd͡ʑ,132
ɡe;,14
aːɡo,32
ɡoɡ,1
oɡ,,4
aːdə,139
dəj,97
əj,,7
aːn,,49
aːl,,43
eɕe,7
ɕekʰ,6
tiːr,18
omr,57
mrə,30
aːʂk,1
naːd͡ʑ̤,1
aːd͡ʑ̤ə,3
d͡ʑ̤ə,,1
riːp,25
paːtʰ,2
toɡ,1
oɡaː,56
ɡaːr,112
aːrm,8
maː,,16
aliː,242
liːɕ,227
iːɕaː,232
ɕaː,,7
aːrɕ,2
rɕiː,3
ɕiːɕ,3
iːɕə,120
ɕə,,30
itt,77
tiːm,11
dod,17
odaː,30
aːniː,222
niːm,12
iːm.,3
uːmd̤,24
smu,10
naːर,17
aːsp,25
spaː,52
raːʂ,128
ʂʈr,129
ʈre,20
tiːp,23
t:t͡ɕ,55
:t͡ɕiː,9
kuɭ,249
ʈraː,84
b̤aːʂ,15
aːʂaː,16
aːmə,559
te:,1
mis,535
raːiː,106
aːiːm,108
iːm,,17
puːʈ,5
kuɕ,34
ɡe:,5
səb,13
əbaː,140
baː,,23
saːb,6
aːbt,53
btaː,1
taː,,48
raːm,495
aːvt,29
vtə,6
tək,116
ɕəb,159
dəd,6
nim,29
imr,30
mro,63
aːbl,19
blə,9
ləv,76
iːrp,7
rpu,3
daːɕ,5
uln,4
lnaː,20
“to,24
uːs,,10
kaːर,75
ɦe”,12
əɳɳ,89
ɳɳj,50
rətʰ,181
ətʰaː,61
ɕin,6
baːb,155
el,,66
erə,86
ək,,12
akk,2
kkaː,79
kaːd,40
kaːl,196
aːlɦ,5
lɦə,2
əne,123
daːt͡ɕ,329
raːd͡ʑ,1527
aːd͡ʑj,196
əɦr,166
ɦre,45
ɕɕu,1
ɕur,4
nin,17
nve,18
rəɦ,205
əɦo,373
ɦob,20
obo,7
botʰ,33
otʰ,,18
iːrk,1
rkaː,22
esə,13
(re,1
rmj,13
e.),43
luːd,4
uːd,,2
anaː,52
iːn,,41
aːkiː,92
kiːm,3
naːp,88
ptu,1
tuɦ,4
uɦiː,4
ɦiːm,40
rus,8
kaːs,40
aːsl,9
sluː,2
luːɦ,2
kəp,121
pto,3
tor,10
oriː,116
uːɦp,1
ɦpaː,1
pəl,321
əli,250
liʂ,239
iʂʈ,246
siːd,11
iːdo,11
ɦetʰ,9
etʰə,21
tʰət͡ɕ,55
t͡ɕaːɦ,54
udj,50
jəb,42
əbuː,115
buːs,40
uːsiː,30
siː,,8
amo,77
ɡir,51
irɡ,13
rɡaː,78
ɡaːɕ,10
ivv,47
vviː,26
kriː,119
ɕiːn,18
iːniː,22
arv,9
diː,,21
ɦəm,34
maːtʰ,36
aːtʰiː,41
ɡaːt͡ɕ,109
siːm,65
ɖiːl,360
onaː,431
kɕi,107
ɕiɳ,62
iɳe,53
ɳek,16
kɖiː,114
əɕt͡ɕ,116
ɕt͡ɕi,120
t͡ɕim,63
ime,51
ɡaːd͡ʑ,12
aːd͡ʑaː,1301
d͡ʑaːp,14
ədo,31
dom,84
oraː,189
aːdm,21
dmaː,10
əbo,49
boiː,2
oiːm,2
leɕ,5
ɦəj,22
d͡ʑaːn,386
eɕə,513
ibr,41
briː,55
aːm,,52
uːr,,8
ɕəd,26
əd,,4
araː,145
aːm;,1
ɦuːl,22
uːl,,3
ter,21
əɕə,75
ɕel,267
elə,407
elɦ,9
lɦaː,46
laː:,14
pel,23
leɡ,6
aːʈɳ,33
ʈɳiː,21
ɳiː;,1
alm,4
lmo,194
mod,1
daːd,88
aːd,,12
lepʰ,2
epʰ,,5
ɦəs,43
srm,1
vetʰ,2
etʰ,,4
jer,3
əɦ,,9
ɦəd,131
dor,39
uːd͡ʑaː,55
d͡ʑaːl,148
dik,1
ikl,33
abiː,174
biːm,77
maːe,25
opʰiː,2
pʰiːr,5
iːr,,14
job,30
ekɽ,1
kɽiː,1
ɽiːl,1
ɖoŋ,207
oŋɡ,216
ŋɡr,200
səpʰ,16
əpʰaː,8
ɕaːk,29
emaː,56
ɭe,,21
ʂaː,,1
t͡ɕiː,,13
uɭaː,186
jaːd,97
aːkʰl,18
kʰle,21
oliː,34
kɖuː,174
mæːd,29
æːdaː,20
tʰet͡ɕ,109
viʈ,21
iʈaː,22
ist,64
stə,255
təv,53
b̤aːd͡ʑ,29
kəʈʰ,47
əʈʰiː,29
ʈʰiːɳ,26
nd̤ɳ,16
d̤ɳj,16
dəɡ,136
əɡɖ,79
ɖaːæː,1
aːæːv,5
æːvə,33
t͡ɕun,5
unj,13
mbr,79
braː,275
upj,66
pjo,61
nd̤uː,36
d̤uː;,2
b̤iɖ,18
iɖɳ,1
t͡ɕət͡ɕ,5
bur,10
rud͡ʑ,8
ud͡ʑə,88
paːŋ,26
ɦuː.,8
uː.”,39
ɦɳj,32
nd̤iː,52
d̤iːt,8
“ɦe,74
ltaː,38
d̤ɳiː,3
ɳiːt͡ɕ,80
əml,52
mle,173
et,,24
nus,48
ust,40
əvk,35
vkə,41
aːʂe,5
ʂet͡ɕ,3
et͡ɕaː,143
ɡ̤oʈ,3
ʈaːɭ,14
kuː;,2
olɳ,80
lɳe,43
d͡ʑəɳ,216
n,”,1
viːb̤,1
iːb̤ə,5
ɡaːp,17
ŋɡə,426
əɳj,87
əmb̤,94
mb̤ə,71
ɦət͡ɕ,12
t͡ɕɔːt,2
ɔːtiː,2
rəu,82
ruɡ,4
ɦor,107
uːɳt,1
ɳtiː,77
eko,23
ɳiːs,15
abr,267
erɦ,11
rɦə,22
ɳep,8
rɦaː,14
loʈ,76
oʈ.,1
əb̤uː,13
kʰaːs,79
aːsd,12
sdj,3
atʰv,19
tʰvaː,19
niːɦ,40
orə,47
ilk,17
lkaː,69
lɡiː,115
iːlk,1
isk,5
skaː,43
aːnd͡ʑ̤,3
nd͡ʑ̤ə,2
muːl,50
uːlb,9
lbaː,14
ɡaː),2
oʈ,,2
(ab,5
ko),1
aːbiː,49
biːl,2
iːlo,6
lon,56
oni,2
nij,190
d̤iːl,150
ɕaːs,117
rəv,240
stʰaː,144
tʰaːj,2
aːji,4
jik,2
oɳj,42
ɡəɳ,99
əɳɡ,3
ɳɡo,2
ɡot,4
oɖ;,1
kʰviː,20
viːn,144
tuːd͡ʑ̤,2
uːd͡ʑ̤j,2
ʈrə,24
nliː,7
oɖt,17
ɖtaː,20
aːj,,12
utɳ,5
tɳj,9
aːnm,13
əvl,120
aːlm,38
lmə,116
mət,106
saːs,70
ɕəkʰ,60
əkʰe,66
kʰem,65
ɕaːm,32
ɕən,225
“ɦaː,32
ɕaːd͡ʑ,13
ɡev,30
evə,306
aːsn,124
snaː,136
betʰ,169
tʰel,56
poɦ,49
oɦo,61
ont͡ɕ,55
təɭ,245
mes,8
uɖ̤ə,33
ɖ̤ət͡ɕ,36
neɡ,24
eɡe,24
ɡeb,24
ebk,2
bkə,9
rəd,426
əde,414
oʈʰaː,52
ʂkaː,42
nəd̤,19
ədd,106
ddiː,32
diːt,44
ɕir,52
puːv,2
uːviː,2
upv,4
pvaː,12
əɳt,131
‘ɦiː,8
e.’,35
tə;,2
aːd͡ʑ̤aː,197
etʰiː,191
tʰiːl,174
vaːɖ,87
aːɖj,39
aːro,302
sɔːn,2
ɔːnd,2
drj,2
rjaː,116
vaːkʰ,6
ɳɳiː,1
d͡ʑaːt͡ɕ,152
neuː,31
jaːd͡ʑ,630
aːs,,19
aːsiː,80
unʈ,37
nʈɦ,1
ʈɦiː,1
ron,594
əjə,77
jəŋ,67
əŋk,151
ŋkə,105
roɡ,70
piːɖ,13
iːɖaː,9
b̤oɡ,34
aːbə,105
iːs,,3
kaː?,122
‘tiː,1
ɦe’,13
əd̤uː,108
d̤uːn,193
aːnɡ,15
nɡiː,10
ɕriː,17
riːm,50
iːmə,59
ɕer,92
ere,24
reɖ,1
eɖe,4
ɖem,24
eme,47
nʈə,26
ndiː,178
itj,30
eti,1
ell,92
maːb,9
d͡ʑək,542
əkɖ,67
uːp,,3
ren,16
naː,,38
aːkʰj,8
eks,14
ksaː,13
rəkʰ,23
əkʰiː,5
b̤aːn,69
aːnɖ,215
nɖɳ,28
ɖɳe,11
əri,108
rid͡ʑ,23
id͡ʑd͡ʑ,26
d͡ʑd͡ʑiː,29
ʈaːs,13
aːkʰiː,60
ɖɳə,4
ɳət,54
ənʈ,115
nʈaː,121
nəs,173
əsaː,182
vaː,,54
aːuːb,21
uːbə,26
əɖ;,3
aːiːn,63
aːrd,175
rde,215
riːk,26
(pə,6
ɡ̤əʈ,33
əʈn,13
ʈnaː,9
tʰeʈ,13
soa,8
oar,8
kʰor,25
iː.),11
kʰoर,90
oऱ,198
vɖə,112
net͡ɕ,78
əvʈ,14
vʈiː,32
ʈiːt,35
təb,12
ʈʰok,48
okl,27
ɦit,127
avt,5
tiːb̤,1
iːb̤o,6
rek,37
ɖe,,36
aːto,43
tos,61
aːjm,45
jmə,66
d̤uɭ,11
ɳaːi,2
aːit,18
t͡ɕiːɦ,34
əɳn,4
ɳnaː,4
uʈʰuː,38
ʈʰuːn,47
je;,58
ɦeb,65
ebr,70
ɦrə,9
rəd͡ʑ,87
ɭiːl,28
məm,13
əmr,87
mre,21
nd̤i,3
d̤il,2
amr,23
rəpʰ,7
əpʰe,10
pʰel,21
arj,2
rjo,5
jok,2
ok,,9
ɡoj,3
ojiː,7
jiːm,6
idaː,9
ber,24
eraː,78
raː,,91
bir,17
irɕ,1
rɕaː,2
adm,3
naːb,78
aːb,,22
boj,3
oji,2
jim,2
əme,12
meb,3
jud,75
sæːn,404
æːnj,285
sid,25
diːm,12
əmv,31
mvi,6
(ɦe,10
rə),3
sev,437
nrt,1
erv,1
rʂiː,62
vir,234
rud,171
uʈʰl,94
ʈʰle,28
miɕ,12
ɕəp,100
aːde,59
amaː,83
lek,59
ekiː,46
raːb̤,214
aːb̤ə,201
əss,9
sso,1
d͡ʑaː,,33
ruːɕ,10
uːɕiː,19
ləɖ̤,197
əɖ̤ɳ,18
ɖ̤ɳj,18
maːj,10
mraː,15
raːpʰ,3
aːd͡ʑe,71
nvi,79
udd,29
otj,120
pəɭ,182
əɭuː,173
æːni,119
nik,132
ɳiːt,92
baːk,49
kiːt͡ɕ,111
uniː,9
aːmɡ,26
mɡr,12
ɡriː,27
luʈ,25
uʈuː,23
ʈuːn,62
stuː,187
ruːn,292
uːniː,9
niːn,17
kɖə,55
aːlk,90
lkiː,54
tes,20
kæːd,18
əɖ̤aː,169
ɖ̤aːiː,124
aːiːt,39
aːnd͡ʑ,16
nd͡ʑə,24
aʂk,11
ʂko,6
ner,74
dət,133
ʈaːl,16
aːiːt͡ɕ,51
aʈʰr,15
ʈʰraː,18
ərb,82
rbe,7
bed͡ʑ,13
ed͡ʑə,100
əɖ̤v,73
ɖ̤væː,1
væːj,1
æːjj,1
jje,7
uːnt͡ɕ,53
aːʈʰl,98
ʈʰlaː,130
ruːs,6
uːsæː,5
at͡ɕaː,4
ɖ̤və,54
dim,18
imi,17
miʂ,13
iʂk,15
dəm,24
sət͡ɕ,51
une,16
uʈl,30
b̤eʈ,219
eʈaː,79
ʈaːv,46
ɳtaː,70
t.),6
aːtp,18
lem,110
əlk,15
kiːs,3
iːsə,18
dek,7
ekɦ,42
kɦiː,41
eʈɳ,10
ʈɳj,15
“ab,20
əkr,104
krt,5
aːɳk,9
ɳkə,8
vət͡ɕ,255
kiː,,28
vɳaː,32
suːt,15
nd̤ɦ,1
d̤ɦiː,2
‘miː,21
le’,6
ɳaːv,170
vɖ̤j,31
t͡ɕaːt͡ɕ,33
aːʈaː,89
er,,17
iː.”,166
ɖlj,51
dr̩ʂ,80
ʂʈaː,127
nnt,6
b̤iuː,16
tipʰ,4
ipʰə,2
d͡ʑeɳ,1
ali,8
lie,1
ied͡ʑ,1
iɭe,80
ɭel,111
tet͡ɕ,102
maːɕ,32
tot͡ɕ,33
ot͡ɕə,95
“ɦj,21
taːर,11
jaːŋ,16
ŋkɖ,90
tiːɦ,27
aːni,21
nit,17
aɡɳ,6
ɡɳi,6
iɕv,65
ɳik,20
əɡɳ,7
ɳɳaː,8
miːt͡ɕ,99
svaː,161
vaːm,118
miː,,43
viː?,7
iː?”,15
əɖ,,13
ɕeɭ,16
ɭiː,,22
eɖk,9
ɖkaː,47
ɦol,26
pil,34
lluː,12
aːɳ.,20
ɳ.”,7
ard̤,54
rd̤e,10
tuk,70
ukɖ,65
irl,24
iːt;,33
nsr,5
kɕj,26
ɕjaː,52
d͡ʑ̤əɖ,7
əɖə,52
ɖəp,168
kluː,5
ope,17
pet,5
atiː,3
d͡ʑet,42
ərk,71
rkj,16
kjaː,168
rke,10
400,5
t͡ɕʰəɭ,14
d͡ʑul,3
uluː,38
luːm,11
iɡ̤t,9
ɡ̤tiː,3
d͡ʑetʰ,51
url,81
muːʈʰ,10
uːʈʰm,5
ʈʰmaː,11
maːɡ̤,25
aːɡ̤aː,30
ɡ̤aːr,27
ɖel,56
ʈəp,30
ɕiɡ,2
iɡe,1
n.),2
.)”,1
ɡəɖ,93
ɖəd,1
d̤əɖ,21
əɖaː,62
rd̤j,27
kɖj,37
md̤uː,42
d̤ur,9
aɡn,99
ɡniː,88
“mi,7
diːp,83
iːpə,7
eniː,37
niː,,60
əni,23
id͡ʑiː,32
d͡ʑiː,,16
ədm,2
dmo,1
mon,352
oniː,127
pʰaːiː,17
ulb,4
ɦit͡ɕ,45
ɦaːɡ,28
okʰl,3
siːp,3
paːɕ,164
aːpo,8
oʈiː,54
d͡ʑ̤et͡ɕ,10
ɳɳe,64
jne,9
mol,40
olk,3
lkə,21
riːɳ,3
kiːɳ,4
aːʈuː,27
tut͡ɕ,7
ut͡ɕt͡ɕʰ,11
t͡ɕt͡ɕʰə,25
lekʰ,108
ekʰt,3
kʰte,1
bəd,91
doʂ,135
te,,44
upp,24
ppə,33
jaːj,353
ro.,20
r.”,48
ʈev,15
taːl,136
liːn,86
“saː,14
iːs?,22
ɲet,7
əkj,27
kjə,24
iɕm,25
ɕmaː,25
‘pə,16
to’,3
rəb̤,52
b̤uːn,1
uːne,65
kʰəv,27
jjə,21
l.),4
“iɕ,4
ɖ̤vaː,65
ntr,53
ɳaːɦ,15
ire,15
udv,11
dvə,22
reɕ,11
eɕiː,146
vaːp,88
jəl,41
“tiː,19
‘mə,9
ev’,1
s,”,1
eʈt,8
ʈto,11
viɦ,60
iɦi,76
iriː,62
bæːr,35
roiː,3
iɦiː,23
ɦiːr,40
əɦj,2
əvj,105
uɖ̤iː,27
ɖ̤iːl,30
ər:,2
ɭə,,23
tvi,5
vik,132
ikt,33
kte,6
ten,18
ɳaːm,17
ɖ̤viː,29
ab̤i,100
b̤iv,26
əvuː,74
nəm,78
saː;,3
ədl,36
dlə,9
əto,65
aːnɦ,15
nɦiː,157
il;,2
oiːn,25
aːrt,33
unt,33
ɡ̤jaː,235
viː.,156
ɭiːt,20
viː;,71
dud͡ʑ̤,1
rəe,2
əek,6
ikə,81
so;,3
maːd͡ʑ,13
moɖ,64
to,,61
nip,8
t:ɕ,9
:ɕiː,9
ɕiːt͡ɕ,86
əsuː,57
əɡe,25
aːʈt,54
ʈte,43
isɦ,127
sɦaː,128
el;,42
uɖ̤l,5
ɖ̤lj,14
nme,1
mel,144
mpl,30
(sv,1
aːt),2
ɳet͡ɕ,72
əpu,25
elo,48
ɖək,24
raːɕ,43
bəs,254
slaː,112
ub̤e,86
d̤aːv,100
aːmo,57
vaːɡ,178
iːno,2
on,,63
kr̩p,89
r̩paː,62
eɭə,72
d̤uɳ,6
uɳj,12
amə,18
aːɳt,43
ɳto,70
vaː;,121
raː.,222
“bə,22
ən,,9
ʈʰiːk,31
ɡ̤aːiː,13
ɭət,156
“ti,10
tiɡ̤,19
urt,21
piːʈʰ,37
taːb,136
aːbɖ,18
bɖə,20
tob,22
paːk,47
sru,30
saːd͡ʑ,17
ɕid͡ʑ,24
sə,,4
duːd̤,11
loɳ,3
mpe,29
pep,4
ɖaːkʰ,15
iːtaː,7
tuːt,4
jeiː,176
ɖaːɕ,3
ub̤iː,14
vəj,91
aːd͡ʑo,8
d͡ʑoɡ,3
oɡe,10
liː?,8
aɕə,10
etj,18
tər̩,1
let͡ɕ,47
ɦiː!,24
iː!”,9
(tiː,5
ɡ̤aːb,55
ʈes,4
aːvɳ,204
vɳj,48
oɖaː,70
it͡ɕt͡ɕʰ,59
t͡ɕt͡ɕʰe,22
t͡ɕʰep,6
jniː,2
tjə,134
ris,16
istʰ,7
stʰiː,12
tʰiːt,1
aːt͡ɕi,51
ər?,7
bət͡ɕ,115
iːs;,7
okə,98
kʰiːt͡ɕ,20
aːr;,3
onɦ,86
jaːd̤,43
d̤iːɕ,44
ɡəj,7
əb̤u,14
b̤u,,5
lne,127
kev,32
d̤uːɭ,5
əɕn,18
ɕnə,14
de;,7
kəm,80
kaːŋ,57
“aːɳ,6
əɡiː,37
iːsaː,95
aːvuː,145
os,,7
ɕev,72
evʈ,46
ekd,81
kdaː,67
sdaː,9
daːj,16
iːl?,14
l?”,10
pvi,24
buːk,5
uːkɖ,14
veɕ,122
d͡ʑə,,36
r̩pj,10
d̤uv,52
d͡ʑət͡ɕ,47
ɡ̤aː.,6
ɕiːd͡ʑ,17
t͡ɕɔːk,36
ɔːkaː,6
muk,128
ukk,62
ru.,32
u.”,15
vin,71
inə,47
piɳ,37
opɳ,3
pɳj,12
eɭe,20
ɭep,19
epuː,7
vr̩d̤,34
r̩d̤d,36
d̤də,148
omk,8
mkə,22
ərɖ,36
rɖaː,38
“aːd͡ʑ,30
(de,5
uːt),1
et?,14
uːno,3
no!,3
ʂaːɕ,3
kum,26
vaːd̤,16
d̤iːn,33
ərd͡ʑ,45
rd͡ʑiː,7
d͡ʑiːs,2
ɡaː;,6
naː),5
aːɦu,16
ɦuɳ,11
rɳe,48
ətʰə,113
tʰəm,77
səb̤,59
əb̤o,34
b̤on,27
onv,36
nvt,22
vtaː,176
ɡ̤er,10
d͡ʑuːl,76
uːlaː,126
aːps,16
psaː,15
upr,17
ikv,52
kvuː,6
ɦto,22
“ar,12
are,10
ɡuː,,5
aːs!,3
s!”,5
ərs,19
oɖ̤uː,4
eriː,80
d̤əɭ,29
ɡ̤us,14
usɳ,1
rəj,88
əjt,53
jtn,50
tnə,53
akʰe,15
kʰer,49
aːtj,35
vəi,7
əi,,4
kiv,7
aːiːk,26
ɡə;,3
eʈl,29
ʈlaː,33
uʈʰaː,10
ʈʰaː,,2
tvə,66
ɖaː;,1
əmm,21
mmə,111
ɦaːʈ,26
iːkr,12
kru,36
len,13
en,,13
“uʈʰ,2
uʈʰ,,1
taːɖ,4
aːɖə,12
ɖəɳ,48
raːb,149
kdə,12
ɡon,22
ond̤,11
dir,120
ɡaːiː,32
niː),2
ɕit,46
itp,7
mbi,24
aːiːp,8
əd̤e,2
b̤uː!,1
kaː,,36
aɡd,62
ɡdiː,62
aːvk,6
vkaː,114
ɡlo,32
vip,6
ipr,15
priː,26
ɭət͡ɕ,124
“ʈʰiː,18
seɦ,19
t͡ɕep,7
(lə,2
aːuːl,13
kiːt,26
ted͡ʑ,23
ed͡ʑaː,99
aːɕuː,3
d̤ək,25
ʂaːv,20
mev,14
ɕuːn,37
iːnt͡ɕ,92
mbiː,57
biːj,34
d͡ʑəɭ,48
ətk,9
tkaː,79
miʈʰ,9
iʈʰaː,13
ʈʰaːt͡ɕ,15
kʰaːm,67
dlj,7
avɡ̤,19
vɡ̤aː,4
b̤əl,47
d͡ʑvaː,4
jaː),12
iːnn,123
ɡuɦ,43
uɦe,31
kʈiː,20
ʈiːl,14
“pr̩,3
ɦtaː,55
aːt,,55
ru,,6
əmd,8
mdj,8
djə,31
paːd͡ʑ,38
id͡ʑuː,4
oɡ̤iː,14
laːŋ,11
bit͡ɕʰ,14
it͡ɕʰaː,18
t͡ɕʰaːn,16
kʈj,25
ʈjaː,413
ɦiɳ,18
iɳiː,29
ɳiːl,17
d͡ʑə.,4
aːnɭ,2
nɭaː,1
tʰor,40
orl,41
rlj,47
məv,121
taːɡ,23
ɡaːj,99
jət,70
uʂ,,8
ben,135
ena,1
nam,1
amm,99
mmiː,28
mit,35
mmo,102
uʂ.,2
jəɦ,625
ɦuːd,254
uːdaː,222
ɡaːk,5
iːml,93
əpn,63
pnaː,40
viv,23
oʂiː,40
irp,21
raːd̤,94
aːkɳ,23
e,’,8
‘ɦaː,2
“ɦo,32
ɦoj,143
oj!,7
jes,9
lɳaː,21
nde,241
deʂ,184
eʂʈ,199
evk,111
vəɡ,31
əɡo,5
ɡæːr,24
lo?,1
kʰoʈ,59
oʈe,37
es;,13
ɡte,9
tit,22
ket͡ɕ,21
ʈkaː,48
‘maː,12
ɡə.,55
.”‘,43
bæːl,116
siːɦ,39
t͡ɕɔːpʰ,1
ɔːpʰe,1
aːk;,2
ɦəd͡ʑ,316
d͡ʑaːr,302
naːɳ,9
teɳ,1
jiːp,5
iːpɳ,11
rəd̤,5
d̤iːp,7
d̤ət,18
iːt.,172
əɳiː,106
d͡ʑəɕ,13
aːsj,6
sjə,6
diːaː,1
iːaːn,1
maːi,3
aːij,3
ste,68
dud̤,11
ud̤aː,12
d̤aːæː,1
jaːi,15
tkj,20
med͡ʑ,51
t͡ɕiɖ,3
iɖv,1
siːl,5
siːt͡ɕ,8
kaːb,40
ekr,38
ʈiːm,4
iːmu,10
int,66
laːb,105
bil,17
lkuː,2
kuːl,2
os.,57
baːm,125
uːnɦ,57
piɕ,5
ɕəv,275
ɕid,6
ido,105
ɕeb,60
ebaː,92
baːt͡ɕ,149
tʰem,2
mbɦ,3
bɦiː,4
d͡ʑ̤uɖ,22
uɖp,5
ɖpaː,148
aːt͡ɕuː,22
t͡ɕuːn,38
mr̩t,134
r̩tj,161
tjuː,56
rəɖ,51
os;,18
əluː,32
ɡ̤e;,8
əl;,1
məs,62
təɦ,45
nle,21
aːd͡ʑi,6
d͡ʑil,19
baːɳ,35
daːd͡ʑ,6
pti,4
iːko,4
lɳiː,10
sto,31
ɡəɕ,18
ɕaːɕ,3
jaːɭ,21
ɭuːp,10
uːpɳ,10
d͡ʑəs,45
tuːɦ,18
uːɦiː,24
ɡen,17
bəɭ,95
ɭək,28
kʰaːk,6
kraː,172
“as,8
iːs”,1
æːl,,30
nɖ̤j,67
vlj,67
“d͡ʑe,17
ptiː,64
ʂʈj,260
ɡiː,,8
əso,16
soʈ,9
m”,,1
kul,19
ult,11
pri,21
ori,1
tʰe,,6
ŋɡe,61
kʰoɡ,13
oɡiː,22
ɡiːr,20
ɖ̤əv,23
ɳaːk,20
d͡ʑaːj,96
baː;,2
ulj,4
ndj,27
(bə,2
ɡek,1
baː!,9
aː!”,17
laː?,18
aː?”,64
koŋ,21
oŋk,21
ru?,10
laːɖ,8
aːɖk,9
ɖkj,10
ɡil,153
mbv,27
bvə,13
rɖuː,22
maː!,2
id͡ʑaː,34
ltj,8
ɡep,3
epu,4
aːs.,36
ʂʈi,12
ɕiŋ,59
iŋɡ,67
aɖk,12
ɖkə,21
aːvɦ,22
vɦe,60
jir,1
re”,1
pətʰ,73
asə,57
kʰjə,35
əki,14
ntn,3
d͡ʑiŋ,23
iŋk,26
ŋke,5
d͡ʑaːd,14
aːdv,13
kaːk,63
iɭuː,37
æːrə,13
iro,115
rop,119
etə,21
buːd͡ʑ,3
uːd͡ʑə,25
muv,156
uve,187
aːp;,2
kes,60
ese,31
sed,2
ed,,2
əd͡ʑo,9
d͡ʑo,,2
ild,1
ldaː,10
jid,1
idl,4
dlaː,106
laːp,17
bətʰ,40
tʰuv,9
et”,1
rib,47
ibk,55
bkaː,20
lke,4
riːɡ,3
iːɡu,10
reuː,5
euːm,1
uːmaː,5
teb,6
aːɦ,,2
ɡəɦ,16
kir,81
irj,45
jaːtʰ,87
aːrb,15
rbaː,16
on),13
ɕok,45
urɳ,26
“sv,17
net,98
mpæː,76
məj,21
jtaː,3
kəpʰ,6
əpʰn,9
pʰnaː,1
niːl,12
adb,2
dbiː,2
biːn,22
trpʰ,5
rpʰe,6
soɦ,8
oɦr,6
epʰr,122
pʰrə,6
rər,4
ərn,6
rnə,6
əbd,67
bdə,75
ʈok,46
mək,50
əkp,8
kpe,5
uɦaː,15
vɖe,7
rep,29
kim,47
imm,71
smə,77
aːnb̤,2
nb̤u,1
b̤um,1
umi,1
saːk,67
pʰro,10
ekʰə,54
kʰət,30
pæːs,67
æːse,51
nsm,28
pɔːn,36
ɔːnɖ,36
ʈʰe?,2
aːbj,68
mmt,22
mtə,3
onl,47
pəd,70
ədd̤,9
ɕek,55
ɳiː),2
tol,15
oluː,48
nvr,23
ɦək,58
kkə,53
dluː,15
adl,2
tiːk,10
nb̤uː,1
iːnaː,150
aːrb̤,54
rb̤aː,55
mukʰ,148
ukʰj,26
ɖiːkʰ,2
iːkʰaː,53
əsm,32
liːb,9
iːbr,13
ɕod̤,78
od̤uː,18
“jə,25
jəd,3
bəd͡ʑ,28
miːt,24
d͡ʑaːs,76
t͡ɕəɳ,27
aːɳə,19
ɳəɕ,34
buːl,70
əptʰ,12
ptʰe,7
tʰet,5
mok,33
olv,22
ɳɡj,11
ɡjaː,31
nəɦ,20
eso,3
sop,28
opo,2
ʈem,4
emiː,9
miːj,5
opʈ,3
pʈe,2
emj,1
riːd͡ʑ,41
neɳ,41
ət.,73
s,;,1
pɖaː,57
lək,188
vɖ̤iː,23
ɳen,7
‘mu,4
ɡ̤aːɡ,10
‘pj,1
nsɦ,1
sɦiː,10
e;’,6
idd̤,11
uɳiː,14
ɦiɦ,1
ekʰɳ,13
kʰɳiː,5
ʂaːb,7
“mu,17
aːɡr,14
bke,39
“pj,2
aː;”,8
piuː,21
iuːn,6
ɖoɳ,2
otl,14
at͡ɕə,1
et͡ɕe,67
jəɕ,94
ɕəs,49
ntp,14
ɔːns,8
rd̤aː,35
t͡ɕiː),1
onj,203
ŋɡʈʰ,4
ɡʈʰiː,2
baːŋ,5
ŋɡɖ,9
ɡɖj,5
pen,29
nɖ̤aː,41
pre,146
rem,97
emd,2
mdə,1
niʂ,29
ʂʈʰaː,11
mit͡ɕ,1
liːk,70
ɖet͡ɕ,13
aːiːs,12
oɖv,76
ɖviː,11
iːɳj,1
aːɕi,20
ɡaː.,73
btiː,54
əp,,5
raːɖ̤,12
kʰil,9
laːr,7
ne.,8
‘aːp,6
ptaː,16
taːk,19
ɳ.’,2
aːlo,215
lo,,14
‘jə,6
r?’,1
‘d͡ʑj,3
d͡ʑaːɕ,25
l.’,22
‘ɦe,10
əpʰə,58
d͡ʑə!,7
ə!”,2
aːb!,1
ɳte,26
e,”,5
d͡ʑen,5
n.’,17
mpɳ,6
ndd,3
daːv,819
de.,96
kʰaːŋ,3
aːŋɡ̤,24
ŋɡ̤aː,1
ɡ̤aːv,5
‘tuː,7
j?’,4
‘naː,3
aː;’,1
ɡɖə,16
ɖəj,8
vvuː,4
upk,28
pkaː,9
stu,25
tut,25
utiː,20
kʰvə,94
epɳ,23
ɡaːl,93
taː?,22
rer,3
əkə,100
mip,4
riːs,19
eʈv,15
ʈvə,13
ɳke,1
məɖ̤,41
daːɡ,24
aːɡd,10
ɡdaː,7
aːɡi,59
ɡin,12
t͡ɕəp,35
epi,3
ʈʰlj,22
miːk,2
ɡ̤to,8
aːuːɦ,3
“ri,1
nid,4
“kr̩,8
bvuː,7
“aːm,75
t͡ɕt͡ɕʰaː,67
o;”,3
aːri,27
ril,4
oj,,18
aːmb̤,49
mb̤aː,40
b̤aːɭ,19
daːiː,8
aːiːɦ,1
b̤əɡ,5
əɡi,10
laːkʰ,38
aːkʰo,12
ɦo;,1
bim,5
imo,38
ɡre,115
ikuː,12
uːnn,43
ɡ̤ev,3
ənə,107
urkʰ,4
rkʰj,32
səv,24
6mə,1
kem,4
maːd̤,12
aːd̤aː,56
əʈuː,6
ʈuːr,2
uːraː,7
əʈu,1
ʈur,1
d͡ʑib,11
mid,62
idj,65
iɕb,7
ɕbaː,3
ɕuɦ,1
uːriː,15
ləu,1
əum,1
umiː,1
ləd,5
əduː,2
duːɕ,1
epʰaː,198
pʰaː,,2
epʰə,29
okʰ,,3
biːd,8
iːdaː,389
eld,3
uːre,1
diːr,26
iːrɡ̤,20
rɡ̤ə,11
ɡ̤ək,9
sukʰ,22
ukʰiː,12
pro,6
ɦiːt͡ɕ,62
juːn,20
ɭə;,3
ɕiː.,10
nəb,26
ked,31
edaː,25
mib,1
ibs,4
bsaː,4
dum,13
ssaː,71
saː,,13
tem,7
ətuː,2
tuːr,2
aːpiː,14
edm,2
maː;,1
riv,13
ənl,21
aːsɦ,13
nstʰ,1
tʰaːp,18
dtiː,70
uːrp,28
ad̤uː,5
uːnm,3
esaː,178
ɡɖuː,1
“do,8
d͡ʑjə,152
rte,25
uːtiː,6
d͡ʑuɭ,6
uːkaː,1
saːɭ,12
əɡj,11
ɭə),2
aːʈʰo,12
ʈʰop,11
opaː,31
əʈʈ,71
ʈʈə,14
kob,297
saːɦ,51
taːɕ,9
se;,10
riːɦ,75
iːɦuː,18
tʰək,20
əkl,58
b̤uk,17
əsu,10
uriː,67
ɖaːɭ,24
əɳl,24
ɳlaː,31
kuːɭ,83
mbɖ,21
bɖj,19
e;”,6
ado,97
bɖaː,7
ɖaː),2
d͡ʑje,17
jeʂ,16
eʂʈʰ,17
ʈʰəp,7
“b̤u,1
t͡ɕiː?,1
“tə,20
əm,,7
mob,14
obd,24
bep,2
prv,1
ʈək,13
taːɦ,66
en;,7
mmu,19
ɲaː,,5
ijə,139
aːjd,23
jde,5
keɕ,7
kʰeɭ,3
naː?,33
apr,76
ɦuk,17
kuːm,11
ive,67
erl,12
rmə,51
saːʈ,3
mpt,13
ptt,15
erɖ,42
ɦev,2
nok,89
okr,115
t͡ɕaːk,45
bud͡ʑ,10
paːʈ,50
diːd͡ʑ,33
ɳlj,22
d͡ʑ̤ər,15
ɦud͡ʑ,6
ud͡ʑd͡ʑ,15
d͡ʑd͡ʑə,24
‘es,1
sek,1
ek’,1
okɦ,20
‘si,1
sit,1
itn,1
tnaː,31
naː’,2
etʰu,1
tʰun,1
‘rə,1
otʰ’,1
raːʈ,18
“is,99
səl,85
aɦu,1
d͡ʑd͡ʑaː,23
d͡ʑaːtʰ,1
d͡ʑor,26
aːt?,26
t?”,15
pəʂ,14
iːriː,8
mub,8
ubl,8
‘ɕe,2
baː’,3
‘bæː,1
ɡne,14
uːdiː,10
diːtʰ,2
iːtʰ,,2
æːriː,1
ətʰ,,23
ɡiː;,1
:kʰaː,24
asv,10
əstʰ,52
stʰə,40
“es,1
b̤aːt,6
je.,151
rut͡ɕ,28
t͡ɕək,35
æːkə,11
“niː,1
niːʈ,23
æːk;,2
vaːɕ,108
æːk,,3
t͡ɕəʈ,51
rɖe,45
ɖiːt͡ɕ,29
əpuː,48
əɖb,5
ɖbə,6
bəɖ,12
t:v,3
:və,3
əpɖ,85
aːtɖ,68
tɖe,9
nev,6
ɡti,2
“ev,3
vɖ̤ə,6
ɖ̤əj,3
el”,11
aːɳ,,4
ukaː,38
t͡ɕum,17
pik,36
suɡ,21
d̤aːs,28
sup,6
upiː,8
ot;,11
b̤od͡ʑ,30
mr̩ɡ,3
kʰaː;,1
ɡaː,,20
jaːa,8
aːaɡ,5
aːdɦ,3
dɦiː,2
uɕiː,20
aːr.,22
kʰin,22
inn,28
juk,13
ukt,64
tiːb,5
raː),4
aːkʰuː,13
kʰuːn,31
din,5
ɦo!,5
o!”,9
ʈaːɦ,4
laː!,11
uːsɦ,4
ɖ̤əɕ,2
d͡ʑ̤uɡ,2
dve,33
veʂ,37
“lə,8
vij,1
ijo,8
bet,14
osaː,14
tʰaːn,280
riː.,20
liːp,11
iːpæː,5
iːɡ̤,,2
kiːɕ,12
ərtʰ,25
ətʰuː,1
tʰuːv,1
uːve,4
aːuː,,6
obl,4
riɕ,5
od̤ɳ,5
aːsʈʰ,1
sʈʰiː,1
obɦ,2
aːnuː,17
nuːn,47
iːnv,20
umɡ,4
mɡə,3
ɡəl,59
odr,10
lətʰ,5
aːjo,9
jotʰ,15
otʰaː,24
iːɳ.,2
d͡ʑ̤om,8
omp,9
d̤on,15
pnə,21
ɕiɖ,3
iɖiː,3
sre,53
ɦot͡ɕ,17
ɖiːv,43
d͡ʑob,12
iɳ,,1
diɕ,32
iɕaː,93
ɕaːŋ,4
“kʰə,5
uʈʰe,29
ʈʰep,11
aːss,29
sstʰ,28
rov,13
ovl,3
tel,145
nɖj,34
smaː,25
luːd͡ʑ,6
aːrk,67
rkə,21
evt,35
vto,16
dəɕ,32
ɖ̤ək,8
eviː,229
oʈʰuː,5
oɭə,107
ɭəkʰ,49
əkʰt,9
kʰtaː,6
kʰto,9
ɦel,85
avk,2
aːuːd,1
uːdj,7
olə,45
(kaː,6
niɡ,16
iɡaː,17
aːkʰɳ,13
kʰɳj,12
maːm,20
d͡ʑet͡ɕ,68
oʈl,5
b̤aːt͡ɕ,7
iʈʰiː,6
mbn,5
bne,98
aːɕt͡ɕ,12
ɕt͡ɕə,17
naːb̤,8
5ek,1
tlə,20
vet,136
leaː,41
eaːt͡ɕ,4
nis,35
suɖ,2
uɖɔː,1
ɖɔːl,2
ʂen,3
enə,42
upb̤,10
pb̤o,10
oɡə,11
(laː,3
eaːl,7
eaːb,2
baːɖ,12
kʈə,17
ʈəj,14
vid̤,114
id̤iː,62
oɦə,9
ɦəɭ,17
əɦb̤,11
ɦb̤aː,12
lɦiː,16
ɖaːb̤,2
ilɦ,13
eaːp,3
əub,77
ɕim,110
lev,203
uti,6
əts,6
tsə,23
d͡ʑaː;,12
ɭən,15
ɳiːɕ,10
d͡ʑid,1
diːn,33
ərd̤,4
ʈʰiːn,8
d͡ʑəj,53
nəpʰ,41
əpʰt,41
pʰtaː,69
eaːn,5
ilp,7
lpaː,12
aːɡj,5
ɡaːd,92
ɦe!,68
iːl”,5
pʰul,28
daːt,87
“aɡ,1
leɦ,37
kuːs,3
kr̩t,94
bək,87
ɕiːs,7
iss,67
saːkʰ,41
kʰaːr,30
t;”,2
d͡ʑəb,158
bul,37
aːd͡ʑiː,45
d͡ʑiːr,29
stʰi,24
tʰit,22
jos,293
ose,296
sepʰ,297
pʰaːt͡ɕ,46
:t͡ɕj,15
t͡ɕɔːd,18
ɔːdaː,23
“tʰaː,1
pos,3
osl,4
:saː,28
euː?,2
uː?”,10
d͡ʑe;,12
ekɖ̤,2
kɖ̤iː,1
viːp,9
ɭiːn,19
ʈʰib,13
ʈʈe,6
kre,41
aːɭj,14
ɦet͡ɕ,43
t͡ɕor,38
u;”,1
nɖe,69
ɖke,19
eɭj,18
əpv,27
ɡup,21
pət͡ɕ,14
ət͡ɕuː,16
t͡ɕuːp,6
pʰaːn,68
aːnɖ̤,37
sep,24
sol,1
nɖ̤ə,8
ɖ̤əर,7
pʰok,1
ənɦ,48
kun,20
unɖ,47
aːr,,34
kok,60
ət;,6
dur,69
urb,8
rbə,20
səɕ,19
ʈə,,5
ndɔː,3
dɔːl,3
ɔːlə,88
kʰiːt,6
ob,,9
ɡ̤iːn,6
etn,4
uːkiː,1
“ek,25
‘sə,4
ɡ̤e,,6
naːd,60
kʰəl,47
l,’,2
ʈlj,24
artʰ,51
rtʰaː,14
tʰaːt,40
əkर,33
kऱ,47
l;’,1
aːɖ̤n,1
ɖ̤nə,1
‘jaː,18
ob’,1
‘kaː,1
e?’,3
‘paː,1
et!,11
ɖvuː,53
anj,19
elm,71
aːɡv,16
ərt͡ɕ,7
rt͡ɕə,5
ɭaːb,1
raː!,10
uld,9
lde,10
muːr,81
t͡ɕiːd͡ʑ,17
əvs,39
vst,22
ɖliː,71
mvə,15
“laː,1
aːvd̤,7
aːn!,2
baːɕ,67
ɡaːʈʰ,25
dd̤aː,80
d̤aːt,31
t͡ɕəɡ,2
vɳiː,159
d̤aːm,10
d̤uːm,1
iːns,10
sə!,1
uːrkʰ,9
rkʰə,19
kʰəp,7
apaː,13
kiːd,4
tuːs,3
uːsaː,8
əɖt,33
ɖtiː,21
(raː,2
t͡ɕʰaːv,161
uːt͡ɕiː,30
ənʈʰ,1
nʈʰaː,1
ʈʰaːɭ,1
pvuː,24
ʈʰeɦ,11
aːsi,23
sik,32
təp,62
saːɳ,5
bvi,3
kʰvaː,31
bəɡ̤,54
əɡ̤t,10
rvuː,25
nɖ̤iː,21
ɕiːɳ,5
ɖiːɡ,1
iːɡaː,3
aːrʈʰ,2
rʈʰj,1
oɭj,20
aːiː.,9
ŋkɳ,3
kɳj,26
vʈə,21
ʈət͡ɕ,64
ɖ̤aːv,26
erb,4
4pə,1
ev,,6
‘b̤ə,1
əj’,1
j’),1
met͡ɕ,10
aːst,114
3laː,1
d͡ʑ̤iːt͡ɕ,9
t͡ɕuː.,2
iːɕe,4
ɕed͡ʑ,73
jəɡ,131
ɦaːd,21
aːduː,19
duːtʰ,1
uːtʰaː,2
led,3
(ɡə,2
aːv,,2
ɦib,3
bruː,11
ʂet,2
‘kə,1
aːs’,13
s’),1
ɡ̤aːs,6
alə,5
isp,29
nɖuː,36
d͡ʑuːk,4
rvo,2
aːp,,6
“b̤ə,3
əj”,2
pru,7
əɦn,15
ɦnaː,13
naːi,5
aːim,27
im’,1
sei,1
eir,1
ilo,55
lo;,2
aːiːɡ,2
ʈlo,1
paːm,15
ʈoɭ,35
oɭiː,24
vaː!,5
kaːʈʰ,94
əv;,1
leŋ,2
eŋk,3
kiːl,29
bok,8
ke,,6
aːɖɳ,11
ɖɳiː,22
bət͡ɕʰ,1
ət͡ɕʰə,2
t͡ɕʰəɖ,2
ɖiː,,11
kʰon,4
ɖə,,2
kek,24
s?’,2
eʈe,12
ʈel,47
akr,19
əbb,54
bbo,10
utaː,36
teɦ,62
omb,40
vep,2
epə,8
baːv,40
d͡ʑaːŋ,10
ŋɡ̤e,3
ɡ̤es,1
ɡ̤et͡ɕ,2
nikʰ,4
ikʰə,2
kʰəɭ,30
raːe,1727
os?,15
niːe,3
iːel,14
nɖo,2
ləŋ,33
aːjuː,4
juːp,4
dukʰ,20
ukʰaː,49
kʰaːp,10
əʈ,,5
ɡ̤aːɖ,7
ɦun,7
viɭ,2
əkʰaː,11
ɖəɭ,64
“ik,2
oɳ?,10
ʈʰiː?,4
bəŋ,1
əŋɡ̤,4
ŋɡ̤u,1
ɡrə,66
raː;,15
miːɦ,17
aːlt,24
naːd͡ʑ,41
aːd͡ʑu,4
d͡ʑuk,2
ub̤t,3
b̤tiː,3
ət͡ɕt͡ɕ,8
t͡ɕt͡ɕiː,3
d͡ʑe.,154
dɔːɖ,1
dliː,10
ɡ̤aː;,3
jiːɡ,7
d͡ʑit,31
lve,1
nmu,4
seiː,24
eiːr,24
ʈen,27
evi,19
ito,8
nɖ̤o,6
kʰop,1
pʈj,2
d̤lj,18
kko,17
kotʰ,16
eml,77
mlaː,99
ukʰr,9
kʰru,14
pəp,2
d͡ʑaːk,32
əsi,4
siʈ,1
(t͡ɕaː,1
“el,9
əbr,57
eiːp,25
tmiː,37
b̤əɖ,13
əɖk,51
veɖ,9
aːtu,4
tur,37
ɡnaː,10
əd͡ʑu,32
d͡ʑum,19
uml,2
udiː,2
ɭiːk,9
rur,7
ʈep,3
t͡ɕuk,66
ukiː,30
t͡ɕe,,20
aniː,3
euː:,1
ouː.,4
aːuː.,27
uts,18
tsaː,9
ɳiːj,3
ɕiːp,19
mæːt,8
æːtr,8
vɖ̤aː,36
ouː;,2
ɕiːt,5
kʰmaː,8
mku,3
kuv,4
uvə,3
leb,69
aːɭe,35
ŋkʈ,46
uʈʰt,6
ʈʰtiː,3
oɖk,2
eɕj,28
ɕje,13
jep,5
daːp,18
ɡɳe,16
te!,9
e!”,28
‘el,2
el’,4
ev),1
d̤ə.,2
t:l,32
:laː,32
ət͡ɕt͡ɕʰ,22
aːuː;,3
ɡes,2
dəb,43
bor,21
all,2
llo,32
kuːtʰ,1
uːtʰ’,1
l;”,1
no.,2
ipʰr,2
pʰraː,132
raːtʰ,18
tʰlə,29
əɦe,31
ɦem,52
em),3
suiː,3
uiːɳ,3
avs,10
vstʰ,18
“b̤i,7
nəo,1
əon,1
niː’,1
iːn’,4
ʈed͡ʑ,1
rev,5
ɡɖiː,25
(jaː,14
ne),4
der,8
ud͡ʑaː,14
(is,6
el),8
ɦud,28
udaː,41
daː,,20
uːn;,1
‘ki,1
arb,5
tʰiːn,4
‘ad,2
om’,1
m’),1
iːnɕ,8
sib,10
ibo,45
bon,79
ɦiɭ,1
iɭiː,2
ətʰ.,1
del,5
tʰəl,2
euːl,4
jəu,3
omiː,14
oj.,70
iːrə,15
ɭə:,1
aːv-,2
v-e,1
-es,1
uːl.,2
əpo,9
po,,2
d͡ʑə;,3
imn,16
mnaː,29
aːms,15
mst,13
ek.,3
v-n,1
-nə,1
ɦaːtʰ,32
aːtʰ,,16
d͡ʑer,40
mmaː,16
mid͡ʑ,33
rəɡ,10
əɡu,9
ɡuv,7
aɦl,10
ɦliː,8
ekʰ;,1
ɦətʰ,1
ɡe-,1
e-j,1
-jə,3
əɦ;,2
iɡ̤e,6
(ad,2
uːn),4
omm,4
oʈə,9
ʈən,8
ɕob,11
diːɕ,9
aːn;,3
aːm.,6
(ti,1
alv,1
ajj,3
(aːp,2
naː.,26
aː.),22
iɕo,10
maː.,10
e;ɦ,1
;ɦe,1
mdaː,4
eɕb,1
jit,3
aːn.,6
esr,10
akaː,4
om),1
eln,48
oml,18
bɔːr,8
ɔːraː,11
adr,3
dro,6
rom,3
d͡ʑəd̤,10
ɦuɕ,8
miɡ̤,1
laː),6
aviː,3
aːml,38
(ju,1
iːs),1
ɕɔːl,408
akb,1
kbo,1
aːl-,12
l-ɦ,2
-ɦaː,9
ɦeʈ,1
ʈaːb,3
me-,1
e-d͡ʑ,2
-d͡ʑaː,2
d͡ʑaːɦ,12
aːpɦ,5
pɦiː,8
umd,3
meɖ̤,15
eɖ̤j,7
ər),10
ʈiːv,16
iːvi,13
ob),5
pʰaːv,9
pʰaːl,37
aːjɡ̤,4
jɡ̤o,7
ɡ̤oɭ,14
pʰaːɕ,6
ɡol,31
ub̤j,10
b̤jaː,11
nɖ̤i,1
ɖ̤il,2
æːkuː,82
ʈiːk,5
aːiː,,11
miːp,5
ɖ̤aːr,35
“ɕə,17
aː?;,1
od̤ə,4
dotʰ,5
pne,10
kʰaːɖ,7
pʰek,34
ɳaːe,1
aːek,3
ɡuː;,2
kʰvuː,17
euː.,16
aːruː,43
euː;,1
uː;”,1
pʰaːɖ,31
aːɖuː,31
mtiː,32
duːn,7
daːɦ,9
pʰaːj,5
jdaː,10
daː?,3
paːर,4
t;t͡ɕ,2
;t͡ɕj,2
oʂɦ,3
ʂɦiː,3
n;”,1
vaːŋ,5
bəd̤,6
ru!,2
u!”,1
əkʰl,27
le!,9
nst,3
ɡoɳ,11
taːʈ,20
ɡun,23
ntv,6
ad̤o,4
d̤ol,3
olo,5
pʰaːk,7
ʈiːpʰ,16
iːpʰə,13
rdj,8
adu,9
dul,7
ɕuːv,4
uːvaː,9
kəd͡ʑ,25
d͡ʑiːb,4
kop,72
iːl:,4
l:”,1
əjiː,13
iːln,1
iːrj,7
ull,14
id̤v,43
d̤vaː,39
naːiː,28
stj,42
jod͡ʑ,25
aːl?,5
ɳaːb,12
ite,5
ɦəɖ,3
kaːɡ,2
ɡdə,5
dəp,4
əɡæː,10
æːre,10
umʈ,8
mʈə,2
ʈəv,5
iːlb,1
lbə,13
ikk,8
aːrn,11
rne,14
d̤ve,4
jel,31
“je,10
“d͡ʑaː,13
ɔːkə,22
aːls,6
lst,1
aːpk,8
pkə,25
kʰet͡ɕ,36
et͡ɕuː,11
d͡ʑaːɭ,88
aːsर,8
tuːŋ,1
uːŋk,2
tuː?,3
moɦ,13
riː?,2
kʰlj,5
iːɳiː,1
d̤aːɡ,3
aːkʰɖ,2
kʰɖuː,4
“ɦə,9
ən!,1
ər!,8
r!”,5
ʂep,2
‘vaː,2
aːɖ̤ɳ,15
ɖ̤ɳaː,12
raː’,3
aː’),1
iːpʰr,10
kʰuʂ,6
nem,112
mlj,4
pʰaːm,8
uɖ̤j,2
eiː,,2
bdaː,53
kʰɳaː,13
nd̤e,2
d̤es,1
esuː,1
suːd,8
vɖuː,14
d͡ʑə”,1
opv,31
oʈʰp,1
ʈʰpə,1
ɡ̤or,5
ərr,11
rro,9
rod͡ʑ,43
ospʰ,1
spʰaː,1
pʰaːb,8
ʈne,11
ulə,28
ləʈ,17
aːrɖ,16
bru,19
bɳj,1
ruŋ,25
uŋɡ,41
æːdj,14
epʰ;,1
toɦ,13
oɦiː,13
eiː.,12
rot͡ɕ,54
ot͡ɕj,43
rdə,10
ɡ̤aːɦ,1
aːd̤j,9
aʈk,6
ʈke,14
ket,8
nte,5
tet,8
d͡ʑiːt,7
lɡə,17
pʰaːʈ,71
aːʈj,62
kɕe,23
piɭ,1
d̤aːt͡ɕ,24
rol,24
suʈ,61
t͡ɕaːर,6
okj,74
roʈ,1
oʈj,23
ʈop,25
əkv,6
kvaː,11
ulɖ,1
lɖuː,1
uɖv,27
ʈaːŋ,14
ɡiːl,8
aːɖ̤d,1
ɖ̤di,1
uʈk,22
e.;,1
e;t,1
;te,1
d̤uʂ,1
roɖ,7
kur,44
d̤əʂ,8
dub,6
uʂʈʰ,2
əɳs,18
kʰur,37
urʈ,2
rʈə,2
ʈəl,25
poर,2
daːɳ,14
ɡiɭ,9
bet͡ɕ,11
et͡ɕæː,3
t͡ɕæːn,3
nɖi,4
ɖit,4
ros,7
æːde,1
1aːɳ,1
daːɖ̤,9
aːɖ̤iː,12
opu,4
kɔːɕ,4
ɔːɕə,4
aːmr,80
mrtʰ,83
rtʰtʰ,1
tʰtʰə,1
epʰl,2
pʰlaː,3
əbə,36
t͡ɕt͡ɕə,11
vaːर,13
d͡ʑ̤əɭ,1
aːdu,3
duɡ,3
tiʂ,7
ʂe.,2
vɡ̤j,10
sub,5
ubt,3
btt,3
ɕəb̤,18
t͡ɕət,21
ətu,7
vɖaː,9
ʂaːt,19
ɖep,10
ro,,7
ɳaːt,70
lpə,27
kmə,6
“jo,20
pʰaːp,4
jə,,23
(mi,3
t͡ɕaː),5
d̤ip,30
ipt,26
ut͡ɕt͡ɕ,23
emt,5
mto,3
aːɭi,14
ɭit,2
md̤aː,8
emi,4
boʈ,20
ɡəʈʰ,13
ləm,47
poɕ,4
oɕaː,106
ɕaːkʰ,19
ɡaːɭ,21
əln,6
əsɳ,19
rdiː,29
“lo,14
mud͡ʑ,2
(pr,1
riː),6
uku,12
aːpn,10
naːtʰ,156
aːtʰ-,26
tʰ-p,7
-paː,1
peʈ,44
snə,3
nətʰ,7
dɔːr,1
ɦɳiː,6
ɡro,2
ʂaːm,6
rʂə,54
əɕɕ,97
ɕɕe,87
vəb,3
ʂaːp,14
ɭen,7
naː;,3
rok,17
okɖ,17
t͡ɕoɦ,1
ɦiːk,1
ɖaːr,11
slo,7
əɡuː,25
səkʰ,11
əkʰkʰ,6
kʰkʰaː,3
oɖ̤v,21
tiːv,32
ɡeɦ,32
aːɦr,3
ikɳ,8
əʈʰo,15
ʈʰor,15
orp,19
ɦo.,14
aːt!,6
ətp,11
aːuːt͡ɕ,5
əʈv,9
ʈvuː,9
ətʰ!,1
evb̤,1
vb̤i,1
b̤ir,1
əʈe,8
aːku,14
uːbd,2
aːʂj,1
b̤oʂ,1
oʂe,1
pot,12
æːsaː,14
ʈet,9
ɖes,32
ɦaː!,9
t!”,7
‘tu,22
ɭəs,19
pæːɕ,13
æːɕaː,13
iːn!,9
n!”,2
ʈʰvi,12
ret,46
ʈʰvaː,31
ɳaː.,28
ɳuː.,5
pet͡ɕ,9
t͡ɕaːt,8
puːs,8
səd̤,8
aː?’,7
tus,2
ɕnaː,4
uːn.,6
nsk,11
klo,16
pʰeर,6
eऱ,8
əd̤,,1
pis,13
baːd,3
ɖiŋ,2
kə,,1
d̤rə,3
ʈiːp,3
t͡ɕuːk,22
ʈʰvo,1
b̤aːर,29
ʈʰiːt͡ɕ,35
kʰep,1
epe,5
d̤ut,14
utl,15
væːr,14
aːso,23
naː!,10
!”?,1
(jo,1
tiː),10
aːuː?,3
ro!,5
aːiːɡ̤,3
iːɡ̤aː,3
d̤uuː,4
uuːn,4
ʈʰət,3
tep,6
aːɖ̤p,1
ɖ̤piː,1
piː,,3
mur,5
jle,9
ɕaːb,9
ɲaːp,33
əb̤र,1
b̤ऱ,1
əɳ,,22
‘aːm,27
lep,4
lo!,1
aː.’,11
əl?,2
upt,13
aːʈʰuː,4
orɳ,2
ɳiːp,7
jaːb̤,25
aːb̤aː,25
aːti,5
osə,23
əkuː,13
ʈvi,1
d̤aːb,8
asuː,86
‘ɦo,1
‘to,1
tuːʈ,6
iː.’,6
o,’,2
jəp,21
ɕuːd,1
uːdv,1
dəʂ,1
əɦt,29
ɦtv,24
aːtʰj,17
‘d͡ʑə,4
ɖuːt,1
b̤ik,3
ɡ̤aːk,2
miː!,4
əɕi,39
ɦim,15
okʰuː,4
uːnd,6
ndk,4
dke,1
t͡ɕiːt͡ɕ,40
obɖ,1
dəv,21
əvɖ,4
ɡoɕ,17
oɕe,927
ltə,5
pʰət͡ɕ,31
væːb̤,8
æːb̤ə,5
iːnɦ,5
ʈʰeuː,1
ɡaːɖ,24
svuː,13
ŋko,1
to!,4
ʈʰiːɦ,12
en!,2
ɲaː?,1
ɕiː-,5
luː,,2
sro,8
rmiː,9
ɔːl.,2
ɡer,39
erʂ,29
aːmuː,6
puv,5
on.,7
uːnaː,31
ser,23
aːɦl,6
ɦle,3
ən-,8
n-a,2
-ar,7
eɦt,7
sipʰ,2
ipʰj,1
pʰjo,1
jon,127
ɦəɡ,7
esb,1
sbo,1
aro,15
odiː,6
ɕviː,4
aːɦ;,1
ebe,23
kiːe,3
liːaː,1
soɭ,11
bek,5
ker,6
əbe,27
roʂ,1
oʂ,,1
mup,1
ppiː,2
piːm,2
ɦup,1
də.,5
ɕiːm,7
sɦe,1
ɕil,76
lɦe,2
aːtɡ,1
tɡə,1
ruɖ̤,5
uɖ̤o,2
t.’,2
əd͡ʑi,10
ivi,4
ɖ̤iːd͡ʑ,1
iːd͡ʑaː,2
aːɖv,45
ɦɳe,4
jdj,3
lliː,23
osm,3
eɖ̤p,2
d͡ʑəɦ,29
9jaː,1
əʈʰi,4
ʈʰiɳ,3
ləb̤,1
əb̤l,1
kʰəd,1
130,1
uɖ̤uː,11
mse,5
ses,7
aːld,2
ldiː,1
diːl,18
ikr,19
llə,36
jaː!,5
ɡ̤oɖ,77
iːre,1
əɡ̤ə,7
ɡ̤ət,10
təd͡ʑ,10
pəɡ,5
iːsk,2
sse,3
ʂaːk,1
aːntʰ,3
ntʰo,1
ot͡ɕaː,18
ɳaːd͡ʑ,10
ɖikʰ,1
ikʰaː,6
lɡj,1
aːtʰə,27
tʰəd͡ʑ,2
tʰle,12
eɦe,18
kəv,28
vʈaː,4
ɕet͡ɕ,104
lvo,1
mbe,17
be,,3
tʰol,1
ɕaːɦ,16
smuː,1
muːɦ,8
t͡ɕt͡ɕaː,16
kʰaː,,8
ɕes,3
əɖ̤uː,27
“rə,4
es:,1
b̤im,3
beb,1
laːʈ,2
ʈaːm,8
ɕre,4
reʂ,6
aːs;,1
ntʰə,25
tʰər,33
kʰlaː,15
bæːʈʰ,32
æːʈʰk,16
ʈʰkaː,10
sin,59
duːs,2
uːsr,3
etr,8
ɦut,2
ute,2
tek,3
d̤uiː,1
uiːl,1
aːlb,5
lbu,4
bun,2
uːd̤p,1
d̤pi,1
uːd̤aː,2
d̤aːp,2
pʰed,1
ɦaːd͡ʑ,29
rəp,22
iɕr,16
ɕraː,10
bod͡ʑ,2
od͡ʑaː,21
“daː,21
ɳe,,42
ʈet͡ɕ,7
t͡ɕel,10
esv,14
ud̤d,202
d̤daː,100
“lu,1
ʈaːr,18
ɭiː”,1
“aːɕ,4
nəp,10
əpd,2
pdaː,3
“nə,18
riɳ,6
aːɖs,3
ɖsaː,3
ɡoɖ,8
oɖ̤j,9
ump,15
ərɦ,22
rɦiː,29
nur,2
urd̤,1
dd̤e,3
d̤eʂ,1
kil,16
rtʰj,70
tʰjə,40
nɖɡ,1
ɖɡj,2
b̤ək,32
ɕjə,54
aːiːd͡ʑ,3
aːmk,19
ɦeɦ,13
ibe,1
væːd,2
ʈʰeɳ,1
un,,4
nee,3
“pʰaː,6
ləd͡ʑ,9
iːj,,6
(pʰə,2
əmuː,25
əlʈ,3
lʈə,6
kʰje,12
jen,19
(d͡ʑə,1
d͡ʑəॉ,1
əॉiː,1
ॉiːn,1
iːn),1
ɡor,4
taːd,2
tkr,4
tki,1
kij,1
abe,3
irs,35
rsk,12
‘jo,1
o.’,18
iːlp,6
poʂ,6
oʂə,3
ʂəɳ,9
əmt,37
mte,2
maːkʰ,30
kʰiːr,19
aːk,,4
ɕed,7
edɦ,3
əvp,2
vpe,2
ɦiː:,4
er.,4
rəb,25
əruː,188
əbɡ,2
bɡaː,2
bvaː,5
rul,1
isʈ,25
sʈuː,13
ʈəm,6
biɡ,3
mtaː,1
pitʰ,1
itʰo,19
tʰom,1
dəs,9
siːj,4
ape,7
peʂ,4
ɡ̤aːɳ,5
sui,6
uiɳ,6
avə,45
əɕj,43
məɳ,18
aːkd,1
t͡ɕaːɳ,6
aːvv,8
vvj,160
eruː,4
nɦj,4
iːɳ,,3
əkn,15
knj,11
ŋɡ̤o,9
nje,13
ntɡ,1
tɡi,1
riːd,5
baːiː,74
:t͡ɕaː,9
moɕ,863
ruːɳ,8
d͡ʑuːb,6
uːbaː,6
ɭuːt,3
md̤iː,31
d͡ʑaːर,38
ɡə!,3
ɦus,17
usk,17
skuː,3
enɖ,2
nɖr,1
ɖraː,1
sip,13
ipp,19
ppo,13
por,17
rʂo,26
ʂom,2
iːkə,55
itʰr,25
tʰro,20
ɖuːp,7
“mo,8
ɕe!,1
itʰe,253
uːnk,2
nko,1
aːjt,2
jtə,1
təɳ,15
aːɖ̤;,1
kro,49
roɕ,24
d͡ʑaː!,2
uɖ̤aː,50
ɖ̤aːk,3
je!,5
saːd̤,16
en?,1
n?”,2
tud͡ʑ,9
‘tj,5
ɡuː?,3
‘d͡ʑo,3
ɖ̤jə,6
kʰtiː,2
ɦen,14
iːld̤,56
ld̤aː,68
d̤aːर,34
ɖ̤aːर,14
bus,1
usiː,1
neiː,9
‘ib,2
mtk,35
ɡ̤taː,6
ɕis,2
ɳiːk,10
aːk.,11
k.”,6
ɕep,14
epʈ,3
pʈiː,2
nɦə,46
t͡ɕʰaːt,7
ev”,1
d͡ʑ̤aːɡ,2
ɖ̤laː,46
bəpʰ,3
əpʰr,4
pʰrs,1
ɖaːɡ,14
llj,32
aɖkʰ,5
mkaː,10
to?,7
ɦiː?,11
ʈʰəv,9
əv.,27
ko.,49
aɦr,370
ɦro,370
ʈaːiː,2
joɳ,1
en:,1
ɡə,,27
ole,29
ərpʰ,3
daːk,20
‘is,16
de!,7
rɡo,3
ɡoʈ,7
aɡr,10
ətv,7
eʈ,,3
ʈ,”,1
jiːɦ,2
aːla,1
lap,1
ve?,17
“ib,2
əɡɲ,135
ɲaːr,10
oɡr,15
ɕe,,28
aɖtʰ,1
ɖtʰə,1
tʰəɭ,25
ɡaː!,2
mɡaː,6
ɖtə,2
ɡɲə,89
oʂʈʰ,1
ʂʈʰiː,1
æːkɳ,14
:t͡ɕə,10
viːi,1
iːit,3
təɡ,12
d͡ʑe!,2
ɦaː?,2
epaː,19
iːs!,1
ɡ̤əɕ,2
iːl।,1
l।”,1
el-,4
l-ɕ,2
-ɕə,3
aːj’,1
ər’,4
r’),1
jiː,,7
mɡi,10
tsu,3
æːke,10
roɦ,26
ad͡ʑi,10
ibaː,62
unʂ,1
nʂaː,1
ɕiː:,13
iː:i,1
:is,1
tro,2
miː.,6
ɭe:,5
jaːkʰ,43
kʰiːn,3
d͡ʑoɦ,1
(kə,4
ɭe.,15
ʂon,24
ɦe:,16
lib,14
ibn,14
bniː,4
imiː,29
aːtʰaː,191
d͡ʑd͡ʑi,3
d͡ʑij,2
muːɕ,3
jokʰ,3
okʰb,2
kʰbe,2
bed,15
le-,7
e-k,1
-ko,3
epʰe,13
pʰeɡ,1
d͡ʑikʰ,1
kʰriː,2
le:,9
els,11
lsaː,14
saːpʰ,10
aːpʰaː,60
sitʰ,1
tʰriː,3
(al,3
daːb,56
əɕo,89
biːɦ,13
ɦuː,,7
itʰaː,13
orɦ,11
ass,1
ssiː,1
elk,22
aːpʰ;,1
puʈ,2
uʈiː,17
ʈiːj,4
iːje,21
pʰin,22
ɕe.,2
ɖ̤iːn,3
trj,22
duːɡ,5
uːɡaː,5
aːʈʰj,11
aːkj,5
vruː,27
el:,1
nəɖ,1
ned,1
piv,2
təɖ,12
beɖ,14
kiːn,22
iːɖiː,2
suɭ,5
ɭaːʈ,1
eɖuː,10
ɖuːk,10
ʈʈj,23
ɖ̤tiː,6
“aɦ,42
nti,8
ʈʰiː,,17
“ud,9
səɖ,4
ɖuːl,3
əɡv,21
ɡvv,24
nlj,1
uːvə,19
ttr,1
uːʈʰ;,1
b̤ed,11
ʈin,8
kiɭ,2
ɖəpʰ,7
ɲək,1
aɖv,8
ʈʈiː,31
laːɳ,1
e!’,2
uːnv,8
ɕuːt,2
uːpæː,6
ɭəɦ,10
ɕuːm,5
uːmp,9
ond͡ʑ,3
ɭəb̤,2
ud̤ə,3
pruː,3
ɭes,5
dəɭ,20
ɖiːm,3
rlə,13
meɡ̤,20
eɡ̤ɡ,5
ɡ̤ɡə,5
rd͡ʑə,36
ləkʰ,14
kʰlə,15
əkʰə,9
vid͡ʑ,31
loɭ,6
maːर,2
ɖpe,1
oʈʰm,12
eɡ̤aː,7
əɖɡ,8
ɖɡə,6
ɖaːʈ,6
sruː,2
ɭəɡ,41
edv,4
t͡ɕjə,5
jəs,16
adb̤,5
db̤u,5
b̤ut,5
ɳən,13
‘ad͡ʑ,2
d̤aːɖ,14
ɳin,1
in.,2
aːvs,13
ɖaː,,6
oruː,6
“ko,36
oʈʰv,3
ɖkuː,1
iːl!,16
vsə,16
ɦvi,3
ɖ̤eɦ,5
kuʈʰ,69
nd͡ʑ̤u,1
tɖiː,48
pəm,2
mbd,17
(ʈo,1
ɦvuː,3
daːʈ,8
jaːɖ̤,1
aːɖ̤ɡ,1
ɖ̤ɡaː,1
ɭeɦ,4
ɲəp,13
ɕuːɦ,4
kʰuːr,6
uːrɦ,4
mrp,28
rɖə,22
os!,3
l!”,4
iːɖe,1
‘aːd͡ʑ,1
d͡ʑaː),1
d̤aːj,15
jmo,1
kut,19
b̤uŋ,1
ok),1
tpt,4
tom,1
omɦ,1
uːɦaː,16
imə,23
vəd̤,110
ɔːkʈ,11
bekʰ,37
ekʰm,37
miːr,68
t͡ɕt͡ɕe,2
mun,34
əlɦ,38
səɳ,120
dæːv,115
æːvt,99
“aɕ,7
kʰəm,44
əʈɡ,2
ʈɡə,2
(ni,2
iːl),3
ekv,6
kvi,3
kəe,2
ɲaːk,1
ed͡ʑo,7
d͡ʑuɖ,1
but͡ɕ,1
ɲet͡ɕ,7
usaː,27
tʰeɦ,8
ot?,2
ətm,9
tmə,11
jər,325
ɡe.,6
ɡ̤aː,,3
erm,2
eɖ̤ə,2
ɖ̤ər,1
ɡ̤aː!,1
aːuː!,1
uː!”,1
piʈʰ,10
ʈʰaːt,2
lku,1
kaːtʰ,8
aːtʰv,1
tʰvə,5
vəʈ,18
ɖe.,7
mɔːl,13
ɔːlj,12
ljə,28
iːsv,2
svj,2
“və,5
so.,17
uːtl,1
biːb,4
iɡ̤ə,5
ot’,1
doर,4
ɖov,8
ovv,18
əɳu,8
ɳuk,13
uːmm,3
iɡə,1
nru,3
ɖvaː,26
sud̤,34
əɕu,10
ɕum,2
umd̤,1
əpʈ,3
pʈʈ,2
astʰ,11
.”),1
ɡni,13
miɡ,5
iɡd,4
ɡdo,2
dol,2
(taː,7
əpʰo,5
pʰon,7
piː-,1
iː-ɦ,1
-ɦə,23
ɦəɦ,2
iːro,4
rotʰ,45
ɡɔːr,4
ɔːrv,2
ot!,2
jod,4
odd̤,3
ləʂ,2
əʂk,2
piːɦ,3
iːɦɦ,3
ɦɦiː,3
vlo,1
u;’,1
kaː!,15
əɖ̤e,3
ɖ̤el,11
nɖt,1
mjə,2
eɡ̤s,3
ɡ̤st,3
pit͡ɕʰ,5
t͡ɕʰaːɖ,4
ɖiːs,3
mb̤o,7
aːʈʰɳ,1
ʈʰɳj,1
ub̤ə,8
b̤əŋ,21
b̤in,50
iːst,2
rut,3
tʰaːv,8
d͡ʑaːɖ,15
vəv,8
rsə,20
ɡaːuː,3
tot,9
otr,6
ɔːrə,12
ɖaːp,5
uɖaː,18
iːtj,12
t͡ɕur,3
raːɖ,4
æːb̤v,2
b̤və,3
uʈʰɳ,3
ʈʰɳaː,3
kaːɖ,2
b̤əs,16
ɳək,8
tr̩p,4
r̩pt,4
ɕiɕ,5
es!,3
əjb̤,14
jb̤iː,14
d̤æːr,8
æːrj,8
ɖaːs,9
siɦ,4
nsn,1
ndi,142
d̤əɕ,1
mir,12
uːrə,17
le),6
e).,2
urk,13
rku,11
laːj,66
ɭaː;,2
liːm,19
kʰəd͡ʑ,19
d͡ʑur,28
siːn,57
əɖpʰ,1
ɖpʰə,1
pʰəɖ,4
rdi,1
ɕuk,3
ukr,12
uɡiː,6
ɡiːt͡ɕ,9
ol;,2
‘raː,4
ɳiːb̤,6
(aːɳ,1
imk,1
ʈuːm,1
uːmb,1
“du,5
kiɖ,2
iɖe,2
uʂɳ,2
ʂɳə,2
iːse,5
oiː.,4
bbaː,64
baːtʰ,47
aːr?,17
nəl,21
naː”,2
d̤əɳ,2
poɭ,16
saːd,34
aːpʈ,29
pʈaː,25
tə,,10
vaːb̤,2
aːɡ”,1
əpʰiː,26
pʰiːd,2
iːdiː,2
iːkɕ,14
mpu,12
pʈə,3
ild̤,12
riːb,34
əpʰi,6
pʰid,3
idiː,2
e,a,1
,aɦ,1
ɦuːr,15
oiː;,1
it͡ɕʰe,1
t͡ɕʰeɦ,2
eɦaː,18
od̤aː,28
jiːn,4
pus,35
liɦ,67
iɦuː,26
niɕ,43
ɕaːɳ,21
jud̤,99
(si,3
liːe,1
iːed͡ʑ,3
əkiː,32
kiːk,18
nɦuː,7
jni,15
esm,3
aɖə,17
ɳəj,14
ɡaːर,10
़्ɦ,93
्ɦaː,58
t͡ɕəb,5
b̤iɳ,1
suː,,1
em.,4
ruɖ,6
rə-,2
ə-j,1
-jaː,10
aːl’,2
ʈiː,,8
kmu,3
ɭuː.,2
uvuː,7
kʰaːʈ,1
nes,23
əɡ̤uː,8
iːt,,19
eʂaː,11
b̤uː,,2
viːkʰ,1
iːrʂ,4
rʂj,6
ɖ̤iːp,5
ajo,1
ird,40
rdo,20
kaːd͡ʑ,11
rkiː,26
kiːj,25
rɡ̤aː,9
ɡ̤aːj,14
aːb̤e,6
b̤el,7
“vj,2
əb̤i,5
b̤it͡ɕ,4
“t͡ɕo,2
lob̤,19
ɖ̤taː,8
d̤et,2
ntj,61
d̤ɳaː,2
t͡ɕiर,3
iऱ,6
diːk,6
jəd͡ʑ,7
əd͡ʑj,54
aːjर,4
jऱ,4
ənɡ,4
nɡə,8
paːiː,28
kom,5
omu,1
t͡ɕt͡ɕʰi,2
t͡ɕʰit,2
aːjd̤,3
jd̤iː,1
ʈiːd͡ʑ,1
ariː,4
aɳk,1
ɳku,1
kut͡ɕ,8
ut͡ɕiː,6
t͡ɕiːd,1
ʈot͡ɕ,3
“ekʰ,48
uʂɡ,3
ʂɡu,1
kʰuːʂ,2
ɡvaː,11
uːnb,3
nbu,2
ud͡ʑuː,4
apɡ̤,2
pɡ̤aː,2
“d͡ʑo,14
aːrɦ,16
ike,11
t:k,4
:kə,11
eve,42
ivj,26
ʈʰos,1
ɭeb,1
ebd,7
nuk,19
uks,5
kʰun,18
b̤əp,1
kʰaːɖ̤,1
aːɖ̤j,8
iːv.,1
ʈkj,6
orkʰ,9
kʰme,1
æːlaː,47
ʂaːl,10
ndɖ,5
dɖuː,5
ɖəm,7
ɦiːd͡ʑ,7
suːt͡ɕ,7
ɡoʈʰ,6
uːɭe,11
nɖm,3
ɖmaː,3
“bæː,2
əɖr̩,1
əɖr,1
ɖr्,1
r्̩,3
्̩j,3
̩jaː,3
dun,1
mme,9
æːlɦ,1
ɖ̤ruː,4
iːbd,8
ɖ̤ru,5
rpʰo,1
saːɖ̤,2
vvv,2
mvv,5
nʈe,3
ʈer,9
uɖu,10
ɖup,10
upe,21
eɖ̤r,3
tʰev,3
b̤aːɖ,2
ijm,47
jmaː,26
ded͡ʑ,13
t͡ɕeʈ,8
eʈuː,14
ʈuːk,4
eʈk,4
ʈki,1
kiɳ,1
d͡ʑin,11
ɕuːb,4
uːbr,4
ɕuɡ,1
uɡm,2
ɡmə,7
ork,1
usn,9
sne,21
ŋɡ̤r,10
ɡ̤ruː,1
jaːaː,9
aːaːd̤,8
ɡ̤ru,4
ɡ̤raː,8
opt,4
okn,3
knaː,5
ɭəpʰ,1
ʈaːp,11
(nə,2
eɖ̤e,1
ɖ̤e,,3
ʈʰvj,15
“it,3
apʰv,1
pʰvaː,1
orʈ,2
rʈaː,2
ɦou,1
od͡ʑ̤j,2
ut͡ɕe,9
d͡ʑiːp,18
iːpuː,19
oʂaː,33
iʂp,3
ʂpaː,3
luːt͡ɕ,14
əd͡ʑd͡ʑ,36
ɖiːk,2
tve,3
vrʂ,7
æːtu,9
veɦ,4
“də,7
uʈʈ,11
nɖp,145
jaː’,3
b̤uːk,2
iːso,2
rbiː,72
ruːt͡ɕ,40
uːt͡ɕaː,36
rod̤,18
od̤k,1
d̤kaː,16
puːd͡ʑ,76
liːr,2
r̩pe,17
uʂiː,9
uvi,1
ɖ̤aːl,21
iːn-,1
n-m,3
-maː,7
ɳaːŋ,2
uɖe,2
aːɖt,6
ʂəb̤,5
əb̤r,2
ɭuːɦ,2
uːɦə,3
jup,2
aːpv,7
pvv,2
unə,10
aːjtʰ,20
jtʰj,17
ovuː,3
imp,39
ɕiːv,7
iːlm,3
ɔːtʰर,1
tʰऱ,1
niɭ,24
ɭeb̤,1
eb̤o,1
b̤or,1
taː!,3
d̤əɡ,12
əɡd̤,5
ɡd̤ə,5
ɕiː;,5
mb̤v,15
b̤vv,15
rmi,35
ŋɡv,5
ɡvi,5
ɖiː;,1
baːb̤,27
b̤əɭ,39
kuːɖ,24
uːɖ;,2
epʰo,51
pʰod,51
kʰot͡ɕ,8
koɕ,172
t͡ɕə,,22
aːʈʰk,2
ʈʰkə,2
opर,26
pऱ,29
uːnj,2
akʰɳ,1
kʰɳɖ,1
ɳɖə,1
pəŋ,36
ŋkʰə,15
ŋkʰaː,11
vdə,2
md̤u,1
aːʈʰr,4
vaː।,1
nvuː,8
əʈr̩,10
əbk,3
d̤uːp,60
uːpp,5
ppaː,10
urj,7
əʈo,12
ʈor,10
ʈoर,3
pej,40
ejaː,35
otɳ,4
iːpv,31
pvr̩,31
okuː,7
æːʈʰə,16
ʈʰək,16
ɖəv,5
ksə,8
aːkʰe,22
kʰel,2
aːkv,8
kvv,7
sɦi,7
pʰuːl,3
imʈ,3
mʈe,4
kik,7
əɖd,84
ɖdj,34
sut,32
ivɳ,3
vɳə,7
ɡəd͡ʑ,22
ɖde,20
irɖ,13
aːtɦ,15
tɦiː,19
əkʰj,8
umɖ,4
mɖaː,1
ɖekʰ,1
ɭet͡ɕ,48
d̤aːb̤,1
kaːkʰ,1
lom,126
d͡ʑuːt͡ɕ,29
aːt͡ɕt͡ɕʰ,21
t͡ɕʰaːd,22
aːdn,13
dne,17
tɖj,22
pʰəv,29
pʰuːʈ,45
kus,8
use,2
ɖvj,2
jaː-,9
aː-k,3
-kə,2
ɭiːkʰ,2
kaː-,4
aː-kʰ,1
-kʰu,1
urt͡ɕ,29
rt͡ɕj,27
aːʈʰpʰ,1
ʈʰpʰə,1
aɖs,18
ɖsə,18
ʈʰiːm,6
ɖdaː,30
daː-,1
aː-n,1
-nt,1
ruːb,5
baːkʰ,1
ɕə-,31
ə-ʈʰ,1
-ʈʰe,1
məp,23
t͡ɕɔːr,7
akʰə,11
“ve,4
kəŋ,9
ŋɡo,5
ɡoर,63
diːs,13
(vaː,6
aːr),6
biːt͡ɕ,28
d͡ʑuːp,1
uːpr,4
“ŋɡ,2
d͡ʑuːɦ,2
aːʈk,13
iɳk,6
ɳkaː,4
ɳaːb̤,6
nd̤p,9
d̤pə,10
aɖiː,5
nlə,4
soj,9
t͡ɕe.,13
iːt:,1
od,,4
ɔːkɖ,1
ərkʰ,31
pʰeʈ,13
“so,1
ndp,9
dpə,9
əʈr,2
ʈr्,2
“epʰ,5
əlt,15
lte,15
ort,3
ndɳ,9
dɳaː,7
dɳe,2
piːɭ,7
iːɭə,9
“nj,5
ʈəɦ,1
duɦ,1
ik;,2
t͡ɕuː,,1
tr̩ɳ,2
r̩ɳm,2
ɳmə,2
aːɡ;,2
ləs,6
ɳaː,,13
aːspʰ,2
spʰe,2
pʰe;,1
kʰvv,5
ot͡ɕuː,9
aːŋkʰ,7
ɖaːd͡ʑ,2
ʈr̩v,1
r̩və,1
pʰit,7
ɡ̤əs,1
ɦr̩d,9
r̩dj,7
tʰuːm,1
miːm,7
b̤ok,4
ʈɳaː,11
ɭim,9
imb,26
ɡ̤uŋ,7
ɡru,6
“ɕu,3
rə’,1
akɕ,10
(pʰe,1
eʈj,3
rpi,29
il-,1
l-pʰ,1
-pʰe,1
ʈaː-,1
aː-v,1
-və,2
elb,5
buʈ,3
ʈiːd,5
kʰe,,1
otuː,10
aːb̤i,10
b̤iʂ,78
iʂe,68
ʂek,68
t͡ɕoɭ,7
ɖiːp,17
to:,3
vaː:,2
ɡod͡ʑ,6
od͡ʑj,4
nɖ̤e,22
ʈʈaː,12
kpə,11
्ɦj,21
d͡ʑaːb̤,1
urd,17
oj;,19
nto,18
toʂ,12
ɡʈʰj,2
d̤iːs,4
biː,,14
əpi,3
əpɔː,2
pɔːt,2
ɔːtr,2
ʈʰiː-,1
iː-b̤,1
-b̤ə,1
əpiː,7
iːʈʰp,1
ʈʰpaː,2
-(d,1
(dr,1
aːp),1
p)-,1
)-d,1
-dr,1
əd̤u,4
aːʈʰi,29
“d̤uː,1
diːb̤,5
eʈə,3
elv,53
ŋɡd̤,8
ɡd̤iː,8
suŋ,7
‘pr,2
əs’,1
ikr̩,10
(ek,2
‘ɡe,1
te),4
“pi,1
ɡəŋ,13
ʈʰkiː,6
kiːv,2
“ut,2
əs;,1
iːnb̤,1
nb̤ə,2
uːpv,5
pve,5
omv,15
mve,18
aːd̤e,2
d͡ʑəʈ,1
nsiː,1
ruːd͡ʑ,2
əsb,6
sbaː,2
miːʈʰ,6
iːʈʰm,1
ʈʰmi,1
t͡ɕuːr,2
uːpd,1
pdr,11
(ur,2
əb,,1
bud,4
dd̤iː,9
ɦli,5
lij,13
sbiː,4
ɦiर,3
pæːl,4
æːluː,2
aɦi,24
ɳe;,3
ək;,2
iɳi,1
ɳil,14
re;,2
uːp.,1
“mɦ,14
ekʰuː,5
(aːɡ,1
əʈ),1
ltiː,13
ev!,1
ɭaːj,24
ɦaːb̤,1
aːb̤j,1
b̤jə,2
taːʈʰ,8
ʈʰtaː,3
vo;,1
ɡoŋ,1
ɡaːʈ,1
“t͡ɕʰaː,3
aːb̤v,4
ɳiːd͡ʑ,4
d̤iŋ,1
b̤uɡ,2
ɡaːb̤,14
aːb̤u,1
‘mo,2
beb̤,2
eb̤aː,2
unn,26
“d͡ʑj,7
let,52
vniː,1
(siː,3
‘də,1
əp’,1
ɳiːb,15
ɕeɕ,21
miːaː,1
iːaːp,1
tuʂ,4
el?,5
jeɕ,3
el!,4
ŋɡu,5
ulp,4
ɡed͡ʑ,11
b̤eɡ,2
aːʈʰp,1
tuʈ,9
jd̤j,1
ljo,3
ɭuː,,2
dkr,1
aː,),1
aːl!,6
paːb,27
edj,15
ɖəd̤,3
aːɦ),1
saːtʰ,37
uːd͡ʑe,12
lid,1
“be,7
aːmj,21
naːŋ,6
ɭə.,55
vrt,1
iːnd,10
ɲəb,17
əbl,18
bliː,24
iːbə,9
iːk,,1
aːit͡ɕ,1
ʈʰaːuː,5
aːuːk,5
eɦर,5
ɦऱ,5
eiː;,1
iː-ɕ,1
ɕaː.,3
ɳeɡ,1
eɡo,1
uːt,,4
d͡ʑe,,9
aːʈ,,2
iɳl,9
re.,15
tʰaː,,5
əʈʰj,15
iɳuː,3
dmə,18
ʂiːn,2
nd̤k,15
ivl,13
aːr-,2
r-ɡ,3
-ɡə,4
d͡ʑə-,3
ə-l,1
-laː,1
ə-r,1
-ru,2
e-p,3
-pə,4
t͡ɕə;,3
b̤əd̤,2
ɖ̤vi,16
dut,2
ədv,14
ɕiːd,14
(pe,1
ʈiː),2
ɭiːd͡ʑ,1
əlɳ,3
uːle,1
aːvr̩,15
loɡ,6
aːɡ,,7
aːʈʰaː,16
ipaː,7
ʈʰaːkʰ,1
aːlp,7
nd͡ʑuː,2
pok,2
jaːर,2
kʰaːb,13
t͡ɕiːi,1
ad̤aː,2
aːkʰ,,3
diː),2
rt͡ɕiː,2
t͡ɕiːs,1
ods,1
dsaː,1
odp,1
dpr,1
ɡ̤el,2
elt,6
əui,1
uin,1
pʰe,,1
aːnर,2
nऱ,2
ɭiːm,7
iːmb,10
kuɖ,2
uɖt,3
ɖte,8
il,,1
pʰiːt,1
(bæː,3
ək),3
k);,1
əʈ;,1
ən।,1
ək:,1
k),,1
jə:,1
kaːiː,4
d͡ʑ̤aːŋ,2
kə.,1
buːv,2
laː।,1
tpaː,7
d̤uːt,2
paːb̤,3
t͡ɕʰaːj,3
ɡə:,17
uːbl,1
ntl,7
ntɖ,12
nɖk,13
urɡ,18
upʈ,4
pʈuː,8
d͡ʑuːv,1
nit͡ɕ,2
it͡ɕə,12
naːɭ,1
uːʈʰb̤,5
ʈʰb̤ə,5
“an,2
ɖər,1
kəɖ̤,2
ɖ̤əi,2
əit,2
niːd,8
iːdv,17
ipv,8
aːɡn,4
iːmd̤,10
ʈʰaːn,3
oɭuː,2
kəb̤,1
red͡ʑ,8
ve।,1
iːsb̤,1
sb̤o,3
uːʈ,,6
biː.,3
aːt:,3
or,,14
biː;,1
ɕeɳ,4
eɳ,,1
ɦaːɦ,27
aːpb,12
pbə,12
3tj,2
biːs,2
tuːl,7
ɕul,4
æːpə,7
duːʂ,5
uːʂi,2
ʂit,11
imt,3
iʈə,1
bnaː,12
lpæː,2
iːle,4
ləb,32
d͡ʑit͡ɕ,4
kʰəर,5
prɳ,5
niːk,1
iːku,1
əɳm,1
ɳmu,1
vid͡ʑ̤,2
id͡ʑ̤uː,2
iːpu,10
iʂi,12
ʂik,8
id̤i,7
saː.,11
rpiː,7
piːl,7
məɖ,5
ɡiːn,13
rje,3
ʈr̩t,1
ɕri,4
t͡ɕe-,1
e-a,4
-aɦ,2
ɲaːs,11
vəkʰ,4
əkʰu,4
məŋ,17
so,,9
eɦi,1
ovaː,126
ɖiːɦ,4
emɳ,12
mɳuː,10
iːni,11
mvuː,1
aːɳv,6
ɳvuː,2
ədr,20
tʰum,3
umm,8
pɖuː,5
dre,5
ɡo-,1
o-ɦ,3
-ɦj,1
pɖiː,1
biːv,1
‘aɦ,3
kʰaː.,19
ɭiːɦ,2
liːɦ,15
2mo,1
əjk,9
nɖv,8
pəa,1
əap,1
apl,1
d̤up,3
‘d͡ʑe,1
ɡəp,7
əpp,17
t͡ɕul,10
d͡ʑie,1
iel,15
nd̤v,16
d̤əv,5
emuː,3
muːn,9
kiːp,3
aɳaː,1
əntʰ,26
ɖuk,3
ruːɖ,1
uːɖ,,8
ɡid̤,3
id̤aː,6
səs,5
aːmr̩,2
r̩ɡ,,2
okiː,4
kiːɭ,2
1pi,1
piŋ,5
ərɖ̤,2
rɖ̤o,2
ɖ̤ok,1
ɡ̤ub,4
ɳko,5
koɭ,3
aːɖ,,2
rko,35
bəɡ,7
ʈiʈ,2
iʈv,2
ʈviː,4
ʈvaː,1
vaːɡ̤,2
aːɡ̤uː,2
ɡ̤uːɭ,2
“d͡ʑi,3
kiːʈ,3
iːʈə,4
təŋ,1
vtj,1
iːʈk,2
muŋ,1
ɡuːs,1
t͡ɕɔːp,2
ɔːpə,2
pəi,1
uɦi,1
id͡ʑj,1
ɖaː.,7
tuːv,6
rəʈ,4
“d͡ʑ̤ə,1
d̤ət͡ɕ,6
b̤id͡ʑ,3
“kʰaː,2
ve!,8
udt,2
iluː,1
suːd͡ʑ,6
əʈʈʰ,49
ʈʈʰj,6
ʈʈʰaː,39
aːsɳ,11
sɳiː,9
sud͡ʑ,3
ud͡ʑe,4
ɦuɭ,2
d͡ʑun,11
koɖ,18
ɡəb̤,3
ɖ̤riː,2
səʈ,4
tʰlj,22
pʰus,1
nuv,2
uvʈ,2
t͡ɕaːiː,16
aːiːv,35
od̤iː,2
ɖ̤iːt͡ɕ,7
aːd-,1
d-a,3
-ap,1
oɡ-,1
ɡ-ɦ,1
-ɦo,9
mɖiː,3
uʈə,3
ɡaːs,8
‘aɕ,1
d̤ə’,2
mɖe,8
taːɳ,4
se:,1
nd̤s,23
d̤sə,23
ɦtj,5
maːɭ,5
ɭər,2
ɖən,9
buːb,6
ɖ̤iː,,2
b̤uv,1
uvj,1
“aːʈʰ,3
t͡ɕov,4
oviː,4
aː-t,3
-tiː,4
pʰaː-,2
aː-m,8
-mæː,2
tr̩t,25
r̩tiː,10
tiːj,6
pin,2
inʈ,2
ʈə-,1
ə-e,1
-ek,4
oɡb̤,5
ɡb̤ə,7
oʂb,3
ʂbə,3
ipɖ,1
vri,1
aː-e,2
nʈb̤,1
ʈb̤ə,4
ər-,13
r-e,2
r-t,1
-te,3
æːpt,3
d̤iːk,8
t͡ɕʰid,1
idr,8
r̩ʂʈʰ,3
ʈʰəb̤,1
“d͡ʑu,1
udb̤,4
db̤ə,4
“ɡ̤ə,3
ʈʈʰe,1
ʈʰe,,2
pɖj,5
oɡ.,1
mbd̤,1
bd̤iː,1
əɖo,7
ɖo,,2
tʰuŋ,3
ɡaːkʰ,1
r̩tu,9
umt,10
eŋɡ,4
læːŋ,12
æːŋɡ,12
t͡ɕiʈʰ,17
iʈʰʈʰ,13
ʈʰʈʰj,8
ʈʰʈʰiː,4
ad͡ʑaː,2
d͡ʑaːd͡ʑ,3
ʈʰiː.,4
kʰaːर,2
ʈɳe,1
aːln,15
vob,1
ird͡ʑ,4
miːs,3
j.”,8
æːl;,1
kʰul,3
ad͡ʑə,18
ɕiːj,26
æːsiː,1
elp,5
nkaː,3
poaː,5
oaːp,5
ɳeɦ,6
soɕ,4
ɭaː!,2
iːrs,10
iːvɖ,27
vɖi,6
vtr,5
aːiːɕ,4
kʰkʰiː,2
tiːɕ,8
iːɳə,1
ɳət͡ɕ,10
ɡ̤ɖiː,4
neɕ,2
jiːɕ,3
avm,3
vmaː,3
iːɡm,2
ʂɡə,2
ko!,5
ɕuːɕ,3
srɡ,4
b̤ən,3
njk,3
jkə,5
liː!,2
pkr̩,3
jaːɡ,26
ɲaːt͡ɕ,9
aːkʰt,7
ɭaːɦ,2
aːɖu,1
ɖun,1
kʰuɖ,5
orɡ,2
lub,2
kʰaː-,1
-tj,3
d̤ok,13
uɡ̤aː,2
suːɖ,8
ɭaː.,25
uːnɕ,1
duː-,1
uː-ʈ,1
-ʈo,1
ʈoɳ,3
muɦ,2
uɦuː,1
t͡ɕʰaːʈ,9
r̩taː,13
dvuː,1
ənuː,6
msə,5
ɕəर,2
vr̩d,3
r̩dd̤,7
pe,,2
d͡ʑuː,,1
ɭed͡ʑ̤,1
ed͡ʑ̤aː,1
avi,5
aːsɡ̤,3
sɡ̤aː,3
ɡ̤eɦ,5
ɡ̤iːm,1
idu,2
ɕuːɡ,2
uːɡm,2
ɕuːl,4
viː!,2
“r̩t,1
aːɡm,2
oɡt,2
viːʈ,4
rsɳ,1
sɳɕ,1
ɳɕə,1
apv,6
rid̤,3
okp,2
kpr,1
drɕ,5
ɡə-,1
ə-ɕ,1
-ɕaː,9
oʂ-,1
ʂ-n,1
-ni,2
vid,13
tʰoʈ,1
ʈaː,,6
kub,1
ubɖ,1
ʈʰeŋ,1
taː-,3
ɲaːb̤,4
:t͡ɕe,12
uɳp,1
tʰaːi,1
ɦiɕ,10
iɕɕ,7
ɕɕj,7
ɖ̤vuː,12
ʂiːt͡ɕ,3
pʰeɖ,17
eɖɳ,7
luɭ,1
“ɡo,1
aːkʰu,1
uɖ-,1
ɖ-p,1
-puː,1
ide,4
iːt!,2
“vaː,2
vaː-,1
aːnɳ,7
nɳj,2
raːɡ̤,3
aːɡ̤r,4
iːr-,2
r-kʰ,1
-kʰə,1
je:,1
e:”,1
“pe,2
urtʰ,1
tʰaːɕ,3
ɦur,4
urɖ,3
ɭiː-,1
iː-r,1
-rə,4
pʰaːb̤,2
ɭaːɳ,2
inr,3
saːर,6
ŋkaː,14
ɳtə,1
et:,4
eɖiː,14
d͡ʑ̤aːv,1
ɖəɦ,2
aːlɡ,6
uːnd͡ʑ,2
tpu,2
rtj,9
aːtk,24
tku,1
pov,5
riː-,1
iː-p,1
-pu,2
saːɕ,7
ind,14
miːtʰ,1
dib,3
ɕuːs,1
d͡ʑaː-,3
aː-s,1
-saː,2
ʂe-,1
e-m,3
-mɦ,2
oɳp,2
ɡ̤oʂ,19
oʂɳ,6
ʂɳaː,8
obe,31
aːn?,1
aːɕr,31
təʈ,34
əʈb,29
ʈbə,29
uɡɖ,1
evj,11
upर,3
aːbv,2
jiː;,1
aːsb̤,2
meŋ,2
əkm,2
met,2
avl,1
vlə,7
ə-u,1
-ub̤,1
paːʂ,6
ʂaːɳ,6
t͡ɕiː-,1
iː-aː,2
-aːʈʰ,1
opiː,4
mb̤r,5
d͡ʑokʰ,2
əjr,1
jro,1
ɦiː-,8
iː-t,5
-tu,4
-aːɳ,1
add,10
pud͡ʑ,4
t͡ɕəs,8
əɖ̤j,3
əɖ̤iː,9
rraː,2
ups,12
psuː,2
kʰət͡ɕ,25
ʈʰiːs,4
ruːv,18
uːvi,1
ʈʰaːk,3
kʰəŋ,3
d̤ə-,1
ə-b,24
-be,3
bes,8
esu,5
ət-,1
t-ɦ,1
-ɦr̩,1
r̩də,2
d̤iː,,5
irb,3
ve:,3
ʂaːɦ,2
aːt-,4
t-t,4
t-k,1
ekp,6
buɕ,4
ɖ̤ən,2
nre,2
“ɡu,3
jpə,1
və,,4
dej,2
eju,2
jur,3
iːsuː,3
uːr;,1
ɕaːd,4
aːdæː,3
dæːt͡ɕ,6
æːt͡ɕaː,6
mij,3
on;,1
ətʰn,3
tʰne,12
liːj,135
aːb;,1
raːi,22
aːɦs,3
ɦsu,3
mliː,11
ɡəd,8
miːɕ,4
ddæː,2
aɦiː,90
ɦiːe,2
paːɡ,2
ɡiːj,4
1ɦe,1
ə-tʰ,1
-tʰo,1
ɡaː-,1
aː-r,2
d͡ʑəd,22
ɕeɦ,4
iːsɦ,3
sɦə,3
t͡ɕɔːर,2
ɔːऱ,2
t͡ɕop,3
opn,2
pnn,11
vnn,5
3tiː,1
epn,3
“le,22
kʰɳe,4
ɦaːæː,1
deu,1
eur,1
“ɕi,3
oɳs,1
“ɡaː,8
(jə,3
iːɦu,3
aːsu,9
ɡid,101
ɦiːj,26
jed͡ʑ,10
urʂ,1
ud͡ʑiː,4
d͡ʑiːj,7
ɖer,1
aːje,2
aːɦj,3
ɦjə,3
ekʰb̤,5
kʰb̤aː,5
b̤aːl,39
uɖ̤र,1
ɖ̤ऱ,1
ekʰr,6
rekʰ,15
muɕ,1
t͡ɕaːj,8
iːɦaː,4
ɦaːiː,1
riːe,5
utʰə,3
iɡɖ,1
aː-u,2
-utʰ,1
-me,2
viːj,1
ekk,4
273,1
diː-,2
se-,1
iɭj,5
ʈe,,5
əpe,3
ouːd,1
uːde,1
oɳk,3
oɳə,8
əɳb̤,5
ɳb̤ə,6
“ɡe,3
od͡ʑ̤iː,1
əlm,202
emk,11
mke,8
aːki,11
kuk,4
krm,4
ɕəŋ,3
ʈʰaːv,22
ɖiːɕ,1
sut͡ɕ,12
en’,9
ɡuɖ,6
nɭiː,1
sos,5
(dv,1
əɳ),2
kʰup,9
ɳes,4
ʂaːs,3
eʂ,,1
ad̤r,3
d̤rm,2
ukə,7
irk,6
top,10
kaːe,3
liːb̤,1
vaːʈʰ,5
ro;,2
aːɖo,1
oɖ̤iː,2
liː:,3
‘do,1
ɕe’,1
12s,1
2so,1
्ɦe,14
d͡ʑeɖ,1
d͡ʑ̤aːt͡ɕ,3
veb,1
‘le,1
r-s,2
-sə,4
riː;,1
kəर,1
“t͡ɕaː,6
iɡ̤ɳ,1
ɡ̤ɳj,4
pɔːr,13
ɔːrɳ,1
rɳi,1
ɳim,1
uruː,18
ədæː,5
jaːo,1
aːoɡ,1
oɡo,1
əl.,10
ʈaːɖ,1
od̤t,3
d̤taː,2
ɖaːo,4
aːor,4
imu,2
aːɕj,13
pʰuk,3
rbuː,2
suːɳ,1
nnj,1
ukʰə,2
puर,2
uऱ,22
uːsm,2
moɭ,1
rit͡ɕ,10
aː-d͡ʑ,1
-d͡ʑə,7
aːɖb,2
od͡ʑ̤e,3
ɖɡaː,1
ek,,5
tiʈ,6
iʈk,7
?”‘,1
‘ɦj,1
n!’,1
asm,6
tok,1
(ne,5
ʂʈe,20
ord,6
kib,6
otʰ-,13
tʰ-ɦ,20
ero,15
otʰp,2
tʰpə,29
piːj,2
iːjə,3
n-k,3
-ku,2
iː-s,3
-st,2
(mo,4
bəɖ̤,7
aːtt,35
aːm!,1
m!”,1
kku,1
ɕaːpʰ,52
aːʈ.,1
jəpʰ,12
əpʰu,11
pʰun,11
eb.,3
sod,2
lʈiː,4
diːj,1
(mə,4
ɕe),1
suːs,2
mll,1
aːɕo,1
ɕor,1
psiː,1
əɦb,25
ɦbb,1
bbiː,6
ɡəu,1
əuv,1
“(m,1
ebm,6
bmə,14
koʈ,3
ebo,5
boɦ,4
aːtʰp,4
evm,3
vmə,3
oan,1
ndl,4
nd͡ʑiː,7
titʰ,185
kuː.,6
epʰiː,2
pʰiːl,4
iːliː,4
(an,1
et),1
aːltʰ,12
ltʰe,4
(tə,2
ʈʰiː),1
əɡ̤i,8
ɡ̤it,8
mpn,4
əsn,11
snn,11
ebl,7
æːkt,11
əɡ̤ɳ,4
ɡ̤ɳaː,1
anu,49
d̤ə,,3
ʂə),2
sɳe,3
tiv,5
ɳaːɡ,1
ɲaːt,13
1/4,3
nnb̤,1
t͡ɕʰoʈ,10
riː/,1
iː/k,1
/ko,1
əɳɦ,9
ɳɦiː,10
1/3,2
ɳsu,1
1/2,2
ɡri,3
iːʈʰaː,1
aːrpʰ,29
rpʰə,30
pʰət,27
ol.,13
uːps,1
pse,1
d̤aː.,4
daːtʰ,11
biːr,38
(ko,2
letʰ,8
250,4
vvi,3
ujaː,13
il.,6
uːd-,2
d-d̤,6
-d̤uː,6
rd͡ʑaː,1
əmr̩,6
mr̩d,4
buːp,3
itʰl,21
-tə,4
ɡ̤ɖuː,3
e-l,2
-lo,2
sæːr,4
æːraː,20
aːvæː,5
ud-,4
ɖ̤əŋ,1
aːbo,39
boɖ,1
ɖto,14
ob.,1
14,,1
4,7,1
,70,2
700,2
tju,23
jum,4
umu,4
ʈʰiːl,3
ʈaːj,53
12k,1
2kaː,1
ʈʰeb,1
kid,6
aːaːɖ,2
ɖəs,4
sti,8
itv,7
ʈʰliː,14
iːtv,1
əlळ,1
lऴ,1
lo:,1
ɖaːj,36
ʈʰve,1
jiːl,2
ɖeɦ,4
ɖpə,4
ɡ̤ɖj,3
kʰev,1
əms,18
msk,5
d͡ʑitʰ,13
taː:,4
əmd̤,29
oʈʰl,1
rst,3
omn,17
mne,75
ukʰv,3
atʰaː,2
tʰaːr,30
ad̤iː,3
d̤iːr,5
evv,5
lkj,1
iʂaː,6
je-,3
e-aː,1
-aːb,1
rɳo,19
ɳon,19
æːlt,1
moर,33
“..,1
...,2
..aː,1
.aːɳ,1
supʰ,2
pʰaːt,2
dəर,2
bəe,1
əer,1
“itʰ,10
“vi,3
iːlj,2
lje,1
sɦuː,1
motʰ,29
otʰl,15
otʰɦ,4
tʰɦuː,4
isɡ,8
sɡaː,7
(pi,1
iɦo,5
kuːt͡ɕ,5
ɦsə,2
arɳ,10
ɦeɕ,26
d͡ʑub,4
onm,20
onn,38
aːbm,8
əd̤ə,19
d̤əl,32
et͡ɕi,5
ud̤v,12
d̤və,32
diːb,6
iːbo,27
onp,10
edb,3
dbaː,3
nopʰ,1
opʰaː,4
3mə,3
əɡt,16
ɡtə,5
itʰuː,40
edr,9
rəi,9
ɡ̤eɕ,4
riɦ,1
lik,4
ətʰo,7
æːsæː,1
“si,3
aːkn,7
kne,9
ɦaː:,1
aːkk,1
aːmn,71
aːn-,1
-mo,2
aru,6
t͡ɕik,2
ikʈ,4
kʈuː,3
æːnv,1
ttv,2
sotʰ,1
otʰb,2
tʰbaː,3
ɦriː,3
bə.,7
od͡ʑuː,2
ɔːtʰaː,2
sok,2
oki,1
æːk.,16
æːk:,1
ləɳ,2
aːnb,2
nbæː,1
tʰop,9
‘de,1
əɡ̤aː,8
uʈʰə,2
ruːl,16
jlj,1
t͡ɕiːɡ̤,1
iːɡ̤r,1
ɡ̤re,1
aɡaː,10
ɡaːɡ,8
veʈ,1
eʈo,1
uʈʰv,7
aːmv,6
aː-t͡ɕ,1
-t͡ɕaː,1
ɦəɖ̤,1
jaː:,1
setʰ,2
“un,1
ərʈ,3
rʈj,2
t͡ɕaːs,2
ɳe.,3
aːkɦ,1
ɡəs,2
jd̤i,1
d̤iɕ,2
od̤l,3
bəa,20
əal,21
alp,2
lpɔː,1
psə,8
240,1
000,24
ini,6
niɦ,1
d͡ʑim,12
mriː,29
əbiː,19
pio,1
ior,1
vte,8
(rə,3
əun,1
unb,1
nbe,1
d͡ʑe:,1
okʰiː,4
luːv,1
43,,1
3,7,1
,73,1
730,1
aːb.,1
aɦo,4
umb̤,2
mb̤ɡ,2
b̤ɡə,2
ʈʰir,3
əkr̩,1
kr̩n,1
r̩nt,1
ɔːlaː,34
ɔːliː,1
uːɭaː,3
22,,2
2,2,1
,20,2
200,1
ɳaːɳ,2
əɡɡ,6
ɡɡiː,6
arl,1
40,,1
0,5,4
,50,7
500,11
uːlə,5
uːliː,1
76,,1
6,5,1
laːiː,3
uːbiː,1
64,,2
4,3,1
,30,1
ubu,2
edə,4
60,,1
(maː,2
tiː:,10
ed͡ʑe,18
asr,2
sri,2
ekʰe,5
miːd,3
iːdə,33
ɦepʰ,12
laːpʰ,13
aːpʰɦ,13
pʰɦaː,13
tiː-,2
iː-pʰ,1
-pʰə,1
ɦlaː,8
noaː,5
oaː,,3
ɦoɡ,4
oɡl,7
52,,1
2,7,1
ɕuːtʰ,3
uːtʰe,3
ɦniː,1
niː.,8
32,,2
2,5,1
enj,1
ɕəpʰ,5
əpʰuː,2
pʰuːpʰ,2
uːpʰaː,3
ɦupʰ,2
ard,3
45,,2
5,6,1
,60,1
600,1
4,4,1
,40,3
jaːiː,12
(aːɕ,1
53,,1
3,4,1
əɦs,9
ɦse,2
5,4,1
aɳi,2
iʈʰj,4
iːbn,1
koɦ,1
edl,1
230,1
aːkʰi,4
kʰir,4
næːs,3
æːsr,3
rɡi,5
tsiː,7
“nuː,1
‘ju,1
aː,’,2
‘ɡ̤ə,1
d͡ʑaː’,1
aː’,,1
niːb,6
oʂr,15
ʂrə,15
(ɦiː,5
aːar,5
ɖ̤iːb,1
iri,14
(jiː,1
jiːs,3
iːsʈ,1
sʈə,12
ʈə),1
(sə,9
b̤aːɦ,2
okर,1
ɳaːɕ,7
əvɳ,11
sjaː,31
nvj,1
rir,1
iːkt,2
t͡ɕiː.,9
14t,1
4tu,1
uʈʈʰ,8
ʈʈʰiː,9
“su,4
əɦm,7
ɦmə,7
maːpʰ,5
iː-m,2
əʈs,3
ʈspʰ,3
spʰo,3
pʰoʈ,3
oʈi,1
ʈit,1
.”1,1
”10,1
101,1
100,5
12,,2
2,0,5
,00,14
jiː.,1
ʈiːɦ,5
kʰeɖ,14
ɦop,1
“sæː,2
æːdiː,5
675,2
750,2
72,,1
81,,1
1,0,1
ɦe),3
337,2
375,1
36,,2
6,0,4
30,,3
16,,2
ɲen,5
enu,8
37,,1
7,5,1
tuːm,4
(10,1
ot-,1
t-b,1
-baː,8
420,1
t:d͡ʑ,4
:d͡ʑə,4
ɖ̤aːj,35
ruːt,2
uːts,1
-bə,14
‘mi,1
aːpj,2
ruː.,2
klə,12
iːd͡ʑe,2
mbp,2
bpr,2
apj,3
pjə,9
aʈaː,7
roe,13
oer,14
tʰ-ɕ,15
-ɕo,1
ɕopʰ,1
aːɡb,2
ɡbə,7
etʰn,5
tʰni,14
etʰ-,55
tʰaːiː,3
l-m,3
-mɔː,1
mɔːn,1
ibm,1
bmaː,1
neb,1
iːrl,2
aːiːr,11
nob,8
bɦə,1
ʈov,2
əjo,5
ots,6
dəpʰ,55
pʰən,51
l-s,1
eli,6
iml,6
əpʰk,2
pʰkaː,2
luːɕ,2
idi,2
1lo,1
ritʰ,2
itʰm,2
tʰmaː,2
rim,21
on-,9
n-p,2
-pe,3
esl,2
laːtʰ,11
ɕepʰ,2
əkɦ,2
kɦe,2
lotʰ,12
əɦtʰ,2
ɦtʰaː,2
mitʰ,2
itʰk,2
tʰkaː,2
mos,4
nej,7
or-,4
r-ɦ,3
idɡ,2
dɡaː,4
jaːʈ,3
aːʈb,3
ʈbaː,3
esj,5
sjo,5
n-ɡ,8
-ɡe,4
iːme,20
123,1
ɡəb,1
uno,1
-ab,3
abaː,8
iːjiː,2
(ij,1
im),2
-ɡaː,5
ibl,8
n-d,4
-di,1
iːmɦ,2
mɦuː,6
tʰ-j,11
iːmo,8
ol,,3
utə,5
ʈʰʈʰə,2
ʈʰəj,1
bot͡ɕ,1
de:,1
r-a,2
-ad,4
ə).,1
(le,2
je),1
bo-,2
d͡ʑip,1
-en,1
aiːn,4
r̩ts,1
ɦod͡ʑ,4
ukʰ.,1
kis,4
liːd,2
aːd.,3
buk,1
kiː.,3
ɕipʰ,1
ipʰʈ,1
pʰʈaː,1
rnaː,1
ad͡ʑd͡ʑ,1
uːd.,1
ɦos,4
150,2
pʰəɕ,1
(ɕə,4
ŋkʰe,5
ɖaːe,1
aːev,3
laː-,4
aːd̤ə,2
d̤əp,2
ouːt͡ɕ,1
aːsv,5
ɭaːk,6
suːpʰ,4
topʰ,1
iː-d͡ʑ,1
aːiː),2
aʂʈ,18
aːno,43
rɡe,4
iɭo,9
ɭo.,5
nub̤,6
ub̤v,5
b̤viː,3
ənd͡ʑ,8
.’.,1
mɳu,2
iːmm,2
md̤ə,14
vɡ̤ə,7
ebɦ,1
bɦuː,2
iːrɳ,3
pot͡ɕ,66
vuː.,3
kʰəb,19
b̤uːb̤,10
uːb̤aː,10
ɲev,6
(12,1
iːnu,3
iɖl,16
iːtɦ,1
etʰp,26
ptʰə,4
tʰəp,5
r̩tn,1
tnɡ̤,1
nɡ̤ə,2
‘ɕi,1
ɖ̤uː.,4
aːb̤uː,30
b̤uːt,40
d̤iʈ,1
taːɭ,7
əd̤m,2
d̤maː,2
piʈ,2
suːb̤,1
uːb̤r,1
aːrj,21
upd,10
d̤aːl,6
əvr̩,4
repʰ,17
bəɳ,1
əɳr,1
ɳrj,1
aɖt,3
ulʈ,4
əjj,10
t͡ɕaːʈ,9
ʈtiː,7
aːʈʰb,1
ʈʰbə,2
pʰto,4
t͡ɕʰed,8
‘aːt,4
dem,3
emo,3
otʰə,11
tuːk,1
uːkr,1
okʰj,8
kʰaːj,51
enp,1
aɖe,1
ʈʈʰu,1
‘siː,1
3pə,1
kək,4
ɕud̤,12
t͡ɕid͡ʑ,2
ekn,11
knə,1
puːt,3
ʈʰiːɕ,7
ŋkuː,8
ort͡ɕ,3
rt͡ɕaː,8
‘oɡ,1
akʰt,5
kʰtj,5
arɡ,4
ɡeaː,1
ənɖ̤,1
luːʈ,17
rmo,9
t͡ɕaː.,8
sir,3
niːr,6
reiː,2
əlɡ,1
(baː,1
jə.,2
ɡob,4
mep,8
diː.,3
aːli,4
lil,4
saːɡ,4
ɭaːɕ,3
rə.,3
ɖ̤aːuː,2
tʰir,5
rstʰ,8
t͡ɕuɳ,2
uɳuː,2
‘pu,2
im,,4
əɡ̤.,2
kɦo,9
uːɳe,1
baːaː,1
aːaːl,1
kni,10
suːɡ,2
uːɡɲ,2
d͡ʑuːt,3
uːtd,1
tdaː,1
sij,5
‘kʰə,1
dd̤i,1
d̤im,1
re?,7
ɭek,1
ʈʈʰə,1
kʰiːɦ,7
biɡ̤,2
iɡ̤ɖ,2
ʈʰiːt,2
iɕt͡ɕ,10
iːpl,9
aːɖ̤e,8
təर,10
vikʰ,6
æːvaː,1
2pə,1
rtuː,8
æːki,2
3tu,1
æːkv,9
tʰpɔː,1
(mr̩,2
r̩t),1
t͡ɕə-,1
ə-aː,1
-aːd͡ʑ,1
rud̤,51
nvɖ,1
æːrv,2
itʰiː,2
aːs-,2
s-d,1
-daː,4
b̤il,2
laːʂ,2
re-,1
e-ɡ,1
ɡ̤ən,6
aːɭo,2
ɭokʰ,2
ɡuː.,5
uː.’,4
e-s,1
tə:,7
ə:k,7
-uʈʰ,1
mr̩d̤,2
kʰod,1
ut͡ɕi,16
laːɖ̤,4
ptj,13
ojr,1
jriː,2
b̤əd͡ʑ,15
npuː,5
aɕe,16
b̤əu,1
əup,1
ilə,4
æːle,2
aːʈv,3
jjo,1
usl,12
rti,4
ɡ̤r̩ɳ,2
r̩ɳaː,2
əɡ,,8
d͡ʑ̤id͡ʑ,4
e-pʰ,1
-pʰaː,1
upʰl,1
ɳiːv,13
loɦ,7
oɦj,1
ɦju,1
uɳɡ,3
ɳɡaː,3
saː!,1
aːʈiː,7
unm,3
nt͡ɕuː,4
uvt,1
uːns,2
nsu,6
uːd͡ʑiː,1
puɳ,1
laː’,2
ikp,2
ɡuːl,1
uːlp,1
iːb̤uː,4
riːa,1
iːakʰ,1
‘uːʈʰ,2
vni,6
d͡ʑ̤e,,1
t͡ɕʰev,1
ltʰaː,7
b̤it,6
iːkr̩,1
jə-,1
ə-t,1
-miː,2
ʈʰrə,1
kuːr,3
v.’,1
ɡud,2
udɡ,3
dɡo,1
ɡod̤,1
tʰaːʈ,1
baːd̤,3
kʰud,12
ɦiːv,1
iːve,2
nɦo,1
uːstʰ,1
b̤un,1
ism,8
əvkʰ,1
vkʰj,1
orv,4
dæːn,1
æːnaː,1
onɖ̤,3
est,13
aːbuː,18
ij,,2
buː,,2
iːde,1
d͡ʑiːt͡ɕ,3
lvj,1
paːd,15
aːdr̩,11
ən:,10
n:p,8
:puː,8
ɡaːpʰ,2
aːpʰiː,8
lɔːk,19
ɔːkr,9
ɦdə,3
opuː,4
t͡ɕʰəp,6
ɳet,1
d͡ʑiːm,4
ilɡ,35
aːstʰ,10
viːɡ,1
ikʰu,2
nni,7
nid̤,23
id̤j,7
ruːm,9
ab̤ə,3
tʰət,4
aː-ɦ,1
eɖaː,7
ɕup,2
ʈʰet,7
tətʰ,6
ʂid,2
əd̤.,1
oms,4
msu,1
nduː,4
ɦə,,3
it͡ɕi,4
vnə,5
rmuː,8
ɭuːt͡ɕ,7
‘t͡ɕə,1
u.’,1
(tu,2
ʂkr̩,22
d̤əd͡ʑ,2
əɦk,5
ɦkə,2
aːkr̩,1
rɕi,2
kɕɔː,1
ɕɔːr,6
əɡb̤,2
uɖ,,1
ɡiːd̤,2
iːd̤,,2
tsj,1
ɖ̤okʰ,1
“næː,1
əɦv,3
ɦvaː,3
ʈʰil,1
ɦku,3
əɦp,5
ɦpə,5
təpʰ,3
sul,2
kʰɖə,1
rtʰiː,6
tʰiːp,1
sæːl,1
d͡ʑep,5
pʰiːt͡ɕ,2
(saː,2
ətl,2
kɕu,7
nud,1
tkr̩,7
səɖ̤,2
jəd̤,1
pɳə,6
ɳəɦ,6
ləɭ,1
mmj,1
ɡɖe,2
irɦ,5
“piː,1
t͡ɕʰen,7
ntʰs,1
tʰstʰ,1
tʰə,,5
əku,10
aːʈs,4
ʈsə,4
jətʰ,5
ni:,9
i:p,7
:pə,4
irt,12
r̩ʂk,3
vpə,3
ipʈ,2
kʰəʈ,2
msj,29
sje,5
pæːŋ,1
æːŋk,1
ŋkiː,3
kaːd̤,3
oɖd,2
ɖdə,3
ad̤j,2
jəj,2
ʈaː.,5
aːlpʰ,1
lpʰə,1
mub̤,3
iʂiː,1
ʂiː,,2
ɕiːk,1
ik,,3
uːkk,1
ɖo.,3
u.!,1
.!’,1
kviː,3
amu,4
iːnp,2
npæː,2
kuर,12
uːkuː,1
aːʈʰe,2
ʈʰel,2
aːɳd,2
ɳdə,2
9tu,1
aːɳɡ̤,2
ɳɡ̤aː,2
juːt͡ɕ,9
“am,11
amk,1
mkj,1
eʂb,1
ʂbu,1
tʰaːk,1
aːktʰ,1
ktʰi,1
mb̤iː,5
b̤iːr,5
ʈʰiːr,1
t͡ɕiːt,3
d̤eɕ,1
eɕuː,7
‘nə,2
iːnɡ̤,1
ɡr̩ɦ,16
r̩ɦp,1
ɦpr,1
t͡ɕaːkʰ,4
ɖəɡ,1
d̤uːɕ,1
lit,6
itɡ,2
tɡaː,3
aːʂə,1
“ju,2
puk,7
ekर,11
r̩td,23
tde,23
plə,3
ttj,2
jeb,2
nəkʰ,7
əkæː,1
djo,1
otə,9
d͡ʑeʂ,1
nɳaː,5
daːɖ,1
mut,1
utj,1
t͡ɕəd,4
pon,2
peɦ,1
rʈe,1
ubv,1
əʈʰɖ,3
ʈʰɖaː,1
“dr,1
ədn,2
kɔːm,4
ɔːmaː,4
netʰ,1
t͡ɕaːd,2
əpk,1
imuː,1
uːrl,3
aːŋn,2
ŋni,2
ve-,1
t͡ɕʰin,1
dri,2
iːts,2
(me,1
“ad,4
trv,2
kud,3
əɖɖ,1
ɖɖaː,1
aːʈo,5
maːiː,3
d͡ʑaːb,6
eɖl,1
oɦi,28
d̤uːl,2
baː.,6
duv,3
ɕoʂ,1
ɡɳu,3
ɡɳuː,8
ɳaːj,12
pʰəʈ,9
ɦaː्,1
aː्j,1
kʰiː,,1
skj,2
tʰuk,1
elb̤,6
lb̤ə,6
at͡ɕuː,2
nut͡ɕ,1
usuː,6
“lɔː,1
iːsm,4
ŋɡ̤ə,3
n:s,2
:stʰ,2
vlɔː,2
ɔːki,2
ɖ̤aː.,6
æːk!,1
oʈʰɖ,1
ʈʰɖj,1
“muː,4
‘aːn,2
ukv,2
‘və,1
kʰkʰj,3
ɕiː),1
əkʰk,1
kʰkj,1
‘saː,1
suːɕ,1
‘du,2
‘ni,1
raː-,1
odi,2
avr,1
kiːɖ,3
ɕrv,4
aːpd,1
pde,1
iːɖi,1
uʈɳ,2
aːjʈ,1
jʈaː,1
eɖ,,1
b̤aːm,4
-mu,1
apɦ,2
pɦə,2
iɳt,1
uɖɡ̤,5
ɖɡ̤j,2
ʈʰəs,2
əsʈʰ,1
sʈʰə,1
aːʂʈʰ,2
d͡ʑaːa,2
art͡ɕ,2
t͡ɕeʂ,4
det͡ɕ,1
iʂə,3
ʂəj,3
meɦ,4
eɦn,2
ɦnə,4
n-b,1
aːb̤ɳ,2
b̤ɳaː,2
d̤oɡ,1
uːt͡ɕt͡ɕʰ,1
pit͡ɕ,3
uːke,1
nt͡ɕi,2
“duː,1
d͡ʑ̤ep,5
aːtn,4
atj,4
dnə,8
uːss,1
ssu,1
kətʰ,7
tʰaː!,1
krɔː,2
rɔːr,2
ɔːrj,7
iː-a,2
-aɡ,1
iː-v,2
-vaː,1
iːsu,3
ukp,1
ɳpr,1
ʂʈʰu,1
ʈʰur,1
nət͡ɕʰ,1
uːti,1
ntʰaː,18
oɡs,1
ɡsu,1
ipu,2
pul,2
nrv,1
nəɭ,1
d͡ʑiːn,8
pokʰ,1
iːɳt,1
ʈəɡ,1
d͡ʑ̤ur,1
re!,6
vd̤iː,4
entʰ,1
ntʰe,1
ɳkj,3
ənɳ,1
iʂv,1
ʂvə,1
ɦiː’,3
ukj,2
uːrd,4
rduː,3
om,,3
dd̤v,1
“‘p,2
d̤uɖ,2
uɖk,2
uɡ̤ə,4
oks,2
ərɡ̤,1
rɡ̤o,2
ɡ̤os,1
“d͡ʑiː,1
l?’,2
juː,,1
doɦ,1
ən.,1
etr̩,19
r̩tv,19
ɦiː”,6
obt,6
irb̤,7
ʈəɕ,1
t͡ɕəŋ,1
taːŋ,6
“ɦi,2
ok.,2
k.),1
ʈʰek,2
und̤,1
d̤re,1
bod̤,4
ɭaːɭ,1
d͡ʑ̤im,6
məd͡ʑ̤,1
əd͡ʑ̤i,1
imɳ,1
mɳaː,3
ɖaːd͡ʑ̤,1
aːd͡ʑ̤u,1
rip,4
ipuː,1
ɳə!,1
t͡ɕokʰ,1
kʰaːɭ,1
rbu,1
b̤əɳ,2
uːd̤,,1
utk,6
kr̩ʂ,5
irʂ,2
nɖkʰ,1
ɖkʰo,1
ab̤j,2
muːɖ̤,2
ʂje,2
jtʰe,1
smr̩,4
iː,’,1
ɡ̤ed͡ʑ,7
əɭo,5
ab̤e,2
dos,2
ost,2
anv,2
aːvɡ,5
vɡe,5
asɦ,1
‘ko,1
ev?,1
ɡə’,1
ə’?,1
4tj,1
əlb,9
lbuː,1
id̤ə,5
upuː,1
uʂ:,2
ʂ:k,1
:kaː,1
ot,,2
aːʈʰb̤,1
ʈʰb̤e,1
amuː,1
uːlj,2
ɭot,2
nbə,2
ɖeर,2
dvi,3
ind̤,4
nd̤ɖ,2
d̤ɖj,1
sot,2
un!,1
əjs,4
jstʰ,3
e!.,1
‘ɕə,3
tuɖ,8
aːɡ.,7
aːdp,1
dpaː,2
ɕə.,5
-pɔː,2
mkiː,1
bbe,3
ʈʰəɳ,2
əɳʈʰ,1
ɳʈʰə,1
uːtr,2
id̤n,8
d̤naː,13
tʰpaː,6
ʈiːb,2
atr,1
iːvs,1
jod̤,9
od̤d,9
d̤dj,4
d͡ʑ̤eɦ,3
ruːd̤,5
uːd̤d,5
ɕiʈ,3
iʈʈ,3
(ak,1
ake,1
eɕi,1
ɕij,3
eʂə,1
ʂət,1
ʈeɦ,6
ɦeɭ,5
aːɖ̤.,3
e,p,1
,pə,1
aːɳɦ,1
aːiː-,1
amɦ,1
t͡ɕaːp,2
(atʰ,1
ʈʈi,1
ʈim,1
ɕut͡ɕ,3
rb̤uː,3
eɕr,2
(su,2
dutʰ,2
utʰɖ,2
tʰɖiː,2
pʰuɡ,2
uɡl,1
ɕɕaː,11
saːe,18
enb,1
nbaː,1
““j,1
iː?’,1
l.2,1
.22,1
22t,1
““t,1
suर,4
ɡib,91
iba,1
batʰ,1
atʰɦ,1
tʰɦaː,2
ɦaː-,1
aː-a,1
“ɡi,4
pəʈʰ,9
əʈʰaː,6
aːdt,1
dtr,1
ɭəa,1
alj,1
d̤de,4
əkʈ,3
əvn,1
vne,1
ɡrd͡ʑ,1
“aːr,1
aːbn,30
aː-l,1
əjɡ̤,3
ruːʂ,7
uːʂ,,1
aːb̤r,2
tʰ-aː,9
-aːv,3
“aːj,1
n-t,1
tuːp,1
ʈik,3
.”’,7
uːʂaː,5
lmaː,1
bəb,1
əbi,3
ən),1
pɔːɖ,1
dəɖ,5
uːsə,3
ʈuː.,2
viːm,2
iːmp,2
ɕit͡ɕ,2
aːjv,4
jvə,4
əɡb,5
piːt͡ɕʰ,1
iːt͡ɕʰe,1
b̤aːs,5
uːɳə,3
ɳəe,3
b̤uiː,2
iːvd,12
vdaː,21
num,4
d̤oɖ,1
ɖaːd̤,1
aːd̤o,1
rɦu,2
pstʰ,2
keɦ,1
erpʰ,2
rpʰaː,2
lor,1
bud̤,18
ud̤l,12
ɳpaː,1
etu,2
iʈl,3
caːm,1
ɳər,1
ɡ̤tə,1
kɖ̤ə,1
əd̤i,2
d̤it,4
isn,1
snj,1
rkuː,3
uːɖt,2
kje,2
aːtर,1
tऱ,1
iːsd,3
sde,3
aːjs,2
jsaː,1
ɦoɦ,3
muːtʰ,6
uːtʰə,5
pir,5
kʰiːɕ,35
pʰiːj,4
eɡl,21
aː,”,2
nuɡ,2
uɡɲ,3
red̤,1
ed̤aː,1
piːʈ,1
ɡ̤əv,2
əvɡ̤,1
npaː,7
oro,9
ad͡ʑe,4
d͡ʑek,9
kke,12
tuː.,2
ajaː,6
t͡ɕəɦ,6
t:t,1
:te,1
seb,2
ebs,2
bse,4
blj,1
ruɕ,100
uːtʰ,,2
oʈuː,3
unr,4
nraː,6
kiːɦ,1
uvv,3
sor,28
pʰɔːd͡ʑ,7
ɔːd͡ʑaː,3
aːdo,29
naːpʰ,1
aːpʰo,4
pʰot,1
ɖeŋ,1
mer,6
potʰ,2
tʰ-m,3
usæː,1
aɡiː,1
orn,1
əd̤tʰ,3
d̤tʰe,3
jtʰaː,2
ɖve,1
(aɕ,1
ɦəb,1
ɡətʰ,33
aɕd,9
ɕdo,10
aː.aː,1
.aːr,1
d̤rj,1
ovr,2
el1,1
d͡ʑaː1,29
lot͡ɕ,5
ɡed,4
ppuː,7
puːɦ,7
apʰe,8
-mə,3
aːnkʰ,1
nkʰaː,1
ddo,8
dot͡ɕ,4
d͡ʑaː3,1
aː31,1
aːɡɦ,1
ɡɦiː,1
avv,2
l-ɡ,1
d͡ʑiːk,8
ulkʰ,3
lkʰaː,3
tʰ-b,7
mepʰ,2
pʰaːtʰ,6
aː-tʰ,1
-tʰə,1
tʰəi,5
əim,8
inm,1
retʰ,9
ɔːr,,1
otʰ.,3
ulu,1
lukʰ,1
duːʈ,2
uːʈo,2
2jaː,1
aːbb,14
etʰɦ,1
tʰ-n,1
(oɡ,1
aːjr,14
jraː,10
ʈʰeʈʰ,1
eʈʰl,1
əɖd̤,3
ɖd̤aː,2
-aːr,6
ɖ̤ɳiː,3
ɡ̤te,1
ɳə(,1
ə(p,1
tʰ-a,8
oɦn,1
en-,28
n-ɕ,2
-ɕe,10
nom,6
aːnr,3
əbn,2
tu:,1
u:s,1
:siː,1
(aːr,1
ebn,7
(də,2
tʰ-s,7
-se,5
“ki,2
aːb̤k,1
b̤kə,1
akʰs,10
kʰsaː,10
atʰn,13
nie,13
əkʰr,2
jaː”,6
iːɳb̤,1
ɳb̤aː,1
əbs,2
ɡuːr,2
adaː,4
itʰn,1
tʰnaː,1
d͡ʑiːpʰ,5
iːpʰ,,2
dtt,1
iːjo,1
or.,2
ɦeʂ,1
eʂm,1
ʂmo,1
leʈ,4
r-ɕ,6
-ɕu,2
ɕuv,5
æːr-,3
bid͡ʑ,1
id͡ʑo,1
d͡ʑotʰ,1
sem,2
əsiː,2
votʰ,2
vol,6
aʂɳ,1
oɦ,,3
nriː,2
sokʰ,4
okʰo,4
kʰo,,2
adiː,2
iːtʰə,3
paː,,4
əktʰ,6
ktʰe,2
əsk,2
4kə,1
kitʰ,1
tʰliː,5
tʰ-d,1
tʰer,5
ipʰt,32
aːʂɳ,1
siːb,22
iːb,,4
kəi,11
əil,23
akə,3
aːɕd,1
iːr),1
mo,,2
duːm,1
tʰ-t,2
ɦum,3
mʈaː,1
jor,34
von,6
juːʈ,1
uːʈaː,2
id͡ʑr,35
d͡ʑre,36
əkd,1
in,,1
lɦuː,3
-suː,1
-an,3
notʰ,1
iːm),2
diː:,1
kʰaːkʰ,2
nib,1
ibə,2
bəɕ,123
ɖiː.,2
pi,,1
emm,35
(luː,1
d͡ʑə),1
krl,1
rlo,4
əpʰl,1
pʰle,3
loa,1
ept,2
pte,2
ʈaː;,1
app,1
r-b,1
uːru,1
mikʰ,9
ikʰtʰ,1
kʰtʰaː,1
tʰaːtʰ,2
tʰəɕ,36
lod͡ʑ,1
mbt,4
bte,2
iːlɡ,2
rə;,1
vaːi,2
aːik,2
erp,2
ikʰm,7
kʰmə,2
enʊ,1
nʊt,1
ʊtə,1
-do,3
əkʰ,,3
tod͡ʑ,1
mrd̤,6
apu,3
ud̤e,1
ukm,1
ɖ̤et,1
ɡlə,3
dəɳ,3
əɳk,3
lol,5
iɖt,2
etʰv,2
d͡ʑuː.,3
oaːm,1
n-r,4
-ro,2
inɖ,19
bev,1
oʈʰə,1
ʈʰət͡ɕ,2
ʂaː.,1
ek-,2
k-k,1
-ke,1
aːpʰr,1
-am,1
apʰn,1
pʰniː,6
æːro,6
ipæː,1
baː),2
aː),,2
krb,1
rbo,1
-su,1
sus,2
tʰ-l,2
-lə,2
əbv,1
bvo,1
ruɦ,2
ətʰ-,8
-bæː,1
maː),1
ɦuːk,3
beɕ,25
d͡ʑem,1
-taː,2
-ɦe,4
-kaː,2
iːnk,1
nkə,8
aːtʰo,9
tʰon,11
ʈaːtʰ,1
umr,1
ɦəpʰ,6
biːtʰ,1
kiɕ,6
metʰ,1
n-ɦ,16
bəʈ,6
ekʰ,,2
ɕiɦ,1
r-l,1
-li,1
onk,6
uːnl,4
aːɦ-,1
ɦ-e,1
-el,2
osk,4
lvr̩,1
keb,1
ət͡ɕɕ,1
t͡ɕɕr,1
əl-,1
l-e,1
lbb,1
ibb,8
bbə,6
ne-,2
e-b,1
iːjk,1
pʰot͡ɕ,1
ot͡ɕt͡ɕ,1
aːʈp,2
ʈpaː,1
ne”,3
jsə,1
əb̤e,4
b̤en,2
mov,1
juʈ,1
tʰotʰ,3
saːiː,2
ke.,1
tʰ-r,4
-ri,4
(ɡo,1
bæːɕ,1
æːɕt,1
ɕtə,1
ɕɕo,1
elɡ,1
abd,4
bdo,3
(ke,3
aʈʰʈʰ,4
ʈʰʈʰe,1
ʈʰim,16
nob̤,3
ob̤aː,6
æːɕv,2
iːt?,4
oɦuː,5
ekʈʰ,1
kʈʰə,1
mrj,2
ti-,1
i-a,1
əkʰɳ,4
aːd̤n,5
ɖlo,4
et’,1
tib,5
anr,5
tia,1
iar,1
ukʰ,,2
ɖ̤to,2
eɕo,1
od̤ɖ,1
d̤ɖiː,1
epl,6
piɖ,2
ɦæːr,9
aːɕɕ,1
iːt-,1
əmɳ,4
ni;,1
i;s,1
;sə,1
əj!,1
pviː,2
taːj,13
ɭaːŋ,1
obn,1
rɔːp,6
ɔːpj,6
əʈʰe,2
ɖəॊ,1
əॊɡ,1
ॊɡə,1
ets,2
tse,1
ɦo),1
ɦlo,3
apʰiː,2
pʰiːk,1
lbiː,2
bokʰ,3
kʰiːm,3
kʰoʈʰ,2
uːnp,1
npu,1
ruːŋ,2
rum,2
iːtn,1
laːʈʰ,1
d͡ʑ̤uk,2
aːɖm,4
ɖmu,4
muʈʰ,6
uʈʰj,1
vəb̤,2
ɡ̤uː.,1
ʂʈʰj,1
al-,4
beʈ,2
iːvj,1
ɕaːtʰ,4
d̤aːʈ,1
uːdl,2
uːdn,5
(eɡ,1
ləʈʰ,1
əʈʰʈʰ,1
tiːd͡ʑ,1
uːdə,2
uʈʰiː,2
ʈʰiːp,1
luːp,2
aːɡr̩,1
r̩ɦaː,6
ɡtj,4
əɳkʰ,1
ɳkʰə,2
əmɡ,2
siːs,39
iːsr,39
ulm,1
lmiː,1
ʈriː,1
ppi,1
pid,1
ern,2
t͡ɕen,2
bed̤,1
ird̤,7
stʰe,3
iːnl,1
ott,3
sve,4
et͡ɕt͡ɕʰ,3
iːrm,2
vr̩ʂ,2
ɖ̤e.,3
rki,16
naːd̤,2
oɡi,1
jtiː,1
ɳvə,5
vəʈʰ,2
d͡ʑ̤aːn,2
nd͡ʑaː,5
ɡaːtʰ,1
əɳ!,1
uːʈʰ,,3
ɖoॅ,1
oॅɡ,1
ॅɡə,1
nɖ̤v,2
d͡ʑeɦ,1
naːkʰ,2
aːkʰm,1
d͡ʑ̤un,5
und͡ʑ,5
ɡ̤o्,1
o्j,1
“me,3
d͡ʑeɕ,1
tpr,7
“siː,1
k-d,1
ɦud̤,1
umo,1
ɡ̤rə,5
ʂid̤,2
id̤d,6
aːsd̤,8
sd̤uː,8
d̤uːs,8
ɕə:,3
apʰr,7
jov,84
abi,7
d͡ʑ̤oɖ,3
ʈaː”,1
enl,1
bto,2
tkɕ,1
adr̩,1
dr̩ɕ,2
r̩ɕj,2
“ɕaː,5
tiː”,1
mb̤ɦ,1
b̤ɦiː,1
vʈj,7
d͡ʑ̤ol,1
utuː,1
mvaː,11
alaː,3
ubb,10
ed͡ʑr,2
d͡ʑriː,1
ʈiːb̤,1
ɡvuː,1
uːbb,1
prɔː,1
rɔːɖ̤,1
ɔːɖ̤iː,1
ve”,1
d͡ʑib̤,1
ib̤e,1
ɖɡ̤e,3
muɡ,1
uɡr,4
əɳv,3
ɳvaː,2
dje,5
“uːʈʰ,5
ɕib,5
ibi,5
ɖeɕ,1
aːɭu,1
ɭuk,1
ukɳ,1
uːtə,2
so’,1
aːr”,2
aː.s,1
.sə,1
-ɕi,1
ʈəb,1
d͡ʑeb,12
u?”,2
lmu,7
nue,4
uel,4
nor,1
ɦuʈ,4
uʈj,1
ɡ̤aːʈ,1
otʰm,1
tʰmə,1
noर,2
tiː?,1
bin,2
te”,1
aːk”,2
ors,1
“kʰu,2
taːd̤,2
b̤uːʂ,3
uːʂɳ,3
ʂɳe,3
l-b,4
riːtʰ,6
(ɡi,6
d͡ʑoɭ,1
aːmʈ,1
driː,8
oʂi,9
ɖol,3
kiːr,10
iːrd,5
nnd,1
aːʈm,1
ʈmaː,2
uːʈm,1
edp,1
dpu,1
uːll,3
aː?aː,1
?aːp,1
(ɦə,4
uʂ),1
pum,1
aːb̤iː,1
ve’,2
aruː,1
uːln,2
ɡəɖ̤,8
ɖ̤iːm,2
ɭəɡ̤,1
əɡ̤r,4
ɖ̤iɡ,1
ɖ̤əɖ,1
b̤os,3
odo,2
al,,1
isj,1
ʈob,2
“aɖ,1
aːɦn,7
ɦne,7
bəkʰ,7
d͡ʑ̤iɖ,2
(ar,1
te?,5
utn,1
aːɦm,1
iːn”,3
niːtʰ,1
nr̩t,4
eɡaː,5
mɳe,2
ər”,2
t͡ɕev,1
apm,2
pmaː,2
etʰ”,2
lej,1
ekj,23
aːvʈʰ,5
vʈʰi,5
ɡop,3
opə,4
“puː,5
miː”,1
uɳə,1
e-d,1
enm,1
əd̤ɦ,1
pəd̤,6
əd̤d,6
koɖ̤,1
ʂaːkʰ,4
mɡe,1
pʰəd͡ʑ,2
t͡ɕʰaːt͡ɕ,1
oɦv,1
ɦvv,1
ɖuːɦ,1
btj,3
oɦe,2
olɦ,3
lɦj,2
ɭe?,1
mnə,1
ɦep,2
əbɖ,5
aːr!,4
-le,1
raː”,2
amd,2
“ud͡ʑ,2
ru”,1
kʰiɭ,3
əkʰi,2
ɦsj,4
ʈʰʈʰaː,4
ʈʰaːɳ,9
aːɳb,1
ɳbə,1
ətb,4
tbə,4
ne?,2
koर,1
ŋɡ̤l,1
ɡ̤le,1
t͡ɕɔːɡ̤,4
ɔːɡ̤aː,3
əkʰɖ,3
kʰɖaː,1
əɡ̤,,4
ɭəʈ,1
peɖ,2
ɖ̤aːɦ,1
upi,3
maːaː,1
aːnk,4
nkk,1
b̤vaː,5
ɭəd,3
uːŋɡ,1
dot,1
mɔːd͡ʑ,3
ɔːd͡ʑə,4
dəŋ,3
eluː,1
aː-p,1
ʈəɖ,1
d͡ʑ̤iːɦ,1
euːɭ,6
miːkʰ,63
ʈʰaːp,3
evɡ̤,1
uro,18
d̤to,2
toj,13
oj”,3
ɦok,3
ɔːro,3
t͡ɕəd͡ʑ,5
əkʰuː,7
tʰe?,1
kʰve,2
ləi,10
əiɕ,10
t͡ɕe”,2
aːkʰkʰ,2
ɡiːʂ,1
iːʂʈ,2
kʰaːɦ,1
iːmn,2
mniː,2
ʂeaː,1
eaːm,1
ʂem,1
aːbi,1
ɖbaː,1
itʰj,1
t͡ɕæːtʰ,1
æːtʰj,1
etv,4
aːpɔː,2
pɔːk,2
ɔːkiː,2
uʈʰu,1
ʈʰun,1
ɖepʰ,1
ɦuːɳ,1
uːɳaː,1
tʰee,1
ɕiːb,4
rəʈʰ,4
un.,1
b̤et,2
əʈj,2
aɡ̤o,1
kdi,4
kɔːl,3
ɖuː.,3
ad̤ə,1
d̤əm,2
ɦiːɕ,4
əɕæː,1
aːvkʰ,1
vkʰu,1
væːɕ,1
æːɕi,1
ʈjə,2
opʰɳ,3
pʰɳiː,3
emɦ,5
əbɦ,1
bɦaː,1
ɖku,1
l-t,1
b̤iːʂ,2
iːʂə,1
t͡ɕʰaːp,2
b̤is,1
oʈʰʈʰ,1
ʈip,2
ipl,1
tiɡ,9
iɡɲ,6
vaː?,2
ɕiː?,2
æːrɦ,2
ə-ɡ,7
-ɡi,9
aml,4
mlə,2
so”,2
(ɕi,1
‘bə,1
ub̤uː,1
nə.,1
roɡ̤,5
oɡ̤r,5
ɡ̤riː,6
r̩ɦs,6
ɦstʰ,7
ruːtʰ,29
uːtʰ.,1
e.n,1
.naː,2
lər,1
d͡ʑ̤əl,1
ɭo”,1
iɡ̤iː,1
iː,”,7
t.n,1
vɦiː,2
oɡ?,1
e.p,1
.pə,1
ə,aː,1
,aːp,1
s,.,1
,”t,3
”tu,1
aː.m,1
.miː,1
kʰuːɕ,3
uːɕaː,2
id̤o,1
d̤or,1
aːj”,3
(aːn,1
aː’(,1
’(m,1
kʰiː),2
iː)m,1
)mɦ,1
e.aː,1
.aːt,1
diː’,1
bəv,34
ɡuːɦ,1
uːɦs,1
,”m,1
”miː,1
miːb,2
uːɳs,1
ɳst,1
e.t,1
.ti,1
piː.,2
uːtʰn,4
suːl,2
kuːp,1
ɖ̤iːɦ,2
jkiː,1
uːtʰl,5
ɖaːɦ,2
oʈb̤,3
aː,p,1
,pu,1
b̤uɕ,1
uɕɕ,1
“ku,3
dəkʰ,3
,”p,1
”pə,1
”tj,2
suːb,1
ɦaːuː,1
ɳəkʰ,4
d̤ruː,2
oɳ,,1
siː.,1
əʈpʰ,1
ʈpʰə,1
ʈʰoɖ,1
e.m,1
.mə,1
suːk,1
aː,n,1
,naː,1
puːɖ̤,1
uːɖ̤e,1
aːbɦ,1
uːtʰs,1
tʰsu,1
(puː,1
nɳə,1
uːsर,1
ɡ̤e”,1
uːtʰp,1
iːrt,3
nruː,2
uːd͡ʑd͡ʑ,1
ɕaːj,37
viːd,766
(ki,2
ɦuːt͡ɕ,11
uːpʰə,1
ekʰu,1
kʰiːk,2
iːkʂ,1
kʂʈ,1
ɦe-,1
ɡuːp,1
ut͡ɕj,9
piːt,4
i:s,2
rid,1
əʈp,3
ʈpə,4
urd͡ʑ,2
rd͡ʑe,1
taːkʰ,6
iɕuː,1
kve,1
r?”,5
se?,3
s.’,2
‘itʰ,1
iː..,1
nɡaː,1
ɡnn,8
ɦsaː,1
liːd͡ʑ,1
op.,4
p.”,3
l”,,1
“bo,3
ɲaːd̤,1
loʂ,5
stʰuː,1
tʰuːl,1
kəj,2
j,”,1
bod,4
æːb̤aː,1
aːv),1
le”,2
n-e,1
-ed͡ʑ,1
ltʰiː,1
odl,1
ɡetʰ,1
aːrd̤,2
rd̤iː,1
t͡ɕe?,3
ɡiːd,1
bve,2
ktj,2
tʰæːl,5
æːliː,3
uvr,4
vrɳ,4
ari,2
riʂ,2
iːrɦ,2
d͡ʑe?,3
d͡ʑaː”,3
pɳuː,1
d̤iv,1
ev-,1
v-d,1
-de,2
ʈər,2
iɡr,5
ʂʈo,3
rd͡ʑj,2
ɡ̤əb,3
ɡ.”,1
kʰkʰe,1
t͡ɕəɖ,2
tʰ-k,1
ətʰp,1
joe,1
oel,1
-ɕiː,1
mpiː,1
s-p,1
att,1
kpaː,1
aːbɳ,1
bɳe,1
m.”,1
biːe,2
ror,2
əkʰo,2
ortʰ,1
ɲaːl,1
aːuː”,2
kpuː,2
uːs.,2
ɔːln,72
ɔːls,3
ɔːll,43
kup,3
miʈ,1
ɕəɡ,6
nəi,1
ktʰə,4
“kiː,1
“ɕɔː,17
iːstʰ,1
ɔːlɦ,2
ɔːlv,3
boɕ,43
əjɡ,2
jɡə,2
ɳaːd,3
ok?,1
d͡ʑiɳ,1
n),,1
b̤liː,2
əbd̤,1
bd̤ə,1
ɖaːɖ,1
irr,1
rrtʰ,1
ɭəɭ,3
ers,1
rsu,1
suɳ,1
d͡ʑ̤əʈ,4
iːnm,3
“ne,3
aːes,1
sid̤,4
tʰ-o,1
-ov,1
ovn,1
ɭet,4
1/6,1
ɦiːd,1
iːduː,1
duːb,1
bos,1
o?”,5
‘aːɦ,1
buː.,1
ppj,1
biɭ,1
to”,3
aːɳ”,1
uːʈiː,3
t:ɦ,1
:ɦuː,1
ɖ̤aːt͡ɕ,3
iːɕu,2
iːkʰə,9
ɡiː.,8
abn,54
əɖ̤.,1
jdə,5
kaːuː,1
kʰed,3
aɕr,2
ɕruː,3
ɖ̤aːɭ,2
ssə,1
rej,3
ejs,3
jsk,4
kɳe,1
iːʈ.,1
epd,1
ɔːlb,3
juːʂ,1
uːʂj,1
iːɡ̤.,1
əɳ.,2
aː”,,1
eɦb̤,1
uːs!,1
“al,4
“ɕo,3
opj,9
dəd͡ʑ,1
ɔːlk,7
iːdl,75
apʰə,1
əsर,1
़्d,1
्də,1
utpʰ,1
tpʰə,1
mso,1
t͡ɕil,8
ilkʰ,8
lkʰə,8
nuː.,1
əlu,2
luɡ,2
uɡe,1
ɖ̤rə,1
ɳɡə,1
vjuː,4
juːɦ,4
əsd,1
sdiː,1
kʰɳə,1
ɳəd,1
d͡ʑ̤uːn,1
aːtʰl,5
b̤ət,1
d͡ʑ̤ən,2
ən?,1
iks,2
ksu,1
juːl,3
ɡuɭ,2
ʈvj,1
opʰə,3
pʰəɳ,3
iːdk,9
dkə,13
aːtʰn,1
aː-b,1
ntʰp,1
ɭaːiː,1
ɖiːd,1
iːdr,2
ɡaː?,1
t:i,1
:it,1
ɳve,1
əpʰ,,2
suːj,1
uːje,1
bepʰ,1
iːdb,2
dbə,2
kʰliː,2
osiː,1
rsp,6
iːl’,3
iːkʰl,10
ʈtə,1
rd̤ə,1
noɡ,2
ək.,4
t͡ɕiɳ,1
uɖiː,2
sekʰ,1
ɔːlm,1
jeɦ,93
t͡ɕə?,1
vsj,1
ŋkt,8
‘daː,5
əkʰ.,1
aːbu,2
buर,1
væːर,2
æːऱ,2
:paː,7
iːdp,1
nup,1
nsɡ,1
sɡiː,1
npe,1
ptʰaː,1
tstʰ,1
prk,1
iːd,,6
eɖj,3
soŋ,2
əʈʰv,1
ɖ̤iːv,1
laːɭ,1
oɡ̤ə,3
ɡ̤əɭ,2
ətʰɦ,1
jpu,2
ɖ̤tj,1
ɦiʈ,1
iʈuː,1
ʈuːb,3
ɦiːʈ,3
iːʈuː,2
“aːɡ,1
ɲaː.,1
əiɦ,1
eɡn,2
abj,25
slə,3
tʰiːd,2
voɡ,2
d͡ʑ̤iːpʰ,4
dr̩ɖ̤,1
“ɡ̤aː,3
uːrtʰ,1
urɡ̤,1
ɡov,1
ɔːlp,3
laː”,6
ək”,1
(se,1
lko,3
otʰ),1
isv,2
msaː,5
naːɖ̤,1
biːɡ,15
opɦ,1
iːd?,1
noɭ,1
iːds,1
dsə,1
iːɡə,15
ɡəi,12
iln,1
ons,3
ɖ̤ep,4
le।,1
ɡ̤eu,1
eun,1
vrj,1
srj,1
aːjɡ,1
jɡaː,1
prp,1
kiːb,2
aːɕv,3
itm,4
d͡ʑ̤iŋ,1
kəɽ,1
əɽə,1
ɽək,1
jut͡ɕ,2
ɦoŋ,1
biːɕ,29
uː).,1
ɕut,1
ʂki,1
ɕrt͡ɕ,3
rt͡ɕi,3
de”,2
ɳ?”,1
d͡ʑə?,2
ə?”,1
“d̤ə,3
eb,,2
ɦo”,1
aːj.,1
əɡr̩,7
r̩ɦiː,1
əm.,2
əvo,1
vokʰ,1
uːʈuː,2
liː”,2
“ke,1
ətʰl,2
ilb,7
lbo,9
bov,7
ɖd̤ə,1
nə,,1
uːtv,2
ʈʰaː.,2
aːlʈ,5
lʈuː,2
nta,1
tas,1
set,1
iːd.,2
rɦi,1
pid͡ʑ̤,1
id͡ʑ̤aː,1
aːm?,1
m?”,1
ət͡ɕo,1
t͡ɕoʈ,1
iːr.,1
je?,3
aːtʰi,1
“av,2
əɖ.,3
uːn?,1
its,2
tst,2
nso,2
okt,1
odj,1
mæːl,1
æːlj,3
viɡ̤,2
iɡ̤n,1
ɡ̤nn,1
ruːk,3
eʈ”,1
tto,1
ipʰm,1
pʰmo,1
tʰaːkʰ,1
ruːɽ,1
uːɽp,1
ɽpaː,1
ʈiŋ,2
aːɦk,2
ɦkaː,2
dru,1
ɔːl,,2
vku,2
iːte,3
uːʂə,2
btə,1
okɡ,3
kɡiː,3
iːrtʰ,1
re),2
ɖo!,1
ɡvo,1
ldə,1
nd̤o,1
d̤o.,1
(id͡ʑ,1
kaː),1
pʰnə,3
vitʰ,1
-bo,16
lpu,4
tʰəɦ,1
ɦsuː,1
aːvp,2
(as,1
ɡiɦ,1
tʰəɖ,1
vse,2
abə,118
niːj,32
əvtʰ,1
vtʰaː,1
ɡiːtʰ,4
biːʈ,1
tʰraː,3
siːɕ,1
drb̤,1
jut,2
daːŋ,1
əsæː,2
bit,2
ɡut,1
utv,2
ɦeɡ,2
“suː,1
(ri,1
təi,1
məpʰ,25
pʰiːb,22
viːɦ,1
(daː,4
“aːn,1
iːdn,8
pʰəɡ,1
liːpʰ,2
iːpʰl,2
eʈ.,2
l-p,1
“kʰi,1
iːm”,1
b̤uː’,1
aɦj,2
ɦjo,2
mru,1
es-,1
s-u,1
-ud͡ʑ,1
ən”,3
ɳuː?,1
ed-,2
“ob,1
ɡəɡ,1
smi,2
d͡ʑuːr,4
ətɡ,2
ɔːld,1
ɦuːʈ,2
nɕe,8
ir),1
t͡ɕaːb,2
stt,1
əɡ.,1
b̤o,,2
e!),1
klp,1
d̤diː,6
nvs,2
toiː,2
oiːɕ,1
nuːb,1
mlo,1
iːlu,2
lud,2
akʰb,2
kʰbaː,2
iːʈu,1
ʈub,1
dok,27
ojaː,23
d͡ʑe”,1
lo-,2
o-d,2
-də,3
miːe,2
etʰ?,1
tʰ?”,1
etʰ.,1
tʰ.’,1
ʈeb,2
sɔːd͡ʑ,1
itr̩,1
tr̩ɕ,1
r̩ɕo,1
əjl,6
iːmiː,1
kst,1
əmɦ,3
iːjm,1
uːʈj,1
ɳe-,2
-pi,4
dəb̤,1
eɦo,1
“aːɡ̤,1
tvr̩,1
“ur,1
ŋɡj,1
iːb.,1
aːuːp,4
uːpi,4
piiː,1
iiː.,1
pe.,1
upɦ,1
pɦaː,1
kud͡ʑ,1
aːɳo,1
ɳo,,1
diːd,1
iːdj,1
ij’,1
lnə,2
amn,26
mno,27
rə!,1
nmo,1
əjn,6
jnə,4
“b̤aː,1
məɡ̤,1
əɡ̤j,1
ɡ̤je,1
d͡ʑ̤iʈ,1
ɡiːb,1
iːbe,1
ʈəʈ,1
viɡ,1
iɡn,1
orm,1
eɳə,1
aːrd͡ʑ,3
ɖ̤oŋ,1
ɕob̤,4
ob̤e,2
b̤es,1
nəʈ,3
iɳɡ,2
orʂ,1
dob,3
obs,3
bst,3
ol”,1
d͡ʑ̤es,1
lip,1
ab̤iː,1
ʈtaː,2
kʰəɕ,1
daːʂ,1
aːʂ,,1
rɦuː,5
əb?,1
viːd͡ʑ,2
taːpʰ,2
uːʈʰuː,1
ɡviː,1
t:b,1
:bə,1
ɦitʰ,18
tʰopʰ,18
id̤uː,1
tnj,1
tʰiː,,7
ir.,1
ɦoɭ,9
aː.p,1
.pr,1
iʂpʰ,2
ʂpʰə,2
ɦuːɕ,14
ilv,1
pʰib,3
ɳjə,2
sæːm,1
æːmb,1
“ɦuː,1
t:j,1
:ju,1
luː.,1
lpe,1
krt͡ɕ,1
t͡ɕre,1
tuːd,2
obiː,2
rd͡ʑi,9
(naː,2
pʰik,1
ikiː,2
sɔːm,1
ɔːmj,1
sʈaː,1
ɖəd͡ʑ,1
d͡ʑuːɖ,1
mbk,2
dkaː,3
r̩ti,3
b̤ə”,1
aːrr,1
rrə,1
juːm,2
uːmu,1
om”,1
ruːd,1
uːdd̤,1
loɖ̤,1
oɖ̤ɳ,1
ɖ̤ɳe,1
imɦ,3
bik,5
kʰoɖ,1
oɖs,1
ɡoe,1
oeɭ,1
roɭ,2
r̩ʂj,1
t͡ɕəर,1
ɖ̤iːɡ,2
pip,1
suː),1
(ɕɔː,2
arm,1
ɭaː),1
məkʰ,1
(və,1
ulɦ,1
lɦo,1
liː),2
eɦə,31
ɲeb,1
biː-,2
iː-b,1
kʰəj,1
rɡiː,2
ɡiːm,1
iːev,2
iɡiː,1
tʰæːm,1
æːmaː,1
jus,1
usd,1
sdə,1
ɭəm,3
id͡ʑv,1
uʈr̩,1
t:b̤,1
:b̤o,1
eɖ̤uː,1
mdu,2
t͡ɕt͡ɕʰ‌,1
t͡ɕʰ‌v,1
‌vaː,1
uʈi,1
ʈil,1
ilt,1
nts,1
vəŋ,1
aɖ̤ə,1
kə:,1
ə:p,1
t͡ɕikʰ,1
s.d͡ʑ,1
.d͡ʑj,1
rb̤r,1
(ɦo,1
to),1
iː:j,1
:jo,1
joɕ,5
eb-,1
b-b,1
təkʰ,1
kʰmo,1
asn,1
sniː,2
moe,1
iuː?,1
jlo,1
ɖse,1
əj.,1
r-d,2
e:b,1
:be,1
koiː,1
otʰiː,2
məb,1
ʈopʰ,2
bəj,2
-al,1
alb,1
vaːtʰ,1
ɦuːm,1
tʰiːt͡ɕ,2
aɦs,1
t͡ɕet,1
“aːd̤,1
tɡu,1
ɦod,1
itʰp,1
d̤ə”,1
nd̤n,1
ɔːte,1
ukʈ,1
jom,1
rʈʰaː,1
ɕun,4
ɕuɕ,1
uɕr,1
uɡuː,1
iːtʰe,2
‘sv,1
kiːɡ,1
ətʰj,1
t:n,1
:nə,1
vo’,1
ɡaː”,1
ɳem,1
aʈə,2
ʈəɭ,3
d͡ʑ̤ək,1
ədɦ,1
dɦe,1
“aːiː,1
ɡeɕ,1
jaːɡ̤,1
ɡək,1
es”,1
emb̤,2
ʈiːŋ,1
iːŋkʰ,1
aːjb,3
jbu,2
ukʰs,1
kʰsə,1
uːtk,1
tiːa,1
iːar,1
ɡ̤iːt͡ɕ,1
t͡ɕeŋ,1
d͡ʑ̤e.,1
ɡ̤iːɦ,1
aːts,1
d͡ʑəर,19
ipɳ,1
iːluː,2
ɦaːd̤,1
buːd,1
ɡuːt,1
uːtuː,1
-ɦuː,1
ubo,1
siːkʰ,1
iːkʰo,1
ʈaːpʰ,1
ree,1
eel,1
kmaː,1
tʰ-ɡ,2
əkʰv,5
ɭuːk,1
uːkɳ,1
aːʈi,2
ʈis,3
əɕr,2
ipʰs,2
pʰsaː,2
b̤aːɕ,1
d͡ʑraː,1
sɡə,3
jrə,3
nd̤t,1
did,1
veʈʰ,2
eʈʰb,2
ʈʰbi,2
0,0,3
10,,1
aːtʰr,1
tʰrə,1
aːkर,2
blo,2
los,1
480,1
ɔːtʰe,3
evɖ,3
diːi,1
tuɭ,3
uɭj,3
ut͡ɕaː,1
niːb̤,1
iːb̤aː,1
əkʰb̤,1
kʰb̤ə,1
iːvk,4
ɔːtʰr,1
iɖə,1
əɖp,2
od͡ʑi,1
ɡ̤um,5
mʈiː,1
ʈko,1
ɔːko,3
əpɦ,1
75pʰ,1
5pʰuː,1
əp”,1
umuː,1
riɡ̤,2
ɡ̤aːt͡ɕ,1
mʈj,4
ɭiːd,2
ɭib,1
ob̤i,2
ɦɔːd,6
uːʈ.,1
aːlkʰ,10
lkʰj,4
lkʰiː,6
d̤uर,3
ɡ̤əŋ,2
kʰiːb,1
ɦaːpʰ,1
aːpʰu,1
iɳp,1
ɳpuː,1
iː,.,1
t:m,1
:maː,1
ujuː,1
juːɡ,1
nrtʰ,1
ntɦ,1
‘je,1
prtʰ,1
ɕt͡ɕaː,1
əsɦ,1
1,2,1
20,,1
mb̤i,1
əuɦ,1
uɦə,1
nrb,1
me,,1
ətʰd̤,1
tʰd̤i,1
iːbl,1
uːpɦ,1
ɭiː.,1
opʰi,2
uʈʰb,1
ɕrr̩,1
rr̩r,1
r̩rj,1
ustʰ,1
əɡ̤e,1
ɡ̤ep,1
d̤di,2
mtt,1
aːb̤n,1
b̤ne,1
9,0,1
ndn,1
ʈʰɖe,1
aːdk,4
əmj,1
ɳəæ,1
əæn,1
ænɕ,1
sɔːd,1
sub̤,1
idə,3
t͡ɕəʂ,1
əʂə,1
ʂək,1
viːd̤,1
iːd̤i,1
ɳiː.,1
krʂ,1
liːkʰ,1
iːkʰe,1
aːvu,1
vut,1
ems,1
d͡ʑəɡ̤,3
1mi,1
d͡ʑətʰ,1
eɦu,1
nub,1
d͡ʑon,5
t͡ɕiːɖ,1
baːʈ,18
iɖaː,1
ɡ̤aːŋ,1
b̤aːkʰ,1
43m,1
ɦbaː,24
ovr̩,1
d͡ʑut,1
luː?,1
akʰkʰ,1
sst,1
aːbk,5
oɖp,1
ɖpiː,1
piːn,1
ɖəŋ,1
ɦij,1
əel,1
itɦ,2
saːæː,1
ətʰe,1
luːɭ,1
ɳij,1
uːs?,1
‘te,2
uːs),1
nəb̤,1
ɕom,54
uːro,1
‘ar,1
vde,1
əʈi,1
dju,1
emv,4
ɡaːɦ,1
ɳed͡ʑ,1
enɦ,25
bri,2
ɦed͡ʑ,1
ed͡ʑj,1
d͡ʑ̤aːiː,1
ukʰɳ,5
d͡ʑ̤aːs,1
ars,2
əbd͡ʑ,2
bd͡ʑaː,2
oɡ̤ɦ,1
ɡ̤ɦiː,1
intʰ,1
diːɖ,4
iːɖə,3
iːɖd,1
aɦaː,121
ɖti,2
etʰb,2
diːɦ,1
ɦie,1
ɡuːb,1
ɕbiː,5
vsu,1
pʰətʰ,2
ɖəb,1
əbj,1
t͡ɕʰəv,1
.”-,1
urb̤,2
rb̤i,2
bdj,9
(ob,1
əd͡ʑ̤ə,1
jaː?,1
uːn!,1
əd͡ʑv,1
d͡ʑvə,1
tʰəʈ,1
mbo,1
ɡɖu,1
ɖud͡ʑ,1
ɲə,,1
kʰtə,1
suːʈ,1
kaː”,2
oɳv,1
ʈʰiːe,1
nd͡ʑu,1
d͡ʑaːe,28
uʈt,1
lmuː,1
od̤p,1
iɡ̤r,1
iːrkʰ,1
pʰuɕ,1
‘ev,1
ɔːd͡ʑe,4
buːm,1
ɡuŋ,1
ɖ̤lo,1
ʈaː),3
daː.,1
‘d͡ʑiː,1
rpe,2
peʈʰ,3
eʈʰaː,1
tlo,1
otʰv,2
iːd͡ʑr,1
“id͡ʑ,1
kr̩aː,1
tʰvi,1
tʰbə,1
ʂʈʰi,3
ʈʰit,3
taː”,1
(el,1
epp,1
oʈɳ,1
ndʂ,1
dʂʈ,1
aːʈn,7
idk,6
dkiː,5
iːs’,1
tmi,1
tiːd,1
“æːk,1
əsɡ,2
ət͡ɕɔː,1
tʰaːd̤,3
rtr,1
suɕ,1
uɕo,1
aɦə,51
maːɖ,1
ʈʰɖə,1
l-d͡ʑ,5
tɖə,1
‘kʰaː,1
uːbk,1
aːvʈ,2
paː!,2
viːu,1
iːud͡ʑ,1
ɡmaː,1
nʈɳ,1
d̤ɖə,1
muːt,1
uːtj,1
edb̤,1
db̤aː,2
e.?,1
.?”,1
ruaː,4
tə!,1
aːbs,1
bsə,1
d͡ʑəpʰ,1
d͡ʑiːl,7
uaː.,1
tej,1
kaː’,1
“ɡ̤e,2
aːkb̤,3
kb̤aː,3
“tʰo,1
teb̤,1
eb̤r,2
b̤ru,1
ɳəm,1
t͡ɕʰe!,1
buːr,1
(tuː,1
s?),1
oɡm,1
ɡmu,1
‘aːŋ,1
r.’,1
t͡ɕʰə,,2
aːʈʰt,1
ʈʰto,1
‘epʰ,1
ur,,1
saːa,1
aːaɖ,1
ɕub̤,1
ub̤r,1
d̤uː.,1
ʈʰiːb,1
vd̤ə,2
erɡ,1
ətʰɡ̤,1
tʰɡ̤o,1
ɖ.”,2
ətʰi,1
ɖeb̤,1
ɦuː?,1
‘dj,1
eʈʰe,2
ɔːɡ̤e,1
ɭaːd͡ʑ,1
aːɳb̤,1
uːmə,2
ən्,1
n्j,1
d͡ʑəi,1
udm,1
uaːn,1
aːs”,7
atʰl,8
eɖp,1
lɳə,1
jbə,1
ədb̤,1
ved̤,1
bid,1
tʰɦj,1
nvɦ,1
kʰod͡ʑ,2
ir,,1
‘id͡ʑ,1
eɳkʰ,1
iːk.,1
əʈt,1
ɡ̤.”,1
kiː”,1
deɭ,1
ukʰɖ,1
d̤nə,1
ɦoaː,18
oaːɦ,16
ktr̩,3
ont,1
ntr̩,1
“pʰi,1
itu,2
riː!,2
“atʰ,1
vje,1
oaːɕ,2
ɕə),2
ibj,1
“ad͡ʑ,1
d͡ʑ̤aːkʰ,1
t͡ɕiʈ,1
iʈɳ,1
ətʰv,1
ams,26
iː.j,1
.jə,1
pʰol,1
dti,1
r̩te,1
ted,1
uːpuː,1
ɦoa,1
oad,1
omj,1
iɖuː,1
ʂaːर,1
uːrd͡ʑ,1
d͡ʑəd͡ʑ,1
ami,1
əkʰर,7
kʰऱ,7
vnr,1
jəkʰ,1
vkr̩,1
kuʂ,1
ɭis,2
uːmn,2
uːml,1
ad̤:,3
d̤:p,3
puːl,3
kɦj,7
kɦə,3
kɦaː,3
iɡl,2
