pad,10199
ada,12698
mul,266
ula,1724
laɲ,188
aɲa,6765
all,3459
lla,3556
lah,15304
məɲ,4679
əɲt͡ɕ,1519
ɲt͡ɕi,425
t͡ɕip,117
ipt,111
pta,111
tak,1743
aka,5889
kan,19184
səm,5242
əmə,1742
məs,1030
əst,289
sta,300
bəl,2601
əlu,3272
lum,567
bər,18608
ərb,3019
rbə,281
bən,1170
ənt,2445
ntu,1230
tuk,752
kat͡ɕ,89
at͡ɕa,502
t͡ɕau,40
aub,168
uba,482
bal,1572
ala,6889
lau,815
sam,1686
amu,2405
mud,1271
udr,3
dra,20
jaŋ,17905
ərɡ,1813
rɡə,175
ɡəl,413
əlo,251
lor,55
ora,12711
mən,11428
ənu,1800
nut,134
utu,841
tup,174
upi,170
səɡ,1358
əɡa,1601
ɡal,3174
səs,1115
əsu,2622
sua,849
uat,2395
atu,1539
olə,2292
ləh,2387
əla,10688
lap,558
ɡul,133
uli,466
lit,214
ita,1475
tət,3185
əta,4521
tap,3585
api,3057
ɡər,2082
əra,7142
rak,1279
pər,12958
ərm,633
rmu,209
muk,489
uka,3177
kaa,38
aan,2110
ərk,4953
rka,5455
kat,5473
ata,9104
d͡ʑad,3404
adi,3966
dil,567
ila,2928
tər,5093
raŋ,15632
lal,2276
alu,2327
sən,1441
əna,5520
naŋ,1081
məl,4092
əli,2761
lih,1746
iha,1862
hat,3398
dip,989
ipi,50
pis,74
isa,817
sah,523
ahk,2527
hka,2509
anɲ,3325
nɲa,3655
din,112
ina,1371
nam,1073
ama,5059
mak,1813
sia,937
iaŋ,584
mal,789
lam,2486
ləw,598
əwa,887
wat,240
paɡ,289
aɡi,4393
itu,1703
tul,633
ərt,5510
rta,2005
tam,581
kəm,3579
əmu,5203
udi,1365
dia,2606
ian,3899
səb,4457
əbu,1391
bua,2809
uah,636
məm,10305
əmb,10596
mba,5719
baɡ,3316
ənd͡ʑ,3741
nd͡ʑa,4116
nah,937
aha,4610
han,9949
təm,2447
əmp,4168
mpa,3384
pat,3372
ərp,764
rpi,124
ərd͡ʑ,2019
rd͡ʑa,1890
dəm,648
əmi,1940
mik,494
iki,883
kia,661
anl,1524
nla,1588
mbu,2597
mis,96
tas,269
asɲ,189
sɲa,312
kub,988
bah,3075
laŋ,1617
aŋi,1004
ŋit,292
kəd,757
ədu,696
dua,647
hən,696
ənd,4761
nda,3187
dak,1965
akl,194
kla,309
məŋ,8092
əŋa,10487
ŋal,334
ali,2945
lir,175
səh,1035
əhi,1043
hiŋ,881
iŋɡ,3299
ŋɡa,3620
kəl,1906
tan,2747
dar,938
ara,6062
rat,857
aut,185
dan,1151
laɡ,1772
əŋə,1482
ŋəl,149
lua,1112
uar,1082
ark,1073
mat͡ɕ,138
t͡ɕam,299
jai,478
ait,454
d͡ʑən,149
əni,1350
nis,51
əŋh,1587
ŋha,783
has,490
asi,1746
sil,327
ilk,116
lka,1065
bid͡ʑ,266
id͡ʑi,81
d͡ʑib,45
ibi,60
d͡ʑia,548
kət,2225
əti,2630
tiɡ,594
iɡa,681
dab,97
abə,661
ənə,1482
nər,645
nun,283
und͡ʑ,402
nd͡ʑu,617
d͡ʑuk,441
ukk,351
kka,753
lai,739
aiɲ,250
iɲa,2333
raj,324
aja,6274
aɡa,2076
ɡam,312
bəs,1016
əsa,2163
sar,1020
əŋu,1455
ŋua,307
uas,1029
asa,3009
sai,393
səl,3146
ain,587
dib,1237
ibu,575
atɲ,836
tɲa,1336
d͡ʑuɡ,1838
uɡa,2142
bin,958
int,2338
nta,4373
taŋ,3799
aŋb,271
ŋbi,121
nəm,294
atk,1166
tka,920
kəə,199
əəm,109
rkə,650
kər,1690
əri,7977
ria,786
iap,1320
apa,3605
pan,1532
baɲ,1066
ɲak,1483
max,127
axl,87
xlu,86
luk,361
bət,482
ətə,1283
rba,1070
baŋ,3983
aŋa,3208
ŋan,8951
bur,599
uru,4021
ruŋ,547
uŋb,40
ŋbu,42
nat,852
sər,1750
mbə,2376
ati,2179
mua,2852
uaɲ,509
dəŋ,6561
rin,1868
tah,2652
kəp,9368
əpa,10361
sup,1153
upa,1663
paj,1211
nuh,1162
uhi,191
amb,1538
lim,339
ima,1263
d͡ʑin,44
nak,1738
kət͡ɕ,389
ət͡ɕi,174
t͡ɕil,190
sək,1973
əka,12292
kar,3697
kit,942
səp,2836
əpə,2431
rti,2773
əɲə,2335
ɲər,699
əru,2863
rup,165
pai,362
mər,12036
ərə,10755
rək,9807
rku,490
kua,999
did͡ʑ,272
id͡ʑa,520
dik,1075
ika,5278
dir,1793
iri,2209
riɲ,625
ndi,1317
dit͡ɕ,297
it͡ɕi,55
rəm,461
mpu,1821
pua,341
uan,1262
ibə,898
tiɲ,315
ut͡ɕa,206
t͡ɕap,297
ran,1889
ana,3590
akt͡ɕ,3
kt͡ɕu,3
t͡ɕut͡ɕ,224
ut͡ɕu,185
t͡ɕul,52
ətu,1159
tur,1107
run,1543
una,1122
nan,1700
anm,981
nmu,995
iam,207
ami,936
lur,1186
ruh,1932
kam,1266
kut,1563
tuɡ,306
ɡas,316
ask,664
ska,1086
ŋur,118
rus,1907
unt,568
ubə,572
rik,1785
dam,1283
inɲ,270
ərd,1468
rda,531
dau,1194
aun,71
əba,4080
ɡai,1192
əma,3733
man,1398
and,1115
daŋ,2058
təl,3531
saŋ,804
ŋat,1201
əən,30
ələ,1196
ləs,206
ail,99
pəɲ,569
taa,520
tud͡ʑ,546
ud͡ʑu,1205
d͡ʑuh,446
ɲəl,443
aik,890
pək,285
əkə,706
d͡ʑaa,444
ris,509
ist,587
sti,432
tir,186
ira,979
rah,1981
xus,223
usu,909
sus,1871
arə,2140
rən,2205
sət,2147
riw,28
iwa,124
waj,19
jat,781
tik,1645
tuh,8095
uha,7880
nih,75
rtu,300
tun,313
nas,388
nur,549
unk,125
nka,750
hud͡ʑ,175
ud͡ʑa,424
d͡ʑan,1478
ŋər,386
d͡ʑak,743
bas,359
ahi,457
ŋam,664
mbi,1523
bil,1059
səd,1113
ədi,615
ukɲ,173
kɲa,1225
səo,1635
əor,1613
ŋhə,53
həm,133
bus,244
usk,307
lub,86
hid,244
idu,269
duŋ,548
uŋɲ,100
ŋɲa,810
lan,1674
and͡ʑ,1566
d͡ʑut,139
utɲ,427
ədə,238
dən,71
əbə,1538
dit,702
itə,464
num,70
umb,157
buh,332
uhk,298
təŋ,804
ŋah,544
aht,214
htə,207
pəŋ,1960
ŋət,162
ahu,1021
hua,76
tən,1251
d͡ʑah,1226
suŋ,951
uŋa,1155
ŋai,525
t͡ɕab,132
aba,1313
ərn,1062
rna,996
iso,8
son,141
lil,389
ili,1127
liŋ,673
iŋi,460
haw,16
awi,78
wil,237
dap,1642
mas,1836
waŋ,51
ŋiw,10
ŋia,14
ipə,762
əro,551
rol,52
rma,650
mat,2142
ɡih,47
iho,54
hon,183
air,144
irɲ,207
rɲa,873
kus,188
iɡr,4
ɡri,9
aɕu,180
ɕur,183
əfr,211
fra,227
har,1211
əŋk,3269
ŋka,5718
kau,3907
bol,674
ət͡ɕu,123
t͡ɕua,86
ual,240
ahɲ,1033
hɲa,1604
d͡ʑik,675
tid,358
ida,456
aku,7109
t͡ɕot͡ɕ,19
ot͡ɕo,28
t͡ɕok,26
ban,847
ant,1357
tuɲ,207
uɲa,1177
maɲ,706
siŋ,1015
iŋm,304
ŋma,274
tar,1378
raɲ,567
ɲəɲ,11
əɲa,1336
bək,338
kas,581
daɡ,244
ɡiŋ,161
ari,2389
baw,907
awa,3241
waɲ,150
tal,312
ini,573
aŋk,2470
ŋku,495
iŋk,340
kun,43
bab,2231
abɲ,155
bɲa,175
niŋ,672
alk,770
jah,1132
buɲ,483
ərs,3591
rsa,1102
sat,179
str,196
tri,232
lak,2062
aki,888
kil,263
d͡ʑaŋ,1649
ras,706
lar,284
pal,977
lit͡ɕ,16
t͡ɕik,92
taɲ,1076
pak,1146
kah,946
nar,605
arb,54
tia,1483
d͡ʑaw,1186
wab,1163
ɲən,210
uhɲ,390
kuk,1323
rbu,1166
buk,585
hui,162
amp,1020
akɲ,714
pik,121
kir,443
bai,410
ikɲ,255
mət,395
uam,98
miɲ,360
əɡə,1647
sud,599
uda,2049
dah,1004
kai,537
pət,720
ndə,1256
ŋar,1330
d͡ʑal,1082
rdu,155
rsə,1727
uɲi,384
saj,1948
kul,578
ani,739
ŋap,367
haɲ,971
sad͡ʑ,783
ad͡ʑa,5540
aŋɡ,1886
ŋɡu,1629
ɡuŋ,388
rut,569
utm,27
tmu,274
dəb,108
səu,48
əum,46
umu,365
mur,460
sal,2018
bəɲ,501
mus,1129
suh,235
əŋɡ,684
ŋɡi,989
ɡiɡ,53
iɡi,73
ɡit,702
kəs,787
sak,611
hir,226
irk,227
əsk,178
ski,144
kip,139
ipu,496
pun,507
daɲ,1116
ukl,73
ɡar,522
t͡ɕuk,180
uku,1233
kup,415
ɡim,127
imu,434
riŋ,594
iŋa,798
ŋən,400
puɲ,765
ɲai,523
ərl,1157
rlu,224
it͡ɕə,78
t͡ɕəɡ,22
ɡah,127
ŋus,217
usi,329
sir,1074
əɲu,694
ɲur,498
usa,2376
hak,585
alɲ,95
lɲa,228
dəp,444
rub,253
ubk,34
bkə,22
əbi,948
pəd,339
əda,1372
rap,626
rpu,156
put,382
uta,351
d͡ʑaɡ,304
dək,622
tub,136
ubu,394
rto,111
tol,224
olo,538
loŋ,497
oŋa,176
hab,363
ɡəm,597
bəb,572
ɡia,757
anə,282
nən,395
mpə,1002
sul,202
ulu,572
luŋ,175
səə,241
əək,238
əko,480
kor,505
dom,305
omb,277
ɲəm,557
ihɲ,151
əno,437
nol,376
ola,270
kal,2104
kaɲ,72
ram,955
səɲ,9
ɲum,28
nuŋ,827
uŋɡ,745
dos,384
osa,508
mar,913
rɡi,1408
lad,333
bun,1011
unu,1444
aru,761
rtə,568
iak,310
pəm,1801
las,642
san,1380
əol,46
aho,78
hol,86
lut,67
rim,848
ərt͡ɕ,563
rt͡ɕo,17
ŋəm,119
bar,1162
tiŋ,1793
huk,921
kum,854
uma,1784
rla,1024
d͡ʑau,391
auh,384
kəh,477
əha,432
had,1109
asu,479
suk,613
uhm,83
hmu,831
ɡil,861
raa,81
nox,14
rad,200
məh,45
əhu,997
huj,30
uja,19
jaə,33
aəl,2748
tus,551
saə,26
amə,63
məx,12
zil,27
jab,43
aŋs,2449
ŋsa,2366
mah,2569
jub,88
mai,239
ət͡ɕa,261
rul,56
kak,290
əsi,894
naa,324
aam,40
ɡan,690
nti,871
nos,8
ɲəb,275
but,508
nil,343
anu,171
nus,169
rum,1286
kən,379
hal,504
alə,1078
ləə,30
əəl,140
jar,236
rəd,80
əku,450
tua,792
ɲt͡ɕa,982
ŋhi,300
hil,302
əŋo,93
ŋol,24
jaf,29
afə,47
fət,33
ham,748
ukm,90
kma,130
ɡad,319
dis,936
isɡ,45
sɡa,46
t͡ɕan,409
ikt͡ɕ,7
kt͡ɕa,7
ŋaw,223
win,52
ank,1342
ləb,1016
bih,820
ihi,217
aŋo,1857
ŋor,1856
maɕ,102
aɕh,78
ɕhu,78
hur,385
ɲəs,55
bəɡ,878
əɡi,923
ət͡ɕə,49
t͡ɕəw,21
ubi,111
kut͡ɕ,65
ut͡ɕi,498
zam,8
kək,736
kəd͡ʑ,659
əd͡ʑa,1364
d͡ʑam,346
dup,205
upɲ,136
pɲa,209
mut,117
ŋax,16
axi,389
xir,305
usn,49
sna,58
əsə,482
pən,1675
atl,431
tla,488
kaj,585
aju,481
dal,361
amɲ,120
mɲa,264
kap,437
aŋɲ,544
arɲ,410
ɡiɲ,136
ril,210
d͡ʑar,1139
tim,261
imə,272
ind,1232
diŋ,132
iŋd,8
ŋdi,8
iŋɲ,109
pas,677
aŋl,472
ŋla,500
sis,164
isi,388
siɲ,87
dat,1708
nd͡ʑi,1071
d͡ʑir,55
wal,220
tin,512
əhə,278
akk,421
kku,153
arɡ,719
rɡa,1008
kəb,643
saa,301
ɲab,3
uai,216
pət͡ɕ,67
t͡ɕah,159
ahl,173
hla,198
apu,172
puŋ,280
kin,390
ɡən,104
ɡun,887
uɲt͡ɕ,198
t͡ɕak,210
akp,24
kpu,18
ɲal,222
d͡ʑuŋ,193
lup,104
ŋin,572
tiu,35
iup,65
tut,109
ərh,1808
rhə,160
pəɡ,390
əɡu,307
rar,135
əpu,568
pul,980
luh,548
dəl,188
ləp,221
ɡaɡ,92
ɡak,198
ink,408
rpa,192
maŋ,546
ŋɡə,219
ŋul,48
urk,415
həl,128
par,527
arl,393
lom,606
omp,234
mpo,166
pok,166
səd͡ʑ,427
əd͡ʑə,59
isɲ,28
məz,527
əzb,527
zba,525
ilɲ,92
bau,52
ŋut,242
nua,74
rau,79
hid͡ʑ,25
ɲaw,93
kuh,160
uhu,323
ŋsi,93
nku,970
pəl,669
ŋik,858
iku,1324
əŋi,1488
ŋiŋ,105
nək,193
moj,149
oja,346
ɡur,1096
urɲ,125
ilə,415
aia,243
rit,1070
sau,810
aud,1456
d͡ʑub,113
uki,307
uti,391
mab,16
abu,343
buŋ,424
uŋs,62
ŋsu,94
suɲ,59
rha,1519
rhi,96
hin,200
pud͡ʑ,318
ud͡ʑi,533
d͡ʑil,185
əmo,416
moɡ,260
oɡa,319
ɡaɲ,140
ləl,391
ɡom,27
omə,84
maɡ,22
aɡo,23
ɡoɡ,23
mad,29
dai,323
jaw,5
wan,588
səx,23
ndu,1476
dud,614
udu,692
duk,783
skə,34
rif,10
ifa,40
fat,110
toɡ,8
arm,82
lis,725
spa,27
paɲ,56
aɲo,13
ɲol,15
sip,25
ipr,14
pru,9
rod,104
odə,80
dəs,370
sab,595
nəɡ,1420
saɲ,313
lib,174
bia,531
abt,5
bta,2
raə,2606
aəm,5
btə,2
təx,2
əxa,98
ɕəb,81
dəd,32
nim,192
imr,41
mro,9
rad͡ʑ,4033
lip,151
rəx,28
kad,184
ɡat,71
abi,769
ilo,202
lon,134
oni,74
nia,146
nin,153
niw,29
iwə,29
rəh,108
əho,88
hob,17
obo,61
bot,37
oti,64
rəs,116
rlə,150
lət,238
lid,67
idi,176
mim,761
bim,139
naf,71
aft,72
ftu,2
him,73
atr,22
tru,121
sim,327
asl,35
slu,7
kaf,5
fto,3
tor,19
ori,122
fil,302
sid,62
ido,74
don,119
hət,59
jəb,44
amo,303
mor,202
ɡir,108
irɡ,7
həw,58
əwi,470
rki,38
sin,101
arw,14
rwa,28
wad,125
lat,457
nud͡ʑ,173
ɡaz,27
aza,311
sod,46
odo,94
omo,369
adm,21
dma,13
zəb,126
əbo,77
boi,7
oim,7
ibr,47
bra,347
arp,51
pax,9
axs,23
xsa,23
sad,143
lud,18
hul,111
ɡət,24
ləɡ,19
ɡib,162
iba,924
jok,22
okt,84
kta,12
alm,63
lmo,18
mod,6
oda,72
dad,127
ləf,5
haz,151
zar,311
maw,12
awə,20
wət,14
jər,1152
ado,162
dor,41
uza,60
zal,33
ikl,81
oba,273
maə,54
ofi,81
fir,13
job,7
daə,480
aər,479
səf,29
əfa,79
far,109
nət,148
ajo,48
bak,517
rt͡ɕə,51
t͡ɕər,321
rai,414
laa,29
rəɲ,215
ɡup,70
ŋat͡ɕ,25
auk,115
ɲt͡ɕə,276
aib,253
til,136
ruɡ,124
hor,329
abr,293
lot,92
mil,383
jis,27
isk,119
t͡ɕuɲ,19
aks,559
ksu,45
tib,100
ahm,755
nd͡ʑə,132
d͡ʑəl,127
lad͡ʑ,108
orə,109
six,72
ixə,69
xəm,72
həb,188
bat,920
lin,443
atm,284
duɡ,7
ɡaw,182
wai,190
biŋ,371
ləd,213
itp,60
tpə,319
naɲ,195
iar,409
lik,526
ump,726
fər,48
aŋm,190
ŋmu,265
pil,199
ihl,14
əki,310
ləm,1503
jor,279
ord,311
zoa,15
oar,9
kəa,488
əad,360
daa,127
kot,294
ota,459
rdo,553
rdi,358
hit,133
tuŋ,608
aim,532
dih,359
min,519
mam,415
amr,29
mrə,12
əbr,77
bro,81
ron,306
mra,25
raf,20
fəl,40
rio,20
iox,5
ədo,194
orl,4
lao,4
aom,38
idə,124
dəa,34
əal,16
ɡoj,40
oji,6
rpə,357
law,343
bir,295
irɕ,1
rɕa,2
ɕin,1
nab,270
məb,2
isə,681
ŋum,190
ulk,277
dim,64
ont,147
usə,157
rəf,30
fai,20
aɕt,17
ɕtə,1
rot,81
otk,5
arn,63
nai,334
zuz,1
uzi,74
zim,31
ɕaw,3
wək,1
irj,55
rja,178
tai,274
ŋəd͡ʑ,152
əlp,7
lpa,13
piŋ,251
ənm,6
nmi,1
isp,10
adə,278
klu,30
lək,110
azə,31
zəz,3
əzo,9
zon,8
jim,17
pəp,86
d͡ʑat,449
apo,54
por,63
ork,48
sko,9
kol,37
ntə,258
taw,103
jak,705
akn,12
kni,11
amɕ,39
mɕi,39
ɕik,42
rəb,218
ŋba,140
əɲo,60
ɲoŋ,5
oŋs,7
ŋso,7
soŋ,63
əlk,37
lki,111
kis,87
d͡ʑab,184
ill,72
rsu,263
sum,251
pah,429
əpo,33
pot,184
oto,223
toŋ,357
jal,86
əŋl,104
ŋli,161
uŋi,241
haj,172
məw,85
war,99
liə,32
iəz,34
əzə,132
zər,203
t͡ɕob,114
rt͡ɕa,425
t͡ɕaj,330
imp,1089
mpi,841
pin,809
tək,94
kur,449
sap,78
anb,46
nbə,4
dər,315
rət,358
ɡap,183
dur,123
bud,83
t͡ɕum,77
muɲ,60
ɲt͡ɕu,597
ŋlo,8
anp,339
npo,22
ŋad,253
dmo,3
mon,262
haɡ,213
muŋ,216
uŋk,437
ŋki,452
uŋl,35
som,96
mbo,560
boŋ,168
əhk,55
mau,86
aum,118
d͡ʑum,232
sur,394
ɲoɲ,10
oɲa,12
laj,748
jan,395
ism,71
sma,75
ŋis,229
smu,31
aat,297
sud͡ʑ,147
d͡ʑud,165
udl,13
dla,17
ɲun,8
baj,256
aji,69
sun,37
ŋɡo,163
ɡot,133
tku,413
ɡaŋ,336
ish,150
sha,132
ŋab,203
bul,211
rmo,56
moh,84
oho,214
ona,218
kud͡ʑ,144
kui,113
uik,9
liɲ,66
ŋaŋ,259
ɲam,476
ŋho,137
orm,243
slə,3
t͡ɕəp,179
təp,262
puk,63
əɲi,226
ɲia,173
apk,370
pka,393
kaŋ,236
ɡin,651
pur,368
ɡip,94
raɡ,111
aɡu,440
ɡuk,5
ɲaŋ,108
lui,288
upə,241
iks,97
ksa,482
kud,167
udə,101
səa,120
əan,77
uni,208
niɲ,37
bit͡ɕ,648
it͡ɕa,813
t͡ɕar,1363
sih,720
iat,87
rbi,613
kuu,54
uur,1
əso,210
sok,188
aŋu,572
ŋun,589
ipa,294
paŋ,346
ɲəd,58
ləz,15
əza,149
zat,44
sət͡ɕ,82
ŋəp,108
raw,58
wad͡ʑ,104
ad͡ʑi,379
had͡ʑ,23
ndo,74
oro,78
roŋ,54
dob,19
obr,22
diu,75
iut,4
usɲ,95
mui,89
ŋir,311
rɡu,97
ura,985
imb,208
wam,29
adu,136
duh,62
izi,133
zin,210
bit,41
lər,43
aɲt͡ɕ,536
t͡ɕur,635
əəs,61
oka,80
att͡ɕ,39
tt͡ɕə,39
umɲ,116
ɡua,89
tad,39
moa,202
oab,355
ləx,108
rsi,386
doa,291
akj,491
kja,494
apm,39
pmu,42
ɡuh,359
inə,166
ɲat,232
iaa,118
apl,93
pla,109
rib,316
uaŋ,962
diɲ,92
ɲus,81
sui,15
mun,105
pəs,464
iah,21
inm,17
nma,9
irl,20
jaa,256
xaw,40
aua,120
nto,63
ərɕ,88
rɕə,25
isl,35
sla,72
əhɲ,27
pix,3
ixo,75
xol,5
əd͡ʑu,158
uml,210
mla,241
ŋak,124
ŋut͡ɕ,99
ŋud͡ʑ,52
ahb,59
hbə,25
dii,94
iik,5
auɲ,24
ksə,7
rli,227
hli,66
əpi,188
hku,507
muə,161
uəl,203
azo,21
ild,7
lda,18
das,243
jid,2
idl,1
laf,27
tuə,11
ibk,62
bka,163
rəu,1
təb,132
maa,177
aax,35
axa,161
naz,82
zah,63
bid,38
ŋub,107
rəl,52
oŋl,57
fro,13
zoh,7
oha,241
d͡ʑua,227
axp,6
xpə,6
did,104
art,242
poh,58
onp,17
onɲ,6
asb,14
sba,39
was,215
oŋm,20
nap,79
amm,25
mma,21
sop,20
opo,26
mia,92
ihə,19
sor,178
wak,371
akt,319
ktu,260
buj,14
uju,59
juŋ,46
uŋm,27
inu,45
bap,452
huɲ,10
məɡ,103
asp,47
spu,7
hia,80
ias,179
ləŋ,186
d͡ʑər,159
ərɲ,122
lab,147
tau,30
asm,42
akm,90
kmu,161
pab,230
naw,32
mud͡ʑ,222
apɲ,74
miŋ,18
əhl,6
ŋiz,86
ŋas,197
lən,37
t͡ɕin,190
hib,50
url,55
nik,127
oks,4
məd,50
mid,71
iɕb,19
ɕba,6
ləu,1
əfə,28
əld,7
aup,121
upu,75
rii,7
iis,9
isu,107
utk,89
nəb,230
jot,49
adb,3
dbə,2
bəə,35
mib,8
ibs,5
bsa,108
miɕ,5
iɕm,1
ɕma,1
dum,333
jət,16
afi,28
fis,10
ədm,10
imɲ,26
hmə,69
itɲ,64
sif,12
jur,10
t͡ɕaŋ,118
rua,177
dul,87
nəp,59
rt͡ɕu,42
but͡ɕ,3
aul,626
tab,92
t͡ɕəm,225
diɡ,99
urs,10
ŋim,11
huz,3
sik,72
jud,61
əər,19
ukɡ,10
kɡə,12
rab,107
nip,102
ɡus,71
ikə,296
hər,206
atd,7
tdə,6
bam,84
nal,230
t͡ɕiu,41
ium,41
ŋət͡ɕ,23
t͡ɕup,23
rax,115
ɲar,36
ikm,98
ulɲ,37
bis,177
kab,139
d͡ʑəm,43
akə,154
əkm,3
kaw,65
rmi,89
uiɲ,47
ast,106
urɡ,180
dix,82
ixu,77
lus,24
təɡ,140
iŋl,23
hai,336
ikb,18
kba,15
ahə,71
iɡu,23
ihw,1
hwa,3
at͡ɕu,143
aui,20
uiŋ,110
ləa,421
mol,22
ərw,258
pam,135
und,175
ilp,8
ilh,24
lha,40
məo,61
əon,200
jəh,1004
hud,1054
ial,155
rd͡ʑu,97
fta,100
ɲad,50
aɕə,242
ɕər,81
upk,55
ɲt͡ɕo,45
sax,54
xar,111
ulo,47
oaɲ,13
jus,292
suf,295
kbi,14
d͡ʑud͡ʑ,137
d͡ʑur,434
uri,472
rəŋ,64
tih,56
ŋup,6
ŋbə,45
naɡ,110
iti,169
tip,20
iub,8
səw,39
səŋ,118
ŋad͡ʑ,244
ikk,129
bad,224
ɲaa,66
ɡəs,37
saɡ,12
aɡə,27
piɲ,72
ŋaɲ,41
əak,9
iir,23
ɲaɲ,302
aɲi,297
bod,39
doh,39
ksi,92
arŋ,3
rŋə,3
it͡ɕu,39
kos,87
oso,81
jəɡ,1
ars,26
dut,35
miz,49
izp,48
zpa,47
d͡ʑiɲ,56
iun,20
imk,19
mka,176
oŋk,213
abl,33
bla,46
bud͡ʑ,52
aaf,23
afk,8
fka,10
abo,51
bok,368
ɡum,62
isr,2601
sra,2601
pni,2
niə,128
iəl,292
iɲt͡ɕ,39
mad͡ʑ,141
ad͡ʑu,453
rom,163
anr,32
nro,6
ɡik,218
aps,54
psi,49
uim,2
ahs,20
hsu,61
uko,26
təd,6
rko,83
tiw,32
nod,7
rbo,27
boh,86
hoŋ,46
ɲət,16
d͡ʑui,24
ɕar,76
lia,515
atɕ,35
tɕa,8
əml,6
dəw,446
lat͡ɕ,97
pat͡ɕ,159
əlb,9
lbə,24
bor,47
non,162
ətl,55
tlə,55
əkɲ,16
oli,67
zib,33
bəo,62
lif,24
fas,24
huə,12
jəu,11
əus,34
səi,31
əir,6
oma,19
zəf,20
əfo,62
ɡaə,3
aət,3
imn,27
mna,27
ɕam,11
iza,35
ɕob,9
diɕ,12
iɕo,9
ɕon,9
iɕa,20
ɕan,8
alw,2
lwa,2
ɕəf,2
əmd,1
mda,2
əɕb,39
jit,28
itr,32
tra,185
zaa,5
aaw,5
utt,11
ttu,10
inh,2
nha,51
boz,14
ozr,8
zra,56
huɕ,2
uɕa,6
bəd,114
wit,2
aml,27
asr,8
srə,9
baa,170
aal,164
alh,16
axb,9
xbo,6
trə,12
ino,35
ibz,3
bza,7
aɡd,10
ɡdi,2
diə,24
npə,411
ɡab,66
pim,25
imi,67
aut͡ɕ,20
dot,5
maj,197
ahr,44
hrə,36
id͡ʑu,35
aŋp,69
ŋpə,25
iko,15
koj,18
t͡ɕəl,291
kko,5
rob,202
obə,202
rih,33
tif,25
rwi,244
wir,256
ɕəl,11
kəz,3
əzi,35
kəw,21
luɲ,8
stə,95
nit,62
pri,21
kiɲ,104
iad͡ʑ,38
ɲim,76
hiɲ,32
ufl,1
fla,4
oŋɲ,47
nuɡ,31
aŋt͡ɕ,13
ŋt͡ɕa,15
rso,156
soa,20
oal,53
d͡ʑun,16
kuə,29
uək,3
nəl,53
ilm,22
lmu,46
ŋhu,339
ull,23
unl,54
ut͡ɕə,25
aip,49
uŋu,134
unɲ,55
roh,128
ɡub,93
rnu,81
t͡ɕiɲ,26
ruk,44
mum,41
umk,105
zaf,3
afn,1
fna,1
atp,59
tpa,2
paa,27
nəa,19
əah,23
asn,8
ifə,16
lio,4
iop,5
pol,8
naɕ,160
ɡud,46
ahɕ,72
hɕa,72
ɕat,73
aŋt,132
ŋtə,18
ukt,59
kti,87
ruɲ,12
t͡ɕut,11
nud,32
ukə,70
ŋos,3
abk,98
kib,40
usm,63
smə,63
smi,23
mir,29
iru,121
hut,64
uts,9
tsə,47
uap,49
məd͡ʑ,88
pia,45
ŋoj,8
akŋ,2
kŋo,2
ɲiŋ,38
əib,4
bad͡ʑ,144
ɡoɕ,16
oɕə,16
ɕən,18
aaj,1
aap,5
apt͡ɕ,8
pt͡ɕa,7
rdə,203
uhl,102
aaŋ,10
həz,29
əzr,57
zro,18
jəm,3
jam,61
jax,37
xin,37
hlə,30
zif,16
ifj,3
fjo,1
jon,149
ɕun,2
zbo,6
bon,62
aro,67
odi,23
isw,6
swa,4
swi,4
kiə,9
bəx,5
əxə,10
xər,7
aɕb,4
ɕbə,4
ros,48
mup,5
hup,10
hus,26
ahz,6
hzə,4
zəə,12
jəz,8
ɕil,3
tum,85
umə,12
urm,85
ɡau,26
daj,118
ɕuk,104
ɲil,28
lku,12
urə,41
rɡo,32
ɡoɲ,23
oɲt͡ɕ,33
puh,20
d͡ʑim,98
ɡut,49
wah,60
riɡ,42
iut͡ɕ,28
aud͡ʑ,64
ɡor,18
ənh,49
haa,7
ilu,12
əlm,7
lmi,1
izr,52
ntr,60
amk,94
əaŋ,17
spə,36
pit,32
ito,33
tom,26
ams,4
msə,5
əŋs,58
npa,22
pro,69
roj,8
ojə,5
jək,11
əkp,7
kpr,3
ifr,2
ɲik,182
aŋd,5
ŋda,6
utr,134
atb,10
tbə,11
nəŋ,36
ŋok,20
tro,119
zip,9
ipo,60
hun,103
sut͡ɕ,349
uut,14
orɲ,9
əad͡ʑ,144
d͡ʑai,166
ral,78
nkə,161
tad͡ʑ,40
mot,137
hub,57
ŋom,28
tat͡ɕ,5
at͡ɕə,10
iaj,32
ibn,29
bni,11
məi,46
jiz,60
izh,13
zha,13
ziə,30
jox,4
oxə,7
xəb,4
nəf,11
fəɡ,4
zix,13
ixr,14
xri,14
əls,3
lsa,8
saf,184
afa,144
fan,40
sit,18
nad,75
aso,13
ihu,51
əaz,81
tiə,16
nəh,45
att,111
tto,5
t͡ɕuŋ,31
oŋt,1
ŋto,1
pəd͡ʑ,203
ais,65
ləɲ,111
ɲap,131
oak,10
hru,7
ɡəŋ,16
rmə,43
nəw,19
ius,38
t͡ɕat͡ɕ,82
t͡ɕat,205
dio,16
iol,14
irə,88
ulə,44
əik,1
utl,31
ɡad͡ʑ,30
bib,13
umh,45
mhu,46
urb,78
iiŋ,41
ŋtu,63
pih,19
hah,4
iro,7
miɡ,10
iɡd,9
ɡdo,6
dol,11
alz,6
lzə,12
fon,6
kəɡ,113
kəɲ,63
fad͡ʑ,22
t͡ɕət,9
apə,218
tma,55
uaɡ,20
akd͡ʑ,18
kd͡ʑu,14
əaɡ,69
kob,53
aur,13
aus,75
itm,17
uhs,60
ahp,174
hpə,167
puj,7
juh,7
okɲ,71
usl,13
lkə,5
ann,6
nna,1
hpi,4
fid,17
hau,18
jos,429
osu,255
əkl,3
nop,12
opa,30
jap,86
ɲut͡ɕ,67
ihk,129
ahɡ,4
hɡu,4
əŋx,77
ŋxu,18
ərz,56
rzi,72
uhd͡ʑ,8
hd͡ʑa,8
uŋp,74
ŋpa,117
utə,89
rni,36
ind͡ʑ,198
d͡ʑuɲ,12
uɡi,58
t͡ɕəd,11
ɡuɡ,40
uɡu,137
bəŋ,28
sbə,8
waa,18
ŋko,30
əwə,28
wən,24
aŋw,8
ŋwə,8
haŋ,46
umm,61
mmu,65
d͡ʑiŋ,59
wəŋ,15
pon,29
ond,45
dok,94
nir,24
ŋti,54
pku,34
uus,18
liɡ,5
ans,15
nsə,14
nul,52
bat͡ɕ,80
ɲir,19
mku,41
fod,47
iɡo,14
pir,37
iŋp,45
ŋpi,12
irt͡ɕ,4
kuɲ,63
lop,7
jaɲ,20
loɡ,136
oɡr,105
ɡra,109
t͡ɕon,14
toh,14
ato,31
tok,7
tsu,5
juk,13
kop,15
puɡ,4
oŋɡ,6
rho,25
itk,72
ŋuk,71
t͡ɕub,2
umi,48
ŋsə,35
hbi,25
oŋp,9
ŋpo,9
rt͡ɕi,46
t͡ɕia,56
kux,3
uxu,4
əns,40
nsu,38
t͡ɕai,5
təd͡ʑ,2
aux,1
bəz,42
uɡə,24
arj,119
iab,25
his,5
ktə,112
ŋkə,23
mih,34
atə,40
hap,64
pus,84
auu,11
ŋiɲ,41
əŋr,13
ŋra,26
nba,43
upl,28
daf,23
ŋlə,13
ŋmo,8
lok,74
bik,27
ɲan,36
zai,27
əsm,20
nad͡ʑ,245
d͡ʑis,222
diw,9
riu,60
iuk,37
ɡos,26
uad,37
kso,41
pup,7
pum,1
ahd͡ʑ,2
hd͡ʑə,1
rip,64
blə,6
kok,32
ŋau,22
bət͡ɕ,21
akb,27
kbə,12
rok,7
ɡuɲ,28
d͡ʑəŋ,36
sob,26
əut,4
otɲ,9
ttə,107
ibo,46
kik,40
plə,5
ipl,2
aid,14
idɲ,7
dɲa,16
zaz,9
zəl,31
əaj,9
auɡ,4
ono,23
noh,7
lox,9
d͡ʑid͡ʑ,42
irp,6
hbu,14
dus,65
ust,66
otm,4
aɕa,38
əd͡ʑi,37
biɲ,9
uak,10
t͡ɕəb,1
urn,29
rd͡ʑə,38
d͡ʑəp,9
unm,6
iŋr,10
at͡ɕi,78
t͡ɕit,57
omi,47
mit,22
bri,13
ɲok,7
oko,34
koŋ,23
əam,276
t͡ɕim,14
ohk,51
uro,6
pui,80
ŋpu,33
rui,4
ulb,8
nuk,18
kon,16
ihm,65
hmi,5
liz,4
izu,4
zur,26
ɕəd,5
dəu,15
əur,4
ons,7
miə,18
riɕ,5
ɕad,8
rnə,14
nəə,18
zua,4
onə,17
ɕəɡ,4
daz,4
azu,12
ɡid,106
dəo,88
hiə,27
ɡiə,4
oxr,6
xra,4
əlj,55
lja,115
jas,34
tat,139
okk,17
kkə,13
nau,78
auŋ,51
d͡ʑip,30
laə,1
rhu,45
riə,23
alo,465
okb,3
ɲod,4
stu,48
okp,5
kpa,4
umd͡ʑ,1
md͡ʑu,1
ɲis,16
ɡaa,58
put͡ɕ,17
ajə,2
amɡ,5
mɡa,4
uhə,10
həf,15
uhd,1
hda,18
saɕ,1
ɲin,13
kpə,40
ətt,7
ttr,4
rur,4
itl,38
prə,16
rəi,11
ɡəp,1
doŋ,17
ŋək,5
ŋəɲ,9
ohɲ,7
aɕi,2
inp,102
ənɕ,1
nɕa,1
zak,24
nsa,12
jəf,41
əfu,20
fun,16
unə,26
rji,1
jiɡ,4
imh,8
mho,2
hos,26
osə,69
alt,17
lti,16
afu,4
mix,126
ixa,113
xaə,12
wof,1
ofs,1
fsi,2
adɡ,1
dɡu,1
ɡuə,1
lma,21
oan,10
ako,106
isn,1
kəi,42
əiŋ,37
kuŋ,47
utp,255
hkə,35
abm,5
bmu,8
rər,36
rno,27
ufa,13
həɕ,35
ɕbo,52
ɕai,2
mos,30
ŋuŋ,75
ɕim,1
nof,8
ofa,36
fah,10
aəz,15
ədr,8
drə,20
rix,71
əto,28
uil,37
aŋh,11
uzo,1
zot,1
ɡol,68
zof,9
fim,11
pəo,14
d͡ʑaɲ,44
d͡ʑaj,28
iaɡ,19
mri,45
koz,4
ozb,3
zbi,3
ozn,5
zni,2
sub,19
sri,9
fəh,12
noa,37
hoɡ,7
oɡl,13
ɡla,34
irz,19
rza,19
sut,24
fuf,2
fam,7
huf,1
pra,229
tpr,53
əsb,14
plu,9
roə,18
oər,17
ots,1
tso,1
sof,4
joɡ,3
oɡb,2
ɡbə,2
bəh,3
ətn,4
tni,20
əth,30
tha,12
lmə,13
nob,16
suə,2
uəz,2
dof,5
ofk,1
ott,4
tta,6
imo,93
bna,28
ɕaf,1
axə,7
xəl,2
smo,9
nəj,4
əja,42
aak,5
orɡ,2
idɡ,1
dɡa,1
otb,19
tba,26
zio,10
ioŋ,6
oŋə,6
ŋəb,9
ɡəb,21
uno,1
ibl,45
ətj,5
tjə,22
jəs,1566
akr,11
kra,51
azm,84
zmo,2
zəd,77
slo,3
nbu,3
ɡli,4
ɕəh,1
mkə,1
ift,4
zan,25
hih,2
tof,44
ofə,45
diz,1
ɕta,15
ano,119
ukp,29
id͡ʑə,54
t͡ɕoŋ,22
amz,4
mzu,1
zum,1
krə,45
ɡob,8
rjo,3
alx,7
lxa,4
d͡ʑad͡ʑ,16
iad,14
ətp,7
abd,115
bdi,92
hta,6
itb,7
tbu,3
rɕu,62
ad͡ʑə,24
kiŋ,5
d͡ʑul,35
inl,10
udɡ,1
dɡo,8
ɡod,25
d͡ʑiw,51
d͡ʑəd͡ʑ,12
riz,13
ilɡ,46
lɡa,50
kid͡ʑ,20
d͡ʑiz,19
sas,31
asd,31
sdə,6
taɡ,2
rəz,27
zək,17
kim,145
t͡ɕaɲ,5
pid͡ʑ,12
təw,82
tud,8
əmf,22
mfi,22
fit,20
itn,20
tna,42
iŋu,40
osk,12
nid,4
ŋlu,7
ɲəɡ,9
ixl,13
xla,14
saw,28
upm,4
ard,17
rat͡ɕ,26
t͡ɕun,17
sib,52
ibɲ,20
t͡ɕaa,6
təs,11
kəŋ,8
hpa,14
rud,10
bos,52
otə,8
əll,2
nib,11
niu,38
ətɲ,7
iax,3
xan,12
zab,41
ɲob,19
kɲo,4
muf,4
fak,14
bui,3
t͡ɕom,4
əkr,63
kro,30
kəf,7
əfi,29
atj,19
jəa,20
əar,26
niz,2
izə,26
hoh,6
rəa,29
fia,6
lax,23
xis,43
əɡl,23
ɡlo,17
tho,18
ɡəz,14
ahd,18
zor,32
fot,3
asə,53
alɡ,4
sdo,21
dod,28
tos,9
ɡəd,87
fək,10
onm,2
nmə,4
nax,10
okn,3
knə,6
xor,3
məa,19
ətb,5
məf,23
faa,6
ibm,9
bma,6
tmi,4
ton,23
lod,8
afo,9
tui,4
ənr,5
roɡ,11
oɡə,6
nom,25
əft,29
toa,3
oah,63
əts,36
ikr,4
abn,73
bnə,72
ats,16
otn,15
abz,4
bzə,4
jaɡ,1
bəa,224
orh,1
iot,17
oth,1
thə,4
həs,11
iji,1
zəm,13
əlt,15
lto,2
xəs,2
zik,15
bao,4
aot,4
lhi,3
əɕt,8
tao,8
aol,8
sox,9
oxo,8
aar,13
zən,1
ɡda,11
təə,3
ozk,2
zka,2
xab,15
hma,3
xit,1
tli,2
ətd,5
tda,4
ɡon,12
jif,4
nəz,104
axz,4
xzi,4
tsa,20
hum,16
umt,1
mta,1
ior,1
mao,8
aon,8
jut,7
zrə,42
rəə,49
okd,1
kdə,12
lhu,1
ətz,4
tzu,4
not,8
ltə,3
xax,1
ŋəd,6
afl,9
flə,5
onh,4
nhi,5
nhu,9
ixm,14
xmə,2
tsi,3
biə,12
jib,14
ahh,3
hhi,2
mək,15
əkk,6
zis,3
wim,2
ofr,12
arh,12
ofn,6
fni,6
moz,4
oza,31
jir,2
pəə,1
rid,17
ath,3
ətk,5
kaz,2
azi,140
haf,1
sio,117
ion,118
kiɕ,2
paz,1
zəs,5
azn,2
zno,2
zid,1
irs,7
məj,4
jop,3
opə,4
tot,22
bdo,9
tdo,1
d͡ʑus,13
aiŋ,5
ɲah,16
aas,50
upo,1
lol,7
lba,2
alb,9
lbi,2
box,4
oxi,2
xim,3
unh,1
ɕto,9
lhə,2
kuɕ,5
nri,3
klə,11
ŋuɲ,4
pid,2
oam,12
aŋə,8
amd,2
aɲu,16
ɲut,16
rud͡ʑ,2
urj,9
oŋb,4
ŋbo,4
joa,289
oas,133
ɲad͡ʑ,3
rəɡ,23
ətm,10
mət͡ɕ,18
tbi,2
əəb,6
d͡ʑas,39
pnu,7
nuə,11
iaɲ,14
ŋxi,58
xia,75
hɲu,3
moŋ,18
orb,2
tob,65
its,4
əis,11
ɕib,1
əbz,4
ims,95
mso,89
usb,12
onl,1
ɲor,8
bot͡ɕ,5
t͡ɕor,10
jol,4
zir,5
d͡ʑək,56
top,11
rit͡ɕ,7
ətr,112
bəd͡ʑ,46
iŋs,19
t͡ɕiŋ,26
lta,2
əom,4
npr,1
nao,34
hlo,3
ilj,4
ljo,12
orp,4
d͡ʑod,2
boa,52
t͡ɕət͡ɕ,1
ulm,7
ohu,1
zuf,3
hof,13
duɲ,1
uəd͡ʑ,1
uho,3
haə,9
tax,64
axt,65
xta,65
udk,6
dka,5
nd͡ʑo,25
d͡ʑol,18
olb,6
ŋuh,3
joə,33
oəl,22
kəu,53
əun,45
soɡ,8
oɡo,17
ɡok,10
ənɲ,4
pad͡ʑ,58
wib,5
əxo,14
ror,7
pap,10
əlz,9
lza,3
iɡə,14
əsh,13
tpu,1
xma,12
ɕua,3
ɡro,2
hij,1
ija,6
ozə,6
hək,2
əkt,2
iul,2
zob,13
xal,27
fəs,3
əsd,2
sda,3
tit,13
ipk,3
ɡoh,1
uhp,9
hpu,5
ud͡ʑo,1
adr,20
dri,5
d͡ʑəb,34
iau,9
uto,14
naj,51
əxu,1
udɲ,9
doə,7
oəɡ,7
kɡa,3
liu,6
iur,1
abj,50
bja,67
hax,8
xil,4
los,12
biɡ,27
ruj,17
aox,1
məə,13
ilb,8
lbo,12
ifm,2
fmo,1
oki,13
bum,31
at͡ɕo,2
ahw,4
hwi,2
aph,7
pha,7
amn,30
mno,31
əab,2
abs,103
fat͡ɕ,14
fib,19
sli,5
waf,1
irm,3
row,2
owo,2
woŋ,2
ibh,6
bha,6
jad,65
alp,12
lpə,13
bəi,3
ləj,1
əjə,1
hio,2
ɲiɲ,12
axo,5
xon,3
suz,12
tlo,10
kuɡ,15
uut͡ɕ,8
ŋaɡ,38
dəz,25
əŋt,2
ŋta,4
tou,4
zad,61
joj,133
ɲəw,11
bax,6
tɕə,26
jəd,35
hko,7
okm,13
koa,13
ɲuk,8
kbu,7
ɡui,6
kid,14
idr,12
dro,12
iiz,2
atn,9
obi,24
arz,16
ojo,3
ixi,7
dif,2
ifi,6
mha,6
kri,22
səj,27
isb,6
sbi,1
ibx,4
bxa,4
xai,73
əlh,6
shb,1
hba,4
axm,3
xmo,3
iwi,9
ohi,8
ald͡ʑ,48
ld͡ʑu,31
zma,10
jaɕ,2
paə,1
atɡ,3
tɡa,6
ŋil,30
jiɲ,3
jik,2
kaɡ,20
bda,13
nhə,26
ubo,2
taf,6
kmə,3
ifs,2
fsa,2
lko,8
ziw,2
it͡ɕo,10
kom,32
omɲ,1
ond͡ʑ,7
rid͡ʑ,22
ops,5
psə,5
ət͡ɕo,4
onk,6
udm,2
dmu,2
urh,16
t͡ɕən,7
nəs,174
nub,7
osi,87
baə,33
aəs,38
ijo,4
mpl,21
plo,23
omr,18
tis,62
arf,4
rfa,7
juɲ,4
bəp,8
əsɡ,1
sɡo,1
d͡ʑap,17
zaə,23
msi,3
bub,8
iml,3
t͡ɕir,4
zia,145
zub,4
irh,8
ɡəh,21
t͡ɕit͡ɕ,4
als,4
ahj,28
hja,19
t͡ɕək,14
alj,69
muɕ,1
nrə,22
idk,2
ibj,5
əua,11
joz,22
əat,3
maz,121
oad,4
jun,57
zax,72
jəx,4
olj,2
hsə,5
rjə,1
iɡl,7
tpi,7
t͡ɕop,2
hiz,131
izk,131
zki,137
əas,13
ɡoz,5
anh,35
əbn,9
ɲom,16
sro,2
rox,2
dax,5
xba,2
əfz,1
fzi,1
lut͡ɕ,2
hik,33
uld,4
ikw,3
kwa,5
urp,4
nru,4
lul,8
nəx,8
adn,107
dnə,122
əln,8
lna,8
buz,18
faɲ,11
joh,188
jaz,3
zaɲ,6
ils,14
lsi,10
hom,4
aɕr,1
ɕrə,1
tɕu,1
əfl,1
amj,4
mja,17
ohd,1
xbə,1
ətɡ,4
hot,6
tjo,1
hti,1
iai,2
noɡ,7
lxi,3
nəd,6
ohə,5
əxj,12
xja,16
abh,1
bhə,1
faj,5
oən,10
azr,9
zri,11
hod,15
daw,7
awj,6
wja,6
idb,1
dba,2
lpo,1
sto,8
təh,1
rəj,1
ənz,1
nzo,1
taɕ,1
tox,1
xən,1
mlə,1
siə,3
soh,2
ziz,4
fəi,2
məu,10
jəi,12
əiə,12
zas,2
aɡr,6
aən,1
zij,2
roa,1
hdo,1
hdi,1
əbj,12
lux,6
mzi,2
iaə,5
zət,4
hzi,1
fəa,2
xət,2
iɕh,1
ɕho,1
lix,2
aɕw,18
ɕwa,1
ohɡ,1
hɡa,1
izj,1
zja,6
hra,2
hoa,1
oxj,1
hjo,4
izl,1
zli,3
ifd,1
fdə,1
dəj,4
rəɕ,5
əɕa,3
klo,4
xru,2
əuə,1
paɕ,13
əmj,13
otp,1
tit͡ɕ,9
haɕ,18
ɕəm,5
ɡiz,1
izo,1
fal,9
siz,1
tiz,1
luz,1
ruf,2
ufi,2
oəz,1
dna,6
aaz,8
ikn,1
azj,5
bli,31
buə,3
mij,4
xaɲ,9
piz,1
əzk,6
əhd,2
hdə,2
ɕoh,1
amt,2
mti,2
osb,2
pəu,1
əul,1
faə,6
axj,3
ɕal,1
paf,2
lju,2
amh,2
wih,1
unz,1
nza,1
loɲ,7
oɲi,1
lij,1
ijə,2
ɲoə,1
ɲid,1
ɕif,1
fmi,1
adl,3
ɲas,1
mpr,2
okl,5
uks,1
iək,1
əks,6
ksp,1
spo,14
psa,5
onb,1
hju,4
əŋb,36
xaj,8
ruə,1
luə,1
wap,3
omz,1
mzo,2
utn,10
uiz,7
t͡ɕaw,4
baz,7
dəx,68
iɡw,6
ɡwa,6
tmo,6
azɡ,5
zɡa,5
aɡb,1
ɡbi,1
dmi,9
zih,3
kod,9
fus,3
kuf,2
azl,2
zlu,1
sot,2
pox,2
ɡoŋ,2
ɲoɡ,2
ɕwə,17
wər,17
hsa,14
msa,3
rof,50
fin,56
ins,51
nsi,49
ɕət,6
zna,8
sdi,4
oku,2
fja,2
oad͡ʑ,3
nui,9
zəj,1
aad,2
axn,1
xna,1
ɡəɕ,4
əɕə,7
səz,3
sod͡ʑ,1
od͡ʑa,11
jəɕ,1
maf,1
loh,2
tkə,3
olh,2
lho,2
hoz,2
azb,3
zbu,2
rux,26
mif,1
ifk,1
lun,7
ɲua,4
tmə,2
tɲə,2
taz,1
apt,56
pti,55
ərf,5
aəd,5
uad͡ʑ,13
ohm,2
iin,19
aɡp,1
ɡpi,1
taj,3
zaj,1
oəd,1
hza,1
ukj,3
ɡis,1
toi,1
aad͡ʑ,1
mok,2
ɲaj,19
ufs,1
fsə,1
mɡi,1
ilt,1
uab,2
aij,1
ljə,1
tɡi,1
aai,1
btu,1
biz,1
izt,1
zta,1
iɡt,3
ɡta,4
aɡt,1
həɡ,4
asɡ,5
iss,1
ssə,2
siw,1
alf,5
lfo,1
aiz,1
əsr,1
wia,8
əd͡ʑo,2
d͡ʑor,2
poi,1
ŋəŋ,5
ŋob,6
kli,3
ɲəd͡ʑ,1
kot͡ɕ,2
ot͡ɕi,3
uaw,4
uud͡ʑ,7
anf,2
nfa,2
irb,4
ut͡ɕo,3
aih,2
wəw,3
uŋh,14
akɡ,4
uub,12
kna,1
ɲib,3
urd͡ʑ,6
t͡ɕəŋ,14
sku,11
iəd͡ʑ,9
iŋt͡ɕ,2
iəɲ,1
akw,2
əhm,3
rlo,5
ɲit,3
uax,3
iud͡ʑ,10
pəz,1
dad͡ʑ,16
uns,1
buɡ,4
xid,3
idm,3
uso,2
uŋr,3
auo,1
uom,1
bku,9
xəə,1
moo,13
ooh,13
uat͡ɕ,7
iim,1
mid͡ʑ,5
əŋɲ,10
moɲ,4
uaj,3
nnə,3
uih,2
ihb,8
pux,1
zmu,76
ɲəŋ,1
oŋi,4
t͡ɕib,1
ərŋ,1
rŋa,1
ɲuɡ,1
ərx,21
rxi,7
uŋt,1
ukr,1
ɡəɡ,14
atd͡ʑ,4
td͡ʑi,4
duj,10
kəx,3
əbl,3
blo,3
paw,2
sɡə,4
mmə,2
uun,2
təa,7
uis,3
iaw,1
tio,2
opi,3
ŋaj,2
koh,2
npu,2
nut͡ɕ,5
iiɲ,1
əim,1
npi,1
əin,8
kit͡ɕ,2
rd͡ʑi,4
ŋkr,8
kd͡ʑi,4
həŋ,3
əŋm,6
iŋt,4
afs,8
fsu,7
jua,4
nra,2
əwu,1
wud͡ʑ,2
rəw,1
rəd͡ʑ,3
olk,1
t͡ɕus,1
poŋ,2
ɲəh,3
kəo,1
ohl,2
rfo,2
foj,4
ŋot͡ɕ,4
ot͡ɕə,1
t͡ɕəh,2
iwu,1
əpr,2
əlɲ,4
lob,3
iuŋ,3
ɲək,1
ŋəs,1
d͡ʑit,2
pip,4
aht͡ɕ,5
ht͡ɕə,5
t͡ɕad,4
ɕəa,1
ɕub,1
loa,2
apd,1
pdə,1
ulŋ,1
lŋə,1
map,2
aln,2
lno,1
pt͡ɕi,1
ptə,1
ŋid,1
aiɕ,1
dmə,9
dun,15
uin,5
itd͡ʑ,3
td͡ʑə,9
kpi,2
raz,6
hha,1
rxa,1
t͡ɕal,2
dat͡ɕ,2
mip,1
pkə,1
əuŋ,2
udo,2
uəɲ,1
dku,3
rəp,2
uuk,2
ŋip,1
ɲub,2
aaa,1
laz,7
nmo,1
sol,2
pau,2
ɡut͡ɕ,2
iəm,2
lsə,1
ɡoa,3
ziɲ,1
muo,1
uor,1
əms,1
ikt,7
uɕi,3
bdə,1
dəə,1
jux,2
uxa,2
buɕ,1
ɕaz,10
nor,2
əhn,1
hno,1
ŋpr,1
akd,11
tdi,1
ikp,2
imm,1
unb,3
ŋot,3
nli,1
koi,1
aŋd͡ʑ,1
ŋd͡ʑu,1
ŋxa,1
uɡo,6
d͡ʑih,13
ɡəd͡ʑ,1
ald,1
ldə,1
ihp,7
ums,1
msu,1
uŋd,1
odu,2
asw,2
lət͡ɕ,2
siu,1
iat͡ɕ,1
ud͡ʑə,3
kuo,1
uob,1
aab,1
əmɲ,1
aŋr,1
ŋru,1
tti,1
xas,2
ndr,13
um/,1
waw,2
awu,1
wut,1
ut/,1
lts,10
saz,10
ədn,26
əɡo,22
əlɕ,9
lɕa,9
ubr,1
bru,1
onu,6
if,8
ifl,3
fld͡ʑ,6
ld͡ʑa,14
d͡ʑa,19
aə,36
èo,1
̀of,1
ofd͡ʑ,6
fd͡ʑə,12
d͡ʑod͡ʑ,14
oə,6
ən,8
kæə,7
æər,7
fəo,3
lid͡ʑ,5
pom,3
boɡ,20
bod͡ʑ,4
d͡ʑaz,1
d͡ʑəz,9
əld͡ʑ,6
ld͡ʑi,6
fəd,4
dni,4
nit͡ɕ,9
odɡ,7
ɡod͡ʑ,1
od͡ʑi,30
d͡ʑi,1
iə,26
sfo,25
fod͡ʑ,31
od͡ʑu,11
mod͡ʑ,5
od͡ʑs,2
d͡ʑsi,2
sid͡ʑ,4
d͡ʑəf,14
frl,1
ma,1
frt,11
dəd͡ʑ,5
əd͡ʑt͡ɕ,2
d͡ʑt͡ɕi,2
pld͡ʑ,3
d͡ʑəɡ,10
po,5
ot,5
to,5
nid͡ʑ,4
sfi,9
fih,3
ra,3
dfa,5
art͡ɕ,11
akf,4
kfi,1
rəe,20
əè,30
èə,33
osp,12
pod,17
zað,3
aðə,3
ard͡ʑ,4
d͡ʑə,12
əi,5
in,4
kod͡ʑ,26
upr,2
d͡ʑae,2
aè,6
èi,12
̀im,2
pos,9
osd͡ʑ,1
sd͡ʑə,5
d͡ʑəæ,2
əæi,9
æif,1
mof,4
ofu,10
kfu,1
odn,8
ət,3
foɡ,4
sfa,11
ɡdd͡ʑ,2
dd͡ʑə,25
po,3
əl,2
ld͡ʑə,16
əə,5
izɡ,2
zɡu,1
bi,2
odf,1
dfr,1
ti,4
od͡ʑə,10
fi,5
ɡof,15
d͡ʑit͡ɕ,3
d͡ʑom,5
skr,4
d͡ʑəd,34
dru,5
idd͡ʑ,5
ifo,3
tod͡ʑ,2
dno,8
do,6
oə,22
af,1
fi,1
ad͡ʑd,1
d͡ʑdə,1
nað,3
aðo,3
ðo,9
md͡ʑə,6
d͡ʑəs,13
spi,1
d͡ʑuæ,3
uæi,3
pof,18
ofo,15
izn,2
na,1
for,13
ri,3
təæ,2
frə,3
zɡo,1
uðə,4
dfi,3
fid͡ʑ,7
od͡ʑk,7
d͡ʑkə,6
htd͡ʑ,3
fru,1
ruæ,1
uæə,2
ndd͡ʑ,5
koɡ,2
fən,5
d͡ʑka,1
uld͡ʑ,1
kld͡ʑ,6
d͡ʑue,6
uè,9
èa,14
̀ad͡ʑ,3
ad͡ʑt,5
d͡ʑtə,6
rtn,5
̀in,3
zap,6
̀a,5
zið,2
iðo,3
okr,7
ad͡ʑn,5
d͡ʑna,2
tre,2
rè,3
ko,7
̀an,1
nəæ,4
əæə,9
æə,3
æəm,3
sfd͡ʑ,5
doe,5
oè,6
̀it,1
asf,1
sfu,1
fud,1
̀ək,2
əæu,1
rut͡ɕ,2
du,4
un,4
na,3
fa,7
im,1
fik,11
nu,2
uə,4
otf,4
tfo,10
èu,2
̀u,2
kof,2
otr,1
d͡ʑnd͡ʑ,1
doɡ,2
spr,1
di,4
ost,7
luɡ,2
kfo,1
doð,9
oðo,3
bo,6
on,1
nə,2
amd͡ʑ,1
smr,1
mrt,1
oa,4
al,3
osl,3
la,1
oðə,4
d͡ʑət͡ɕ,5
roð,2
oða,2
ðat͡ɕ,2
d͡ʑup,1
opr,2
ɡlə,9
usr,1
srt͡ɕ,2
poɡ,7
rið,2
iðə,2
lə,1
əə,2
dəæ,1
zad͡ʑ,3
osm,3
uhf,4
hfa,6
pob,2
obd͡ʑ,1
bd͡ʑə,2
d͡ʑə,1
d͡ʑəe,6
èn,2
̀ni,1
poz,1
d͡ʑnə,1
sfə,21
də,1
̀il,1
umr,4
d͡ʑət,5
fap,1
krf,4
rfi,1
osr,1
lof,8
udn,2
̀i,2
oði,2
məð,4
əðu,4
rət͡ɕ,4
nst,1
stf,2
doz,2
ozf,2
zfa,4
ofe,1
fè,1
koæ,1
səæ,2
suð,1
uðu,1
ðud͡ʑ,1
bað,1
aða,1
ðad͡ʑ,1
ift͡ɕ,1
ft͡ɕə,2
drf,2
rfə,2
il,1
ld͡ʑ,1
ld͡ʑo,2
ɡao,4
anð,5
nðə,5
ðəo,5
od͡ʑ,2
d͡ʑi,2
fəæ,7
əm,1
kao,1
mae,2
̀əm,2
uzd,1
zda,1
dfo,1
̀ən,1
ni,2
od͡ʑo,3
li,4
li,1
in,1
nd͡ʑ,1
oɡu,6
pa,1
ən,1
tid͡ʑ,3
ru,1
uə,1
zid͡ʑ,1
nat͡ɕ,2
ti,2
naə,6
ad͡ʑb,1
d͡ʑbo,1
old͡ʑ,4
̀ət,1
trd,1
əs,2
fao,1
fom,3
za,2
at,2
tu,1
mld͡ʑ,5
pod͡ʑ,2
pop,2
əæ,1
izf,2
d͡ʑo,4
d͡ʑəo,2
æən,6
əkn,2
æət,3
ka,2
aə,2
ət,2
ɡrd,1
mdə,1
rod͡ʑ,1
əa,1
an,1
pəe,4
̀at,3
prs,2
rst,2
ðə,2
d͡ʑni,1
tið,1
bie,1
iè,1
izd͡ʑ,1
zd͡ʑə,1
pi,1
fri,3
d͡ʑəð,2
əðə,2
ðən,2
kfə,1
̀id͡ʑ,1
mu,1
uk,1
ka,1
hoæ,2
oæə,2
rəæ,1
if,1
ld͡ʑd,1
d͡ʑda,1
zmi,1
uzə,1
uɡl,1
dr,2
zbd͡ʑ,1
əsn,1
snd͡ʑ,1
obu,28
id,1
nae,1
əs,1
ild͡ʑ,2
t͡ɕi,2
fof,2
oft͡ɕ,1
təo,2
əot͡ɕ,1
dnd͡ʑ,3
d͡ʑəh,1
frh,2
nuo,1
opl,2
lae,1
fad,1
od,1
də,1
ruz,5
af,2
ba,1
std͡ʑ,2
azd,1
zdi,1
̀ak,1
blu,1
əd͡ʑs,1
d͡ʑsk,1
əl,1
osf,5
dət,1
sos,1
ɡrt͡ɕ,1
otd͡ʑ,1
ahf,8
hfə,6
zɡl,1
di,2
ii,1
it,1
apr,1
ud͡ʑt,1
rao,1
̀əf,1
ðit,2
sið,1
iði,1
no,2
tf,2
odl,2
dlu,2
hfi,2
mre,1
zfi,1
əzd,1
zdə,1
mnd͡ʑ,1
ɡrm,1
iə,1
toe,1
it,2
tə,2
olu,1
lud͡ʑ,1
tuð,1
uði,1
ðin,1
brə,1
mli,1
̀na,1
kuæ,1
opu,1
bə,1
əi,1
lnə,1
rxo,13
xot,13
usp,1
xod,2
əaf,1
afr,1
kəj,1
jul,1
uul,1
tki,1
t͡ɕuh,2
uɡɡ,1
ɡɡu,1
aok,2
okɡ,1
əmm,1
hjs,1
jsa,1
əax,1
xoɲ,2
iud,1
aŋn,1
ŋni,1
apɡ,1
pɡu,1
ohr,6
hro,6
lfə,4
fəu,4
ash,1
shə,1
utb,1
uia,1
ətf,3
tfa,3
faɡ,3
hd͡ʑu,1
app,20
ppə,20
iŋj,1
ŋja,1
uht,3
htu,3
lsu,2
olɡ,2
lɡo,2
unp,1
ɡiu,2
ulr,2
lra,2
uss,1
iŋb,1
əkd͡ʑ,2
kd͡ʑə,2
mhi,1
ufu,1
loi,2
əof,1
əsl,1
jod,1
urd,1
xuz,1
ukŋ,1
kŋə,1
iih,1
t͡ɕih,2
xəu,4
usd,1
tja,1
ird,1
ləo,1
əop,1
ɲao,1
aor,1
atw,1
twa,1
